Timestamp,User Count,Type,Name,Requests/s,Failures/s,50%,66%,75%,80%,90%,95%,98%,99%,99.9%,99.99%,100%,Total Request Count,Total Failure Count,Total Median Response Time,Total Average Response Time,Total Min Response Time,Total Max Response Time,Total Average Content Size
1789531047,0,,Aggregated,0.000000,0.000000,N/A,N/A,N/A,N/A,N/A,N/A,N/A,N/A,N/A,N/A,N/A,0,0,0,0.0,0,0,0
1789531048,5,,Aggregated,0.000000,0.000000,N/A,N/A,N/A,N/A,N/A,N/A,N/A,N/A,N/A,N/A,N/A,0,0,0,0.0,0,0,0
1789531049,5,,Aggregated,0.000000,0.000000,N/A,N/A,N/A,N/A,N/A,N/A,N/A,N/A,N/A,N/A,N/A,0,0,0,0.0,0,0,0
1789531050,5,,Aggregated,0.000000,0.000000,N/A,N/A,N/A,N/A,N/A,N/A,N/A,N/A,N/A,N/A,N/A,0,0,0,0.0,0,0,0
1789531051,5,,Aggregated,0.000000,0.000000,N/A,N/A,N/A,N/A,N/A,N/A,N/A,N/A,N/A,N/A,N/A,0,0,0,0.0,0,0,0
1789531052,5,GET,/api/find-carparks,0.000000,0.000000,0,0,0,0,0,0,0,0,0,0,0,1,0,4340.5387999955565,4340.5387999955565,4340.5387999955565,4340.5387999955565,535.0
1789531052,5,,Aggregated,0.000000,0.000000,4300,4300,4300,4300,4300,4300,4300,4300,4300,4300,4300,1,0,4340.5387999955565,4340.5387999955565,4340.5387999955565,4340.5387999955565,535.0
1789531053,5,GET,/api/annotate-carpark,0.000000,0.000000,0,0,0,0,0,0,0,0,0,0,0,1,0,5261.430199956521,5261.430199956521,5261.430199956521,5261.430199956521,296857.0
1789531053,5,GET,/api/find-carparks,0.000000,0.000000,4300,4300,4300,4300,4300,4300,4300,4300,4300,4300,4300,1,0,4340.5387999955565,4340.5387999955565,4340.5387999955565,4340.5387999955565,535.0
1789531053,5,,Aggregated,0.000000,0.000000,5300,5300,5300,5300,5300,5300,5300,5300,5300,5300,5300,2,0,4340.5387999955565,4800.984499976039,4340.5387999955565,5261.430199956521,148696.0
1789531054,5,GET,/api/annotate-carpark,0.000000,0.000000,5300,5300,5300,5300,5300,5300,5300,5300,5300,5300,5300,1,0,5261.430199956521,5261.430199956521,5261.430199956521,5261.430199956521,296857.0
1789531054,5,GET,/api/find-carparks,0.000000,0.000000,4300,4300,4300,4300,4300,4300,4300,4300,4300,4300,4300,1,0,4340.5387999955565,4340.5387999955565,4340.5387999955565,4340.5387999955565,535.0
1789531054,5,,Aggregated,0.000000,0.000000,5300,5300,5300,5300,5300,5300,5300,5300,5300,5300,5300,2,0,4340.5387999955565,4800.984499976039,4340.5387999955565,5261.430199956521,148696.0
1789531055,5,GET,/api/annotate-carpark,0.000000,0.000000,5300,5300,5300,5300,5300,5300,5300,5300,5300,5300,5300,1,0,5261.430199956521,5261.430199956521,5261.430199956521,5261.430199956521,296857.0
1789531055,5,GET,/api/find-carparks,0.000000,0.000000,4300,4300,4300,4300,4300,4300,4300,4300,4300,4300,4300,1,0,4340.5387999955565,4340.5387999955565,4340.5387999955565,4340.5387999955565,535.0
1789531055,5,,Aggregated,0.000000,0.000000,5300,5300,5300,5300,5300,5300,5300,5300,5300,5300,5300,2,0,4340.5387999955565,4800.984499976039,4340.5387999955565,5261.430199956521,148696.0
1789531056,5,GET,/api/annotate-carpark,0.142857,0.000000,5300,5300,5300,5300,5300,5300,5300,5300,5300,5300,5300,1,0,5261.430199956521,5261.430199956521,5261.430199956521,5261.430199956521,296857.0
1789531056,5,GET,/api/find-carparks,0.142857,0.000000,8800,8800,8800,8800,8800,8800,8800,8800,8800,8800,8800,2,0,4340.5387999955565,6591.980149969459,4340.5387999955565,8843.42149994336,536.5
1789531056,5,,Aggregated,0.285714,0.000000,5300,5300,8800,8800,8800,8800,8800,8800,8800,8800,8800,3,0,5300.0,6148.463499965146,4340.5387999955565,8843.42149994336,99310.0
1789531057,5,GET,/api/annotate-carpark,0.142857,0.000000,5300,5300,5300,5300,5300,5300,5300,5300,5300,5300,5300,1,0,5261.430199956521,5261.430199956521,5261.430199956521,5261.430199956521,296857.0
1789531057,5,GET,/api/find-carparks,0.142857,0.000000,8800,8800,8800,8800,8800,8800,8800,8800,8800,8800,8800,2,0,4340.5387999955565,6591.980149969459,4340.5387999955565,8843.42149994336,536.5
1789531057,5,,Aggregated,0.285714,0.000000,5300,5300,8800,8800,8800,8800,8800,8800,8800,8800,8800,3,0,5300.0,6148.463499965146,4340.5387999955565,8843.42149994336,99310.0
1789531058,5,GET,/api/annotate-carpark,0.142857,0.000000,5300,5300,5300,5300,5300,5300,5300,5300,5300,5300,5300,1,0,5261.430199956521,5261.430199956521,5261.430199956521,5261.430199956521,296857.0
1789531058,5,GET,/api/find-carparks,0.142857,0.000000,8800,8800,8800,8800,8800,8800,8800,8800,8800,8800,8800,2,0,4340.5387999955565,6591.980149969459,4340.5387999955565,8843.42149994336,536.5
1789531058,5,,Aggregated,0.285714,0.000000,5300,5300,8800,8800,8800,8800,8800,8800,8800,8800,8800,3,0,5300.0,6148.463499965146,4340.5387999955565,8843.42149994336,99310.0
1789531059,5,GET,/api/annotate-carpark,0.142857,0.000000,5300,5300,5300,5300,5300,5300,5300,5300,5300,5300,5300,1,0,5261.430199956521,5261.430199956521,5261.430199956521,5261.430199956521,296857.0
1789531059,5,GET,/api/find-carparks,0.142857,0.000000,8800,8800,8800,8800,8800,8800,8800,8800,8800,8800,8800,2,0,4340.5387999955565,6591.980149969459,4340.5387999955565,8843.42149994336,536.5
1789531059,5,,Aggregated,0.285714,0.000000,5300,5300,8800,8800,8800,8800,8800,8800,8800,8800,8800,3,0,5300.0,6148.463499965146,4340.5387999955565,8843.42149994336,99310.0
1789531060,5,GET,/api/annotate-carpark,0.100000,0.000000,5300,5300,5300,5300,5300,5300,5300,5300,5300,5300,5300,1,0,5261.430199956521,5261.430199956521,5261.430199956521,5261.430199956521,296857.0
1789531060,5,GET,/api/find-carparks,0.200000,0.000000,8800,8800,13000,13000,13000,13000,13000,13000,13000,13000,13000,3,0,8800.0,8672.056233316349,4340.5387999955565,12832.208400010131,538.6666666666666
1789531060,5,,Aggregated,0.300000,0.000000,8800,8800,13000,13000,13000,13000,13000,13000,13000,13000,13000,4,0,5300.0,7819.3997249763925,4340.5387999955565,12832.208400010131,74618.25
1789531061,5,GET,/api/annotate-carpark,0.100000,0.000000,5300,5300,5300,5300,5300,5300,5300,5300,5300,5300,5300,1,0,5261.430199956521,5261.430199956521,5261.430199956521,5261.430199956521,296857.0
1789531061,5,GET,/api/find-carparks,0.200000,0.000000,8800,8800,13000,13000,13000,13000,13000,13000,13000,13000,13000,3,0,8800.0,8672.056233316349,4340.5387999955565,12832.208400010131,538.6666666666666
1789531061,5,,Aggregated,0.300000,0.000000,8800,8800,13000,13000,13000,13000,13000,13000,13000,13000,13000,4,0,5300.0,7819.3997249763925,4340.5387999955565,12832.208400010131,74618.25
1789531062,5,GET,/api/annotate-carpark,0.100000,0.000000,5300,5300,5300,5300,5300,5300,5300,5300,5300,5300,5300,1,0,5261.430199956521,5261.430199956521,5261.430199956521,5261.430199956521,296857.0
1789531062,5,GET,/api/find-carparks,0.200000,0.000000,8800,8800,13000,13000,13000,13000,13000,13000,13000,13000,13000,3,0,8800.0,8672.056233316349,4340.5387999955565,12832.208400010131,538.6666666666666
1789531062,5,,Aggregated,0.300000,0.000000,8800,8800,13000,13000,13000,13000,13000,13000,13000,13000,13000,4,0,5300.0,7819.3997249763925,4340.5387999955565,12832.208400010131,74618.25
1789531063,5,GET,/api/annotate-carpark,0.100000,0.000000,5300,5300,5300,5300,5300,5300,5300,5300,5300,5300,5300,1,0,5261.430199956521,5261.430199956521,5261.430199956521,5261.430199956521,296857.0
1789531063,5,GET,/api/find-carparks,0.200000,0.000000,8800,8800,13000,13000,13000,13000,13000,13000,13000,13000,13000,3,0,8800.0,8672.056233316349,4340.5387999955565,12832.208400010131,538.6666666666666
1789531063,5,,Aggregated,0.300000,0.000000,8800,8800,13000,13000,13000,13000,13000,13000,13000,13000,13000,4,0,5300.0,7819.3997249763925,4340.5387999955565,12832.208400010131,74618.25
1789531064,5,GET,/api/annotate-carpark,0.100000,0.000000,5300,5300,5300,5300,5300,5300,5300,5300,5300,5300,5300,1,0,5261.430199956521,5261.430199956521,5261.430199956521,5261.430199956521,296857.0
1789531064,5,GET,/api/find-carparks,0.300000,0.000000,13000,13000,17000,17000,17000,17000,17000,17000,17000,17000,17000,4,0,8800.0,10712.626900000032,4340.5387999955565,16834.33890005108,538.0
1789531064,5,,Aggregated,0.400000,0.000000,13000,13000,17000,17000,17000,17000,17000,17000,17000,17000,17000,5,0,8800.0,9622.38755999133,4340.5387999955565,16834.33890005108,59801.8
1789531065,5,GET,/api/annotate-carpark,0.100000,0.000000,5300,5300,5300,5300,5300,5300,5300,5300,5300,5300,5300,1,0,5261.430199956521,5261.430199956521,5261.430199956521,5261.430199956521,296857.0
1789531065,5,GET,/api/find-carparks,0.300000,0.000000,13000,13000,17000,17000,17000,17000,17000,17000,17000,17000,17000,4,0,8800.0,10712.626900000032,4340.5387999955565,16834.33890005108,538.0
1789531065,5,,Aggregated,0.400000,0.000000,13000,13000,17000,17000,17000,17000,17000,17000,17000,17000,17000,5,0,8800.0,9622.38755999133,4340.5387999955565,16834.33890005108,59801.8
1789531066,5,GET,/api/annotate-carpark,0.100000,0.000000,5300,5300,5300,5300,5300,5300,5300,5300,5300,5300,5300,1,0,5261.430199956521,5261.430199956521,5261.430199956521,5261.430199956521,296857.0
1789531066,5,GET,/api/find-carparks,0.300000,0.000000,13000,13000,17000,17000,17000,17000,17000,17000,17000,17000,17000,4,0,8800.0,10712.626900000032,4340.5387999955565,16834.33890005108,538.0
1789531066,5,,Aggregated,0.400000,0.000000,13000,13000,17000,17000,17000,17000,17000,17000,17000,17000,17000,5,0,8800.0,9622.38755999133,4340.5387999955565,16834.33890005108,59801.8
1789531067,5,GET,/api/annotate-carpark,0.100000,0.000000,5300,5300,5300,5300,5300,5300,5300,5300,5300,5300,5300,1,0,5261.430199956521,5261.430199956521,5261.430199956521,5261.430199956521,296857.0
1789531067,5,GET,/api/find-carparks,0.300000,0.000000,17000,17000,17000,17000,17000,17000,17000,17000,17000,17000,17000,4,0,8800.0,10712.626900000032,4340.5387999955565,16834.33890005108,538.0
1789531067,5,,Aggregated,0.400000,0.000000,17000,17000,17000,17000,17000,17000,17000,17000,17000,17000,17000,5,0,8800.0,9622.38755999133,4340.5387999955565,16834.33890005108,59801.8
1789531068,5,GET,/api/annotate-carpark,0.000000,0.000000,5300,5300,5300,5300,5300,5300,5300,5300,5300,5300,5300,1,0,5261.430199956521,5261.430199956521,5261.430199956521,5261.430199956521,296857.0
1789531068,5,GET,/api/find-carparks,0.300000,0.000000,14000,14000,17000,17000,17000,17000,17000,17000,17000,17000,17000,5,0,13000.0,11448.859780002385,4340.5387999955565,16834.33890005108,539.0
1789531068,5,,Aggregated,0.300000,0.000000,14000,14000,17000,17000,17000,17000,17000,17000,17000,17000,17000,6,0,8800.0,10417.621516661407,4340.5387999955565,16834.33890005108,49925.333333333336
1789531069,5,GET,/api/annotate-carpark,0.000000,0.000000,5300,5300,5300,5300,5300,5300,5300,5300,5300,5300,5300,1,0,5261.430199956521,5261.430199956521,5261.430199956521,5261.430199956521,296857.0
1789531069,5,GET,/api/find-carparks,0.300000,0.000000,14000,14000,17000,17000,17000,17000,17000,17000,17000,17000,17000,5,0,13000.0,11448.859780002385,4340.5387999955565,16834.33890005108,539.0
1789531069,5,,Aggregated,0.300000,0.000000,14000,14000,17000,17000,17000,17000,17000,17000,17000,17000,17000,6,0,8800.0,10417.621516661407,4340.5387999955565,16834.33890005108,49925.333333333336
1789531070,5,GET,/api/annotate-carpark,0.000000,0.000000,5300,5300,5300,5300,5300,5300,5300,5300,5300,5300,5300,1,0,5261.430199956521,5261.430199956521,5261.430199956521,5261.430199956521,296857.0
1789531070,5,GET,/api/find-carparks,0.300000,0.000000,14000,14000,17000,17000,17000,17000,17000,17000,17000,17000,17000,5,0,13000.0,11448.859780002385,4340.5387999955565,16834.33890005108,539.0
1789531070,5,,Aggregated,0.300000,0.000000,14000,14000,17000,17000,17000,17000,17000,17000,17000,17000,17000,6,0,8800.0,10417.621516661407,4340.5387999955565,16834.33890005108,49925.333333333336
1789531071,5,GET,/api/annotate-carpark,0.000000,0.000000,0,0,0,0,0,0,0,0,0,0,0,1,0,5261.430199956521,5261.430199956521,5261.430199956521,5261.430199956521,296857.0
1789531071,5,GET,/api/find-carparks,0.300000,0.000000,17000,17000,17000,17000,17000,17000,17000,17000,17000,17000,17000,5,0,13000.0,11448.859780002385,4340.5387999955565,16834.33890005108,539.0
1789531071,5,,Aggregated,0.300000,0.000000,17000,17000,17000,17000,17000,17000,17000,17000,17000,17000,17000,6,0,8800.0,10417.621516661407,4340.5387999955565,16834.33890005108,49925.333333333336
1789531072,5,GET,/api/annotate-carpark,0.000000,0.000000,0,0,0,0,0,0,0,0,0,0,0,1,0,5261.430199956521,5261.430199956521,5261.430199956521,5261.430199956521,296857.0
1789531072,5,GET,/api/find-carparks,0.300000,0.000000,17000,17000,17000,17000,17000,17000,17000,17000,17000,17000,17000,6,0,13000.0,12350.886883330531,4340.5387999955565,16861.02239997126,538.8333333333334
1789531072,5,,Aggregated,0.300000,0.000000,17000,17000,17000,17000,17000,17000,17000,17000,17000,17000,17000,7,0,13000.0,11338.107357134244,4340.5387999955565,16861.02239997126,42870.0
1789531073,5,GET,/api/annotate-carpark,0.000000,0.000000,0,0,0,0,0,0,0,0,0,0,0,1,0,5261.430199956521,5261.430199956521,5261.430199956521,5261.430199956521,296857.0
1789531073,5,GET,/api/find-carparks,0.300000,0.000000,17000,17000,17000,17000,17000,17000,17000,17000,17000,17000,17000,6,0,13000.0,12350.886883330531,4340.5387999955565,16861.02239997126,538.8333333333334
1789531073,5,,Aggregated,0.300000,0.000000,17000,17000,17000,17000,17000,17000,17000,17000,17000,17000,17000,7,0,13000.0,11338.107357134244,4340.5387999955565,16861.02239997126,42870.0
1789531074,5,GET,/api/annotate-carpark,0.000000,0.000000,0,0,0,0,0,0,0,0,0,0,0,1,0,5261.430199956521,5261.430199956521,5261.430199956521,5261.430199956521,296857.0
1789531074,5,GET,/api/find-carparks,0.300000,0.000000,17000,17000,17000,17000,17000,17000,17000,17000,17000,17000,17000,6,0,13000.0,12350.886883330531,4340.5387999955565,16861.02239997126,538.8333333333334
1789531074,5,,Aggregated,0.300000,0.000000,17000,17000,17000,17000,17000,17000,17000,17000,17000,17000,17000,7,0,13000.0,11338.107357134244,4340.5387999955565,16861.02239997126,42870.0
1789531075,5,GET,/api/annotate-carpark,0.000000,0.000000,0,0,0,0,0,0,0,0,0,0,0,1,0,5261.430199956521,5261.430199956521,5261.430199956521,5261.430199956521,296857.0
1789531075,5,GET,/api/find-carparks,0.300000,0.000000,17000,17000,17000,17000,17000,17000,17000,17000,17000,17000,17000,6,0,13000.0,12350.886883330531,4340.5387999955565,16861.02239997126,538.8333333333334
1789531075,5,,Aggregated,0.300000,0.000000,17000,17000,17000,17000,17000,17000,17000,17000,17000,17000,17000,7,0,13000.0,11338.107357134244,4340.5387999955565,16861.02239997126,42870.0
1789531076,5,GET,/api/annotate-carpark,0.000000,0.000000,0,0,0,0,0,0,0,0,0,0,0,1,0,5261.430199956521,5261.430199956521,5261.430199956521,5261.430199956521,296857.0
1789531076,5,GET,/api/find-carparks,0.300000,0.000000,17000,17000,19000,19000,19000,19000,19000,19000,19000,19000,19000,7,0,14000.0,13266.491771426185,4340.5387999955565,18760.121100000106,538.2857142857143
1789531076,5,,Aggregated,0.300000,0.000000,17000,17000,19000,19000,19000,19000,19000,19000,19000,19000,19000,8,0,13000.0,12265.859074992477,4340.5387999955565,18760.121100000106,37578.125
1789531077,5,GET,/api/annotate-carpark,0.000000,0.000000,0,0,0,0,0,0,0,0,0,0,0,1,0,5261.430199956521,5261.430199956521,5261.430199956521,5261.430199956521,296857.0
1789531077,5,GET,/api/find-carparks,0.300000,0.000000,17000,17000,19000,19000,19000,19000,19000,19000,19000,19000,19000,7,0,14000.0,13266.491771426185,4340.5387999955565,18760.121100000106,538.2857142857143
1789531077,5,,Aggregated,0.300000,0.000000,17000,17000,19000,19000,19000,19000,19000,19000,19000,19000,19000,8,0,13000.0,12265.859074992477,4340.5387999955565,18760.121100000106,37578.125
1789531078,5,GET,/api/annotate-carpark,0.000000,0.000000,0,0,0,0,0,0,0,0,0,0,0,1,0,5261.430199956521,5261.430199956521,5261.430199956521,5261.430199956521,296857.0
1789531078,5,GET,/api/find-carparks,0.300000,0.000000,17000,17000,19000,19000,19000,19000,19000,19000,19000,19000,19000,7,0,14000.0,13266.491771426185,4340.5387999955565,18760.121100000106,538.2857142857143
1789531078,5,,Aggregated,0.300000,0.000000,17000,17000,19000,19000,19000,19000,19000,19000,19000,19000,19000,8,0,13000.0,12265.859074992477,4340.5387999955565,18760.121100000106,37578.125
1789531079,5,GET,/api/annotate-carpark,0.000000,0.000000,0,0,0,0,0,0,0,0,0,0,0,1,0,5261.430199956521,5261.430199956521,5261.430199956521,5261.430199956521,296857.0
1789531079,5,GET,/api/find-carparks,0.300000,0.000000,19000,19000,19000,19000,19000,19000,19000,19000,19000,19000,19000,7,0,14000.0,13266.491771426185,4340.5387999955565,18760.121100000106,538.2857142857143
1789531079,5,,Aggregated,0.300000,0.000000,19000,19000,19000,19000,19000,19000,19000,19000,19000,19000,19000,8,0,13000.0,12265.859074992477,4340.5387999955565,18760.121100000106,37578.125
1789531080,5,GET,/api/annotate-carpark,0.000000,0.000000,0,0,0,0,0,0,0,0,0,0,0,1,0,5261.430199956521,5261.430199956521,5261.430199956521,5261.430199956521,296857.0
1789531080,5,GET,/api/find-carparks,0.300000,0.000000,17000,17000,19000,19000,19000,19000,19000,19000,19000,19000,19000,8,0,14000.0,13767.898612495628,4340.5387999955565,18760.121100000106,539.125
1789531080,5,,Aggregated,0.300000,0.000000,17000,17000,19000,19000,19000,19000,19000,19000,19000,19000,19000,9,0,14000.0,12822.73545554684,4340.5387999955565,18760.121100000106,33463.333333333336
1789531081,5,GET,/api/annotate-carpark,0.000000,0.000000,0,0,0,0,0,0,0,0,0,0,0,1,0,5261.430199956521,5261.430199956521,5261.430199956521,5261.430199956521,296857.0
1789531081,5,GET,/api/find-carparks,0.300000,0.000000,17000,17000,19000,19000,19000,19000,19000,19000,19000,19000,19000,8,0,14000.0,13767.898612495628,4340.5387999955565,18760.121100000106,539.125
1789531081,5,,Aggregated,0.300000,0.000000,17000,17000,19000,19000,19000,19000,19000,19000,19000,19000,19000,9,0,14000.0,12822.73545554684,4340.5387999955565,18760.121100000106,33463.333333333336
1789531082,5,GET,/api/annotate-carpark,0.000000,0.000000,0,0,0,0,0,0,0,0,0,0,0,1,0,5261.430199956521,5261.430199956521,5261.430199956521,5261.430199956521,296857.0
1789531082,5,GET,/api/find-carparks,0.300000,0.000000,17000,17000,19000,19000,19000,19000,19000,19000,19000,19000,19000,8,0,14000.0,13767.898612495628,4340.5387999955565,18760.121100000106,539.125
1789531082,5,,Aggregated,0.300000,0.000000,17000,17000,19000,19000,19000,19000,19000,19000,19000,19000,19000,9,0,14000.0,12822.73545554684,4340.5387999955565,18760.121100000106,33463.333333333336
1789531083,5,GET,/api/annotate-carpark,0.000000,0.000000,0,0,0,0,0,0,0,0,0,0,0,1,0,5261.430199956521,5261.430199956521,5261.430199956521,5261.430199956521,296857.0
1789531083,5,GET,/api/find-carparks,0.300000,0.000000,19000,19000,19000,19000,19000,19000,19000,19000,19000,19000,19000,8,0,14000.0,13767.898612495628,4340.5387999955565,18760.121100000106,539.125
1789531083,5,,Aggregated,0.300000,0.000000,19000,19000,19000,19000,19000,19000,19000,19000,19000,19000,19000,9,0,14000.0,12822.73545554684,4340.5387999955565,18760.121100000106,33463.333333333336
1789531084,5,GET,/api/annotate-carpark,0.000000,0.000000,0,0,0,0,0,0,0,0,0,0,0,1,0,5261.430199956521,5261.430199956521,5261.430199956521,5261.430199956521,296857.0
1789531084,5,GET,/api/find-carparks,0.300000,0.000000,17000,17000,19000,19000,19000,19000,19000,19000,19000,19000,19000,9,0,17000.0,14112.524622223444,4340.5387999955565,18760.121100000106,539.0
1789531084,5,,Aggregated,0.300000,0.000000,17000,17000,19000,19000,19000,19000,19000,19000,19000,19000,19000,10,0,14000.0,13227.415179996751,4340.5387999955565,18760.121100000106,30170.8
1789531085,5,GET,/api/annotate-carpark,0.000000,0.000000,0,0,0,0,0,0,0,0,0,0,0,1,0,5261.430199956521,5261.430199956521,5261.430199956521,5261.430199956521,296857.0
1789531085,5,GET,/api/find-carparks,0.300000,0.000000,17000,17000,19000,19000,19000,19000,19000,19000,19000,19000,19000,9,0,17000.0,14112.524622223444,4340.5387999955565,18760.121100000106,539.0
1789531085,5,,Aggregated,0.300000,0.000000,17000,17000,19000,19000,19000,19000,19000,19000,19000,19000,19000,10,0,14000.0,13227.415179996751,4340.5387999955565,18760.121100000106,30170.8
1789531086,5,GET,/api/annotate-carpark,0.000000,0.000000,0,0,0,0,0,0,0,0,0,0,0,1,0,5261.430199956521,5261.430199956521,5261.430199956521,5261.430199956521,296857.0
1789531086,5,GET,/api/find-carparks,0.300000,0.000000,17000,17000,19000,19000,19000,19000,19000,19000,19000,19000,19000,9,0,17000.0,14112.524622223444,4340.5387999955565,18760.121100000106,539.0
1789531086,5,,Aggregated,0.300000,0.000000,17000,17000,19000,19000,19000,19000,19000,19000,19000,19000,19000,10,0,14000.0,13227.415179996751,4340.5387999955565,18760.121100000106,30170.8
1789531087,5,GET,/api/annotate-carpark,0.000000,0.000000,0,0,0,0,0,0,0,0,0,0,0,1,0,5261.430199956521,5261.430199956521,5261.430199956521,5261.430199956521,296857.0
1789531087,5,GET,/api/find-carparks,0.300000,0.000000,17000,17000,18000,18000,18000,18000,18000,18000,18000,18000,18000,10,0,17000.0,14458.168649999425,4340.5387999955565,18760.121100000106,539.2
1789531087,5,,Aggregated,0.300000,0.000000,17000,17000,18000,18000,18000,18000,18000,18000,18000,18000,18000,11,0,17000.0,13622.101518177342,4340.5387999955565,18760.121100000106,27477.18181818182
1789531088,5,GET,/api/annotate-carpark,0.000000,0.000000,0,0,0,0,0,0,0,0,0,0,0,1,0,5261.430199956521,5261.430199956521,5261.430199956521,5261.430199956521,296857.0
1789531088,5,GET,/api/find-carparks,0.300000,0.000000,17000,17000,18000,18000,18000,18000,18000,18000,18000,18000,18000,10,0,17000.0,14458.168649999425,4340.5387999955565,18760.121100000106,539.2
1789531088,5,,Aggregated,0.300000,0.000000,17000,17000,18000,18000,18000,18000,18000,18000,18000,18000,18000,11,0,17000.0,13622.101518177342,4340.5387999955565,18760.121100000106,27477.18181818182
1789531089,5,GET,/api/annotate-carpark,0.000000,0.000000,0,0,0,0,0,0,0,0,0,0,0,1,0,5261.430199956521,5261.430199956521,5261.430199956521,5261.430199956521,296857.0
1789531089,5,GET,/api/find-carparks,0.300000,0.000000,17000,17000,18000,18000,18000,18000,18000,18000,18000,18000,18000,10,0,17000.0,14458.168649999425,4340.5387999955565,18760.121100000106,539.2
1789531089,5,,Aggregated,0.300000,0.000000,17000,17000,18000,18000,18000,18000,18000,18000,18000,18000,18000,11,0,17000.0,13622.101518177342,4340.5387999955565,18760.121100000106,27477.18181818182
1789531090,5,GET,/api/annotate-carpark,0.000000,0.000000,0,0,0,0,0,0,0,0,0,0,0,1,0,5261.430199956521,5261.430199956521,5261.430199956521,5261.430199956521,296857.0
1789531090,5,GET,/api/find-carparks,0.300000,0.000000,17000,17000,18000,18000,18000,18000,18000,18000,18000,18000,18000,10,0,17000.0,14458.168649999425,4340.5387999955565,18760.121100000106,539.2
1789531090,5,,Aggregated,0.300000,0.000000,17000,17000,18000,18000,18000,18000,18000,18000,18000,18000,18000,11,0,17000.0,13622.101518177342,4340.5387999955565,18760.121100000106,27477.18181818182
1789531091,5,GET,/api/annotate-carpark,0.000000,0.000000,0,0,0,0,0,0,0,0,0,0,0,1,0,5261.430199956521,5261.430199956521,5261.430199956521,5261.430199956521,296857.0
1789531091,5,GET,/api/find-carparks,0.300000,0.000000,18000,18000,18000,18000,18000,18000,18000,18000,18000,18000,18000,11,0,17000.0,14761.694727275013,4340.5387999955565,18760.121100000106,538.7272727272727
1789531091,5,,Aggregated,0.300000,0.000000,18000,18000,18000,18000,18000,18000,18000,18000,18000,18000,18000,12,0,17000.0,13970.006016665138,4340.5387999955565,18760.121100000106,25231.916666666668
1789531092,5,GET,/api/annotate-carpark,0.000000,0.000000,0,0,0,0,0,0,0,0,0,0,0,1,0,5261.430199956521,5261.430199956521,5261.430199956521,5261.430199956521,296857.0
1789531092,5,GET,/api/find-carparks,0.300000,0.000000,18000,18000,18000,18000,18000,18000,18000,18000,18000,18000,18000,11,0,17000.0,14761.694727275013,4340.5387999955565,18760.121100000106,538.7272727272727
1789531092,5,,Aggregated,0.300000,0.000000,18000,18000,18000,18000,18000,18000,18000,18000,18000,18000,18000,12,0,17000.0,13970.006016665138,4340.5387999955565,18760.121100000106,25231.916666666668
1789531093,5,GET,/api/annotate-carpark,0.000000,0.000000,0,0,0,0,0,0,0,0,0,0,0,1,0,5261.430199956521,5261.430199956521,5261.430199956521,5261.430199956521,296857.0
1789531093,5,GET,/api/find-carparks,0.300000,0.000000,18000,18000,18000,18000,18000,18000,18000,18000,18000,18000,18000,11,0,17000.0,14761.694727275013,4340.5387999955565,18760.121100000106,538.7272727272727
1789531093,5,,Aggregated,0.300000,0.000000,18000,18000,18000,18000,18000,18000,18000,18000,18000,18000,18000,12,0,17000.0,13970.006016665138,4340.5387999955565,18760.121100000106,25231.916666666668
1789531094,5,GET,/api/annotate-carpark,0.000000,0.000000,0,0,0,0,0,0,0,0,0,0,0,1,0,5261.430199956521,5261.430199956521,5261.430199956521,5261.430199956521,296857.0
1789531094,5,GET,/api/find-carparks,0.300000,0.000000,18000,18000,18000,18000,18000,18000,18000,18000,18000,18000,18000,11,0,17000.0,14761.694727275013,4340.5387999955565,18760.121100000106,538.7272727272727
1789531094,5,,Aggregated,0.300000,0.000000,18000,18000,18000,18000,18000,18000,18000,18000,18000,18000,18000,12,0,17000.0,13970.006016665138,4340.5387999955565,18760.121100000106,25231.916666666668
1789531095,5,GET,/api/annotate-carpark,0.000000,0.000000,0,0,0,0,0,0,0,0,0,0,0,1,0,5261.430199956521,5261.430199956521,5261.430199956521,5261.430199956521,296857.0
1789531095,5,GET,/api/find-carparks,0.300000,0.000000,18000,18000,18000,18000,18000,18000,18000,18000,18000,18000,18000,12,0,17000.0,15054.284500006665,4340.5387999955565,18760.121100000106,538.5
1789531095,5,,Aggregated,0.300000,0.000000,18000,18000,18000,18000,18000,18000,18000,18000,18000,18000,18000,13,0,17000.0,14300.988015387422,4340.5387999955565,18760.121100000106,23332.23076923077
1789531096,5,GET,/api/annotate-carpark,0.000000,0.000000,0,0,0,0,0,0,0,0,0,0,0,1,0,5261.430199956521,5261.430199956521,5261.430199956521,5261.430199956521,296857.0
1789531096,5,GET,/api/find-carparks,0.300000,0.000000,18000,18000,18000,18000,18000,18000,18000,18000,18000,18000,18000,12,0,17000.0,15054.284500006665,4340.5387999955565,18760.121100000106,538.5
1789531096,5,,Aggregated,0.300000,0.000000,18000,18000,18000,18000,18000,18000,18000,18000,18000,18000,18000,13,0,17000.0,14300.988015387422,4340.5387999955565,18760.121100000106,23332.23076923077
1789531097,5,GET,/api/annotate-carpark,0.000000,0.000000,0,0,0,0,0,0,0,0,0,0,0,1,0,5261.430199956521,5261.430199956521,5261.430199956521,5261.430199956521,296857.0
1789531097,5,GET,/api/find-carparks,0.300000,0.000000,18000,18000,18000,18000,18000,18000,18000,18000,18000,18000,18000,12,0,17000.0,15054.284500006665,4340.5387999955565,18760.121100000106,538.5
1789531097,5,,Aggregated,0.300000,0.000000,18000,18000,18000,18000,18000,18000,18000,18000,18000,18000,18000,13,0,17000.0,14300.988015387422,4340.5387999955565,18760.121100000106,23332.23076923077
1789531098,5,GET,/api/annotate-carpark,0.000000,0.000000,0,0,0,0,0,0,0,0,0,0,0,1,0,5261.430199956521,5261.430199956521,5261.430199956521,5261.430199956521,296857.0
1789531098,5,GET,/api/find-carparks,0.300000,0.000000,18000,18000,18000,18000,18000,18000,18000,18000,18000,18000,18000,12,0,17000.0,15054.284500006665,4340.5387999955565,18760.121100000106,538.5
1789531098,5,,Aggregated,0.300000,0.000000,18000,18000,18000,18000,18000,18000,18000,18000,18000,18000,18000,13,0,17000.0,14300.988015387422,4340.5387999955565,18760.121100000106,23332.23076923077
1789531099,5,GET,/api/annotate-carpark,0.000000,0.000000,0,0,0,0,0,0,0,0,0,0,0,1,0,5261.430199956521,5261.430199956521,5261.430199956521,5261.430199956521,296857.0
1789531099,5,GET,/api/find-carparks,0.300000,0.000000,18000,18000,18000,18000,18000,18000,18000,18000,18000,18000,18000,13,0,17000.0,15168.75241539226,4340.5387999955565,18760.121100000106,539.0769230769231
1789531099,5,,Aggregated,0.300000,0.000000,18000,18000,18000,18000,18000,18000,18000,18000,18000,18000,18000,14,0,17000.0,14461.086542861138,4340.5387999955565,18760.121100000106,21704.64285714286
1789531100,5,GET,/api/annotate-carpark,0.000000,0.000000,0,0,0,0,0,0,0,0,0,0,0,2,0,5300.0,9891.631399979815,5261.430199956521,14521.832600003108,274650.0
1789531100,5,GET,/api/find-carparks,0.200000,0.000000,18000,18000,18000,18000,18000,18000,18000,18000,18000,18000,18000,13,0,17000.0,15168.75241539226,4340.5387999955565,18760.121100000106,539.0769230769231
1789531100,5,,Aggregated,0.200000,0.000000,18000,18000,18000,18000,18000,18000,18000,18000,18000,18000,18000,15,0,17000.0,14465.136280003935,4340.5387999955565,18760.121100000106,37087.2
1789531101,5,GET,/api/annotate-carpark,0.000000,0.000000,11000,11000,15000,15000,15000,15000,15000,15000,15000,15000,15000,4,0,7600.0,9571.706199989421,5261.430199956521,14521.832600003108,270920.5
1789531101,5,GET,/api/find-carparks,0.200000,0.000000,18000,18000,18000,18000,18000,18000,18000,18000,18000,18000,18000,13,0,17000.0,15168.75241539226,4340.5387999955565,18760.121100000106,539.0769230769231
1789531101,5,,Aggregated,0.200000,0.000000,17000,17000,18000,18000,18000,18000,18000,18000,18000,18000,18000,17,0,17000.0,13851.800364709241,4340.5387999955565,18760.121100000106,64158.23529411765
1789531102,5,GET,/api/annotate-carpark,0.000000,0.000000,11000,11000,15000,15000,15000,15000,15000,15000,15000,15000,15000,4,0,7600.0,9571.706199989421,5261.430199956521,14521.832600003108,270920.5
1789531102,5,GET,/api/find-carparks,0.200000,0.000000,18000,18000,18000,18000,18000,18000,18000,18000,18000,18000,18000,13,0,17000.0,15168.75241539226,4340.5387999955565,18760.121100000106,539.0769230769231
1789531102,5,,Aggregated,0.200000,0.000000,17000,17000,18000,18000,18000,18000,18000,18000,18000,18000,18000,17,0,17000.0,13851.800364709241,4340.5387999955565,18760.121100000106,64158.23529411765
1789531103,5,GET,/api/annotate-carpark,0.000000,0.000000,11000,11000,15000,15000,15000,15000,15000,15000,15000,15000,15000,4,0,7600.0,9571.706199989421,5261.430199956521,14521.832600003108,270920.5
1789531103,5,GET,/api/find-carparks,0.200000,0.000000,18000,18000,18000,18000,18000,18000,18000,18000,18000,18000,18000,13,0,17000.0,15168.75241539226,4340.5387999955565,18760.121100000106,539.0769230769231
1789531103,5,,Aggregated,0.200000,0.000000,15000,17000,17000,18000,18000,18000,18000,18000,18000,18000,18000,17,0,17000.0,13851.800364709241,4340.5387999955565,18760.121100000106,64158.23529411765
1789531104,5,GET,/api/annotate-carpark,0.000000,0.000000,11000,11000,15000,15000,15000,15000,15000,15000,15000,15000,15000,4,0,7600.0,9571.706199989421,5261.430199956521,14521.832600003108,270920.5
1789531104,5,GET,/api/find-carparks,0.200000,0.000000,18000,18000,18000,18000,18000,18000,18000,18000,18000,18000,18000,13,0,17000.0,15168.75241539226,4340.5387999955565,18760.121100000106,539.0769230769231
1789531104,5,,Aggregated,0.200000,0.000000,15000,17000,17000,18000,18000,18000,18000,18000,18000,18000,18000,17,0,17000.0,13851.800364709241,4340.5387999955565,18760.121100000106,64158.23529411765
1789531105,5,GET,/api/annotate-carpark,0.300000,0.000000,11000,11000,15000,15000,15000,15000,15000,15000,15000,15000,15000,4,0,7600.0,9571.706199989421,5261.430199956521,14521.832600003108,270920.5
1789531105,5,GET,/api/find-carparks,0.200000,0.000000,17000,17000,18000,18000,18000,18000,18000,18000,18000,18000,18000,14,0,17000.0,14693.34770714964,4340.5387999955565,18760.121100000106,539.2142857142857
1789531105,5,,Aggregated,0.500000,0.000000,15000,15000,17000,17000,18000,18000,18000,18000,18000,18000,18000,18,0,15000.0,13555.205150002925,4340.5387999955565,18760.121100000106,60623.944444444445
1789531106,5,GET,/api/annotate-carpark,0.300000,0.000000,11000,11000,15000,15000,15000,15000,15000,15000,15000,15000,15000,4,0,7600.0,9571.706199989421,5261.430199956521,14521.832600003108,270920.5
1789531106,5,GET,/api/find-carparks,0.200000,0.000000,17000,17000,18000,18000,18000,18000,18000,18000,18000,18000,18000,14,0,17000.0,14693.34770714964,4340.5387999955565,18760.121100000106,539.2142857142857
1789531106,5,,Aggregated,0.500000,0.000000,15000,15000,17000,17000,18000,18000,18000,18000,18000,18000,18000,18,0,15000.0,13555.205150002925,4340.5387999955565,18760.121100000106,60623.944444444445
1789531107,5,GET,/api/annotate-carpark,0.300000,0.000000,11000,11000,15000,15000,15000,15000,15000,15000,15000,15000,15000,4,0,7600.0,9571.706199989421,5261.430199956521,14521.832600003108,270920.5
1789531107,5,GET,/api/find-carparks,0.200000,0.000000,17000,17000,17000,17000,17000,17000,17000,17000,17000,17000,17000,14,0,17000.0,14693.34770714964,4340.5387999955565,18760.121100000106,539.2142857142857
1789531107,5,,Aggregated,0.500000,0.000000,11000,15000,15000,17000,17000,17000,17000,17000,17000,17000,17000,18,0,15000.0,13555.205150002925,4340.5387999955565,18760.121100000106,60623.944444444445
1789531108,5,GET,/api/annotate-carpark,0.300000,0.000000,11000,11000,15000,15000,15000,15000,15000,15000,15000,15000,15000,4,0,7600.0,9571.706199989421,5261.430199956521,14521.832600003108,270920.5
1789531108,5,GET,/api/find-carparks,0.200000,0.000000,17000,17000,17000,17000,17000,17000,17000,17000,17000,17000,17000,14,0,17000.0,14693.34770714964,4340.5387999955565,18760.121100000106,539.2142857142857
1789531108,5,,Aggregated,0.500000,0.000000,11000,15000,15000,17000,17000,17000,17000,17000,17000,17000,17000,18,0,15000.0,13555.205150002925,4340.5387999955565,18760.121100000106,60623.944444444445
1789531109,5,GET,/api/annotate-carpark,0.300000,0.000000,11000,11000,15000,15000,15000,15000,15000,15000,15000,15000,15000,4,0,7600.0,9571.706199989421,5261.430199956521,14521.832600003108,270920.5
1789531109,5,GET,/api/find-carparks,0.200000,0.000000,8500,8500,17000,17000,17000,17000,17000,17000,17000,17000,17000,15,0,17000.0,14253.991020012958,4340.5387999955565,18760.121100000106,539.1333333333333
1789531109,5,,Aggregated,0.500000,0.000000,8500,11000,11000,15000,15000,15000,15000,15000,15000,15000,15000,19,0,15000.0,13268.246847376424,4340.5387999955565,18760.121100000106,57461.52631578947
1789531110,5,GET,/api/annotate-carpark,0.300000,0.000000,7700,7700,7700,7700,7700,7700,7700,7700,7700,7700,7700,5,0,7700.0,9201.520199980587,5261.430199956521,14521.832600003108,263900.2
1789531110,5,GET,/api/find-carparks,0.200000,0.000000,8500,8500,17000,17000,17000,17000,17000,17000,17000,17000,17000,15,0,17000.0,14253.991020012958,4340.5387999955565,18760.121100000106,539.1333333333333
1789531110,5,,Aggregated,0.500000,0.000000,8100,8100,8500,8500,8500,8500,8500,8500,8500,8500,8500,20,0,14000.0,12990.873315004865,4340.5387999955565,18760.121100000106,66379.4
1789531111,5,GET,/api/annotate-carpark,0.300000,0.000000,7700,7700,7700,7700,7700,7700,7700,7700,7700,7700,7700,5,0,7700.0,9201.520199980587,5261.430199956521,14521.832600003108,263900.2
1789531111,5,GET,/api/find-carparks,0.200000,0.000000,8500,8500,17000,17000,17000,17000,17000,17000,17000,17000,17000,15,0,17000.0,14253.991020012958,4340.5387999955565,18760.121100000106,539.1333333333333
1789531111,5,,Aggregated,0.500000,0.000000,8100,8100,8500,8500,8500,8500,8500,8500,8500,8500,8500,20,0,14000.0,12990.873315004865,4340.5387999955565,18760.121100000106,66379.4
1789531112,5,GET,/api/annotate-carpark,0.300000,0.000000,7700,7700,7700,7700,7700,7700,7700,7700,7700,7700,7700,5,0,7700.0,9201.520199980587,5261.430199956521,14521.832600003108,263900.2
1789531112,5,GET,/api/find-carparks,0.200000,0.000000,8500,8500,8500,8500,8500,8500,8500,8500,8500,8500,8500,15,0,17000.0,14253.991020012958,4340.5387999955565,18760.121100000106,539.1333333333333
1789531112,5,,Aggregated,0.500000,0.000000,8100,8100,8500,8500,8500,8500,8500,8500,8500,8500,8500,20,0,14000.0,12990.873315004865,4340.5387999955565,18760.121100000106,66379.4
1789531113,5,GET,/api/annotate-carpark,0.200000,0.000000,7700,7700,7700,7700,7700,7700,7700,7700,7700,7700,7700,5,0,7700.0,9201.520199980587,5261.430199956521,14521.832600003108,263900.2
1789531113,5,GET,/api/find-carparks,0.200000,0.000000,8500,8500,11000,11000,11000,11000,11000,11000,11000,11000,11000,16,0,17000.0,14040.072018768115,4340.5387999955565,18760.121100000106,539.375
1789531113,5,,Aggregated,0.400000,0.000000,8500,8500,11000,11000,11000,11000,11000,11000,11000,11000,11000,21,0,14000.0,12888.03587143775,4340.5387999955565,18760.121100000106,63244.333333333336
1789531114,5,GET,/api/annotate-carpark,0.200000,0.000000,7700,7700,7700,7700,7700,7700,7700,7700,7700,7700,7700,5,0,7700.0,9201.520199980587,5261.430199956521,14521.832600003108,263900.2
1789531114,5,GET,/api/find-carparks,0.200000,0.000000,8500,8500,11000,11000,11000,11000,11000,11000,11000,11000,11000,16,0,17000.0,14040.072018768115,4340.5387999955565,18760.121100000106,539.375
1789531114,5,,Aggregated,0.400000,0.000000,8500,8500,11000,11000,11000,11000,11000,11000,11000,11000,11000,21,0,14000.0,12888.03587143775,4340.5387999955565,18760.121100000106,63244.333333333336
1789531115,5,GET,/api/annotate-carpark,0.200000,0.000000,7700,7700,7700,7700,7700,7700,7700,7700,7700,7700,7700,5,0,7700.0,9201.520199980587,5261.430199956521,14521.832600003108,263900.2
1789531115,5,GET,/api/find-carparks,0.200000,0.000000,8500,8500,11000,11000,11000,11000,11000,11000,11000,11000,11000,16,0,17000.0,14040.072018768115,4340.5387999955565,18760.121100000106,539.375
1789531115,5,,Aggregated,0.400000,0.000000,8500,8500,11000,11000,11000,11000,11000,11000,11000,11000,11000,21,0,14000.0,12888.03587143775,4340.5387999955565,18760.121100000106,63244.333333333336
1789531116,5,GET,/api/annotate-carpark,0.200000,0.000000,7700,7700,7700,7700,7700,7700,7700,7700,7700,7700,7700,5,0,7700.0,9201.520199980587,5261.430199956521,14521.832600003108,263900.2
1789531116,5,GET,/api/find-carparks,0.200000,0.000000,8500,8500,11000,11000,11000,11000,11000,11000,11000,11000,11000,16,0,17000.0,14040.072018768115,4340.5387999955565,18760.121100000106,539.375
1789531116,5,,Aggregated,0.400000,0.000000,8500,8500,11000,11000,11000,11000,11000,11000,11000,11000,11000,21,0,14000.0,12888.03587143775,4340.5387999955565,18760.121100000106,63244.333333333336
1789531117,10,GET,/api/annotate-carpark,0.100000,0.000000,7700,7700,7700,7700,7700,7700,7700,7700,7700,7700,7700,5,0,7700.0,9201.520199980587,5261.430199956521,14521.832600003108,263900.2
1789531117,10,GET,/api/find-carparks,0.300000,0.000000,11000,11000,14000,14000,14000,14000,14000,14000,14000,14000,14000,17,0,17000.0,14051.053988254245,4340.5387999955565,18760.121100000106,539.4117647058823
1789531117,10,,Aggregated,0.400000,0.000000,11000,11000,14000,14000,14000,14000,14000,14000,14000,14000,14000,22,0,14000.0,12948.88721819205,4340.5387999955565,18760.121100000106,60394.13636363636
1789531118,10,GET,/api/annotate-carpark,0.100000,0.000000,7700,7700,7700,7700,7700,7700,7700,7700,7700,7700,7700,5,0,7700.0,9201.520199980587,5261.430199956521,14521.832600003108,263900.2
1789531118,10,GET,/api/find-carparks,0.300000,0.000000,11000,11000,14000,14000,14000,14000,14000,14000,14000,14000,14000,17,0,17000.0,14051.053988254245,4340.5387999955565,18760.121100000106,539.4117647058823
1789531118,10,,Aggregated,0.400000,0.000000,11000,11000,14000,14000,14000,14000,14000,14000,14000,14000,14000,22,0,14000.0,12948.88721819205,4340.5387999955565,18760.121100000106,60394.13636363636
1789531119,10,GET,/api/annotate-carpark,0.100000,0.000000,7700,7700,7700,7700,7700,7700,7700,7700,7700,7700,7700,5,0,7700.0,9201.520199980587,5261.430199956521,14521.832600003108,263900.2
1789531119,10,GET,/api/find-carparks,0.300000,0.000000,11000,11000,14000,14000,14000,14000,14000,14000,14000,14000,14000,17,0,17000.0,14051.053988254245,4340.5387999955565,18760.121100000106,539.4117647058823
1789531119,10,,Aggregated,0.400000,0.000000,11000,11000,14000,14000,14000,14000,14000,14000,14000,14000,14000,22,0,14000.0,12948.88721819205,4340.5387999955565,18760.121100000106,60394.13636363636
1789531120,10,GET,/api/annotate-carpark,0.100000,0.000000,7700,7700,7700,7700,7700,7700,7700,7700,7700,7700,7700,5,0,7700.0,9201.520199980587,5261.430199956521,14521.832600003108,263900.2
1789531120,10,GET,/api/find-carparks,0.300000,0.000000,11000,11000,14000,14000,14000,14000,14000,14000,14000,14000,14000,17,0,17000.0,14051.053988254245,4340.5387999955565,18760.121100000106,539.4117647058823
1789531120,10,,Aggregated,0.400000,0.000000,11000,11000,14000,14000,14000,14000,14000,14000,14000,14000,14000,22,0,14000.0,12948.88721819205,4340.5387999955565,18760.121100000106,60394.13636363636
1789531121,10,GET,/api/annotate-carpark,0.100000,0.000000,7700,7700,7700,7700,7700,7700,7700,7700,7700,7700,7700,5,0,7700.0,9201.520199980587,5261.430199956521,14521.832600003108,263900.2
1789531121,10,GET,/api/find-carparks,0.300000,0.000000,14000,14000,15000,15000,15000,15000,15000,15000,15000,15000,15000,18,0,15000.0,14106.17278890762,4340.5387999955565,18760.121100000106,539.2777777777778
1789531121,10,,Aggregated,0.400000,0.000000,14000,14000,15000,15000,15000,15000,15000,15000,15000,15000,15000,23,0,14000.0,13039.943965227829,4340.5387999955565,18760.121100000106,57791.65217391304
1789531122,10,GET,/api/annotate-carpark,0.000000,0.000000,11000,11000,11000,11000,11000,11000,11000,11000,11000,11000,11000,6,0,7700.0,9443.99886665633,5261.430199956521,14521.832600003108,273157.6666666667
1789531122,10,GET,/api/find-carparks,0.200000,0.000000,14000,14000,15000,15000,15000,15000,15000,15000,15000,15000,15000,18,0,15000.0,14106.17278890762,4340.5387999955565,18760.121100000106,539.2777777777778
1789531122,10,,Aggregated,0.200000,0.000000,14000,14000,15000,15000,15000,15000,15000,15000,15000,15000,15000,24,0,14000.0,12940.629308344796,4340.5387999955565,18760.121100000106,68693.875
1789531123,10,GET,/api/annotate-carpark,0.000000,0.000000,11000,11000,11000,11000,11000,11000,11000,11000,11000,11000,11000,6,0,7700.0,9443.99886665633,5261.430199956521,14521.832600003108,273157.6666666667
1789531123,10,GET,/api/find-carparks,0.200000,0.000000,14000,14000,15000,15000,15000,15000,15000,15000,15000,15000,15000,18,0,15000.0,14106.17278890762,4340.5387999955565,18760.121100000106,539.2777777777778
1789531123,10,,Aggregated,0.200000,0.000000,14000,14000,15000,15000,15000,15000,15000,15000,15000,15000,15000,24,0,14000.0,12940.629308344796,4340.5387999955565,18760.121100000106,68693.875
1789531124,10,GET,/api/annotate-carpark,0.000000,0.000000,11000,11000,11000,11000,11000,11000,11000,11000,11000,11000,11000,6,0,7700.0,9443.99886665633,5261.430199956521,14521.832600003108,273157.6666666667
1789531124,10,GET,/api/find-carparks,0.200000,0.000000,14000,14000,15000,15000,15000,15000,15000,15000,15000,15000,15000,18,0,15000.0,14106.17278890762,4340.5387999955565,18760.121100000106,539.2777777777778
1789531124,10,,Aggregated,0.200000,0.000000,14000,14000,15000,15000,15000,15000,15000,15000,15000,15000,15000,24,0,14000.0,12940.629308344796,4340.5387999955565,18760.121100000106,68693.875
1789531125,10,GET,/api/annotate-carpark,0.000000,0.000000,11000,11000,11000,11000,11000,11000,11000,11000,11000,11000,11000,6,0,7700.0,9443.99886665633,5261.430199956521,14521.832600003108,273157.6666666667
1789531125,10,GET,/api/find-carparks,0.200000,0.000000,15000,15000,15000,15000,15000,15000,15000,15000,15000,15000,15000,18,0,15000.0,14106.17278890762,4340.5387999955565,18760.121100000106,539.2777777777778
1789531125,10,,Aggregated,0.200000,0.000000,14000,14000,15000,15000,15000,15000,15000,15000,15000,15000,15000,24,0,14000.0,12940.629308344796,4340.5387999955565,18760.121100000106,68693.875
1789531126,10,GET,/api/annotate-carpark,0.100000,0.000000,11000,11000,11000,11000,11000,11000,11000,11000,11000,11000,11000,6,0,7700.0,9443.99886665633,5261.430199956521,14521.832600003108,273157.6666666667
1789531126,10,GET,/api/find-carparks,0.200000,0.000000,14000,14000,15000,15000,15000,15000,15000,15000,15000,15000,15000,19,0,15000.0,14120.720626332944,4340.5387999955565,18760.121100000106,539.1052631578947
1789531126,10,,Aggregated,0.300000,0.000000,14000,14000,15000,15000,15000,15000,15000,15000,15000,15000,15000,25,0,14000.0,12998.307404010557,4340.5387999955565,18760.121100000106,65967.56
1789531127,10,GET,/api/annotate-carpark,0.100000,0.000000,11000,11000,11000,11000,11000,11000,11000,11000,11000,11000,11000,6,0,7700.0,9443.99886665633,5261.430199956521,14521.832600003108,273157.6666666667
1789531127,10,GET,/api/find-carparks,0.200000,0.000000,14000,14000,15000,15000,15000,15000,15000,15000,15000,15000,15000,19,0,15000.0,14120.720626332944,4340.5387999955565,18760.121100000106,539.1052631578947
1789531127,10,,Aggregated,0.300000,0.000000,14000,14000,15000,15000,15000,15000,15000,15000,15000,15000,15000,25,0,14000.0,12998.307404010557,4340.5387999955565,18760.121100000106,65967.56
1789531128,10,GET,/api/annotate-carpark,0.100000,0.000000,11000,11000,11000,11000,11000,11000,11000,11000,11000,11000,11000,6,0,7700.0,9443.99886665633,5261.430199956521,14521.832600003108,273157.6666666667
1789531128,10,GET,/api/find-carparks,0.200000,0.000000,14000,14000,15000,15000,15000,15000,15000,15000,15000,15000,15000,19,0,15000.0,14120.720626332944,4340.5387999955565,18760.121100000106,539.1052631578947
1789531128,10,,Aggregated,0.300000,0.000000,14000,14000,15000,15000,15000,15000,15000,15000,15000,15000,15000,25,0,14000.0,12998.307404010557,4340.5387999955565,18760.121100000106,65967.56
1789531129,10,GET,/api/annotate-carpark,0.100000,0.000000,11000,11000,11000,11000,11000,11000,11000,11000,11000,11000,11000,6,0,7700.0,9443.99886665633,5261.430199956521,14521.832600003108,273157.6666666667
1789531129,10,GET,/api/find-carparks,0.200000,0.000000,15000,15000,15000,15000,15000,15000,15000,15000,15000,15000,15000,19,0,15000.0,14120.720626332944,4340.5387999955565,18760.121100000106,539.1052631578947
1789531129,10,,Aggregated,0.300000,0.000000,14000,14000,15000,15000,15000,15000,15000,15000,15000,15000,15000,25,0,14000.0,12998.307404010557,4340.5387999955565,18760.121100000106,65967.56
1789531130,10,GET,/api/annotate-carpark,0.100000,0.000000,11000,11000,11000,11000,11000,11000,11000,11000,11000,11000,11000,6,0,7700.0,9443.99886665633,5261.430199956521,14521.832600003108,273157.6666666667
1789531130,10,GET,/api/find-carparks,0.200000,0.000000,15000,15000,15000,15000,15000,15000,15000,15000,15000,15000,15000,20,0,15000.0,14143.8319700188,4340.5387999955565,18760.121100000106,539.0
1789531130,10,,Aggregated,0.300000,0.000000,15000,15000,15000,15000,15000,15000,15000,15000,15000,15000,15000,26,0,14000.0,13059.255100012077,4340.5387999955565,18760.121100000106,63451.0
1789531131,10,GET,/api/annotate-carpark,0.100000,0.000000,14000,14000,14000,14000,14000,14000,14000,14000,14000,14000,14000,7,0,11000.0,10026.760471419298,5261.430199956521,14521.832600003108,267702.4285714286
1789531131,10,GET,/api/find-carparks,0.200000,0.000000,15000,15000,15000,15000,15000,15000,15000,15000,15000,15000,15000,20,0,15000.0,14143.8319700188,4340.5387999955565,18760.121100000106,539.0
1789531131,10,,Aggregated,0.300000,0.000000,14000,14000,15000,15000,15000,15000,15000,15000,15000,15000,15000,27,0,14000.0,13076.443062974486,4340.5387999955565,18760.121100000106,69803.5925925926
1789531132,10,GET,/api/annotate-carpark,0.100000,0.000000,14000,14000,14000,14000,14000,14000,14000,14000,14000,14000,14000,7,0,11000.0,10026.760471419298,5261.430199956521,14521.832600003108,267702.4285714286
1789531132,10,GET,/api/find-carparks,0.200000,0.000000,15000,15000,15000,15000,15000,15000,15000,15000,15000,15000,15000,20,0,15000.0,14143.8319700188,4340.5387999955565,18760.121100000106,539.0
1789531132,10,,Aggregated,0.300000,0.000000,14000,14000,15000,15000,15000,15000,15000,15000,15000,15000,15000,27,0,14000.0,13076.443062974486,4340.5387999955565,18760.121100000106,69803.5925925926
1789531133,10,GET,/api/annotate-carpark,0.100000,0.000000,14000,14000,14000,14000,14000,14000,14000,14000,14000,14000,14000,7,0,11000.0,10026.760471419298,5261.430199956521,14521.832600003108,267702.4285714286
1789531133,10,GET,/api/find-carparks,0.200000,0.000000,15000,15000,15000,15000,15000,15000,15000,15000,15000,15000,15000,20,0,15000.0,14143.8319700188,4340.5387999955565,18760.121100000106,539.0
1789531133,10,,Aggregated,0.300000,0.000000,14000,14000,15000,15000,15000,15000,15000,15000,15000,15000,15000,27,0,14000.0,13076.443062974486,4340.5387999955565,18760.121100000106,69803.5925925926
1789531134,10,GET,/api/annotate-carpark,0.100000,0.000000,14000,14000,14000,14000,14000,14000,14000,14000,14000,14000,14000,7,0,11000.0,10026.760471419298,5261.430199956521,14521.832600003108,267702.4285714286
1789531134,10,GET,/api/find-carparks,0.200000,0.000000,15000,15000,15000,15000,15000,15000,15000,15000,15000,15000,15000,20,0,15000.0,14143.8319700188,4340.5387999955565,18760.121100000106,539.0
1789531134,10,,Aggregated,0.300000,0.000000,14000,14000,15000,15000,15000,15000,15000,15000,15000,15000,15000,27,0,14000.0,13076.443062974486,4340.5387999955565,18760.121100000106,69803.5925925926
1789531135,10,GET,/api/annotate-carpark,0.200000,0.000000,14000,14000,14000,14000,14000,14000,14000,14000,14000,14000,14000,7,0,11000.0,10026.760471419298,5261.430199956521,14521.832600003108,267702.4285714286
1789531135,10,GET,/api/find-carparks,0.200000,0.000000,15000,15000,17000,17000,17000,17000,17000,17000,17000,17000,17000,21,0,15000.0,14297.006966684767,4340.5387999955565,18760.121100000106,538.9047619047619
1789531135,10,,Aggregated,0.400000,0.000000,15000,15000,17000,17000,17000,17000,17000,17000,17000,17000,17000,28,0,14000.0,13229.445342868401,4340.5387999955565,18760.121100000106,67329.78571428571
1789531136,10,GET,/api/annotate-carpark,0.200000,0.000000,14000,14000,14000,14000,14000,14000,14000,14000,14000,14000,14000,7,0,11000.0,10026.760471419298,5261.430199956521,14521.832600003108,267702.4285714286
1789531136,10,GET,/api/find-carparks,0.200000,0.000000,15000,15000,17000,17000,17000,17000,17000,17000,17000,17000,17000,21,0,15000.0,14297.006966684767,4340.5387999955565,18760.121100000106,538.9047619047619
1789531136,10,,Aggregated,0.400000,0.000000,15000,15000,17000,17000,17000,17000,17000,17000,17000,17000,17000,28,0,14000.0,13229.445342868401,4340.5387999955565,18760.121100000106,67329.78571428571
1789531137,10,GET,/api/annotate-carpark,0.200000,0.000000,14000,14000,14000,14000,14000,14000,14000,14000,14000,14000,14000,7,0,11000.0,10026.760471419298,5261.430199956521,14521.832600003108,267702.4285714286
1789531137,10,GET,/api/find-carparks,0.200000,0.000000,15000,15000,17000,17000,17000,17000,17000,17000,17000,17000,17000,21,0,15000.0,14297.006966684767,4340.5387999955565,18760.121100000106,538.9047619047619
1789531137,10,,Aggregated,0.400000,0.000000,15000,15000,17000,17000,17000,17000,17000,17000,17000,17000,17000,28,0,14000.0,13229.445342868401,4340.5387999955565,18760.121100000106,67329.78571428571
1789531138,10,GET,/api/annotate-carpark,0.200000,0.000000,14000,14000,14000,14000,14000,14000,14000,14000,14000,14000,14000,7,0,11000.0,10026.760471419298,5261.430199956521,14521.832600003108,267702.4285714286
1789531138,10,GET,/api/find-carparks,0.200000,0.000000,17000,17000,17000,17000,17000,17000,17000,17000,17000,17000,17000,21,0,15000.0,14297.006966684767,4340.5387999955565,18760.121100000106,538.9047619047619
1789531138,10,,Aggregated,0.400000,0.000000,15000,15000,17000,17000,17000,17000,17000,17000,17000,17000,17000,28,0,14000.0,13229.445342868401,4340.5387999955565,18760.121100000106,67329.78571428571
1789531140,10,GET,/api/annotate-carpark,0.100000,0.000000,14000,14000,14000,14000,14000,14000,14000,14000,14000,14000,14000,7,0,11000.0,10026.760471419298,5261.430199956521,14521.832600003108,267702.4285714286
1789531140,10,GET,/api/find-carparks,0.200000,0.000000,17000,17000,21000,21000,21000,21000,21000,21000,21000,21000,21000,22,0,15000.0,14618.774563650897,4340.5387999955565,21375.894099939615,538.5
1789531140,10,,Aggregated,0.300000,0.000000,17000,17000,21000,21000,21000,21000,21000,21000,21000,21000,21000,29,0,14000.0,13510.357368974304,4340.5387999955565,21375.894099939615,65026.34482758621
1789531141,10,GET,/api/annotate-carpark,0.100000,0.000000,14000,14000,14000,14000,14000,14000,14000,14000,14000,14000,14000,7,0,11000.0,10026.760471419298,5261.430199956521,14521.832600003108,267702.4285714286
1789531141,10,GET,/api/find-carparks,0.200000,0.000000,17000,17000,21000,21000,21000,21000,21000,21000,21000,21000,21000,22,0,15000.0,14618.774563650897,4340.5387999955565,21375.894099939615,538.5
1789531141,10,,Aggregated,0.300000,0.000000,17000,17000,21000,21000,21000,21000,21000,21000,21000,21000,21000,29,0,14000.0,13510.357368974304,4340.5387999955565,21375.894099939615,65026.34482758621
1789531142,10,GET,/api/annotate-carpark,0.100000,0.000000,14000,14000,14000,14000,14000,14000,14000,14000,14000,14000,14000,7,0,11000.0,10026.760471419298,5261.430199956521,14521.832600003108,267702.4285714286
1789531142,10,GET,/api/find-carparks,0.200000,0.000000,21000,21000,21000,21000,21000,21000,21000,21000,21000,21000,21000,22,0,15000.0,14618.774563650897,4340.5387999955565,21375.894099939615,538.5
1789531142,10,,Aggregated,0.300000,0.000000,21000,21000,21000,21000,21000,21000,21000,21000,21000,21000,21000,29,0,14000.0,13510.357368974304,4340.5387999955565,21375.894099939615,65026.34482758621
1789531143,10,GET,/api/annotate-carpark,0.100000,0.000000,14000,14000,14000,14000,14000,14000,14000,14000,14000,14000,14000,7,0,11000.0,10026.760471419298,5261.430199956521,14521.832600003108,267702.4285714286
1789531143,10,GET,/api/find-carparks,0.200000,0.000000,21000,21000,21000,21000,21000,21000,21000,21000,21000,21000,21000,22,0,15000.0,14618.774563650897,4340.5387999955565,21375.894099939615,538.5
1789531143,10,,Aggregated,0.300000,0.000000,21000,21000,21000,21000,21000,21000,21000,21000,21000,21000,21000,29,0,14000.0,13510.357368974304,4340.5387999955565,21375.894099939615,65026.34482758621
1789531144,10,GET,/api/annotate-carpark,0.100000,0.000000,14000,14000,14000,14000,14000,14000,14000,14000,14000,14000,14000,7,0,11000.0,10026.760471419298,5261.430199956521,14521.832600003108,267702.4285714286
1789531144,10,GET,/api/find-carparks,0.200000,0.000000,21000,21000,26000,26000,26000,26000,26000,26000,26000,26000,26000,23,0,17000.0,15094.500747843362,4340.5387999955565,25560.476800077595,538.6521739130435
1789531144,10,,Aggregated,0.300000,0.000000,21000,21000,26000,26000,26000,26000,26000,26000,26000,26000,26000,30,0,14000.0,13912.028016677747,4340.5387999955565,25560.476800077595,62876.86666666667
1789531145,10,GET,/api/annotate-carpark,0.100000,0.000000,14000,14000,14000,14000,14000,14000,14000,14000,14000,14000,14000,7,0,11000.0,10026.760471419298,5261.430199956521,14521.832600003108,267702.4285714286
1789531145,10,GET,/api/find-carparks,0.200000,0.000000,21000,21000,26000,26000,26000,26000,26000,26000,26000,26000,26000,23,0,17000.0,15094.500747843362,4340.5387999955565,25560.476800077595,538.6521739130435
1789531145,10,,Aggregated,0.300000,0.000000,21000,21000,26000,26000,26000,26000,26000,26000,26000,26000,26000,30,0,14000.0,13912.028016677747,4340.5387999955565,25560.476800077595,62876.86666666667
1789531146,10,GET,/api/annotate-carpark,0.100000,0.000000,14000,14000,14000,14000,14000,14000,14000,14000,14000,14000,14000,7,0,11000.0,10026.760471419298,5261.430199956521,14521.832600003108,267702.4285714286
1789531146,10,GET,/api/find-carparks,0.200000,0.000000,26000,26000,26000,26000,26000,26000,26000,26000,26000,26000,26000,23,0,17000.0,15094.500747843362,4340.5387999955565,25560.476800077595,538.6521739130435
1789531146,10,,Aggregated,0.300000,0.000000,26000,26000,26000,26000,26000,26000,26000,26000,26000,26000,26000,30,0,14000.0,13912.028016677747,4340.5387999955565,25560.476800077595,62876.86666666667
1789531147,10,GET,/api/annotate-carpark,0.100000,0.000000,14000,14000,14000,14000,14000,14000,14000,14000,14000,14000,14000,7,0,11000.0,10026.760471419298,5261.430199956521,14521.832600003108,267702.4285714286
1789531147,10,GET,/api/find-carparks,0.200000,0.000000,26000,26000,26000,26000,26000,26000,26000,26000,26000,26000,26000,23,0,17000.0,15094.500747843362,4340.5387999955565,25560.476800077595,538.6521739130435
1789531147,10,,Aggregated,0.300000,0.000000,26000,26000,26000,26000,26000,26000,26000,26000,26000,26000,26000,30,0,14000.0,13912.028016677747,4340.5387999955565,25560.476800077595,62876.86666666667
1789531148,10,GET,/api/annotate-carpark,0.000000,0.000000,14000,14000,14000,14000,14000,14000,14000,14000,14000,14000,14000,7,0,11000.0,10026.760471419298,5261.430199956521,14521.832600003108,267702.4285714286
1789531148,10,GET,/api/find-carparks,0.200000,0.000000,26000,26000,30000,30000,30000,30000,30000,30000,30000,30000,30000,24,0,17000.0,15697.218366680318,4340.5387999955565,29559.723599930294,538.625
1789531148,10,,Aggregated,0.200000,0.000000,26000,26000,30000,30000,30000,30000,30000,30000,30000,30000,30000,31,0,15000.0,14416.792390331055,4340.5387999955565,29559.723599930294,60865.93548387097
1789531149,10,GET,/api/annotate-carpark,0.000000,0.000000,0,0,0,0,0,0,0,0,0,0,0,7,0,11000.0,10026.760471419298,5261.430199956521,14521.832600003108,267702.4285714286
1789531149,10,GET,/api/find-carparks,0.200000,0.000000,26000,26000,30000,30000,30000,30000,30000,30000,30000,30000,30000,24,0,17000.0,15697.218366680318,4340.5387999955565,29559.723599930294,538.625
1789531149,10,,Aggregated,0.200000,0.000000,26000,26000,30000,30000,30000,30000,30000,30000,30000,30000,30000,31,0,15000.0,14416.792390331055,4340.5387999955565,29559.723599930294,60865.93548387097
1789531150,10,GET,/api/annotate-carpark,0.000000,0.000000,0,0,0,0,0,0,0,0,0,0,0,7,0,11000.0,10026.760471419298,5261.430199956521,14521.832600003108,267702.4285714286
1789531150,10,GET,/api/find-carparks,0.200000,0.000000,26000,26000,30000,30000,30000,30000,30000,30000,30000,30000,30000,24,0,17000.0,15697.218366680318,4340.5387999955565,29559.723599930294,538.625
1789531150,10,,Aggregated,0.200000,0.000000,26000,26000,30000,30000,30000,30000,30000,30000,30000,30000,30000,31,0,15000.0,14416.792390331055,4340.5387999955565,29559.723599930294,60865.93548387097
1789531151,10,GET,/api/annotate-carpark,0.000000,0.000000,0,0,0,0,0,0,0,0,0,0,0,7,0,11000.0,10026.760471419298,5261.430199956521,14521.832600003108,267702.4285714286
1789531151,10,GET,/api/find-carparks,0.200000,0.000000,30000,30000,30000,30000,30000,30000,30000,30000,30000,30000,30000,24,0,17000.0,15697.218366680318,4340.5387999955565,29559.723599930294,538.625
1789531151,10,,Aggregated,0.200000,0.000000,30000,30000,30000,30000,30000,30000,30000,30000,30000,30000,30000,31,0,15000.0,14416.792390331055,4340.5387999955565,29559.723599930294,60865.93548387097
1789531152,10,GET,/api/annotate-carpark,0.000000,0.000000,0,0,0,0,0,0,0,0,0,0,0,7,0,11000.0,10026.760471419298,5261.430199956521,14521.832600003108,267702.4285714286
1789531152,10,GET,/api/find-carparks,0.300000,0.000000,30000,30000,32000,32000,32000,32000,32000,32000,32000,32000,32000,25,0,17000.0,16341.8610960152,4340.5387999955565,31813.28660005238,538.32
1789531152,10,,Aggregated,0.300000,0.000000,30000,30000,32000,32000,32000,32000,32000,32000,32000,32000,32000,32,0,15000.0,14960.432834384847,4340.5387999955565,31813.28660005238,58980.46875
1789531153,10,GET,/api/annotate-carpark,0.000000,0.000000,0,0,0,0,0,0,0,0,0,0,0,7,0,11000.0,10026.760471419298,5261.430199956521,14521.832600003108,267702.4285714286
1789531153,10,GET,/api/find-carparks,0.300000,0.000000,30000,30000,32000,32000,32000,32000,32000,32000,32000,32000,32000,25,0,17000.0,16341.8610960152,4340.5387999955565,31813.28660005238,538.32
1789531153,10,,Aggregated,0.300000,0.000000,30000,30000,32000,32000,32000,32000,32000,32000,32000,32000,32000,32,0,15000.0,14960.432834384847,4340.5387999955565,31813.28660005238,58980.46875
1789531154,10,GET,/api/annotate-carpark,0.000000,0.000000,0,0,0,0,0,0,0,0,0,0,0,7,0,11000.0,10026.760471419298,5261.430199956521,14521.832600003108,267702.4285714286
1789531154,10,GET,/api/find-carparks,0.300000,0.000000,30000,30000,32000,32000,32000,32000,32000,32000,32000,32000,32000,25,0,17000.0,16341.8610960152,4340.5387999955565,31813.28660005238,538.32
1789531154,10,,Aggregated,0.300000,0.000000,30000,30000,32000,32000,32000,32000,32000,32000,32000,32000,32000,32,0,15000.0,14960.432834384847,4340.5387999955565,31813.28660005238,58980.46875
1789531155,10,GET,/api/annotate-carpark,0.000000,0.000000,0,0,0,0,0,0,0,0,0,0,0,7,0,11000.0,10026.760471419298,5261.430199956521,14521.832600003108,267702.4285714286
1789531155,10,GET,/api/find-carparks,0.300000,0.000000,32000,32000,32000,32000,32000,32000,32000,32000,32000,32000,32000,25,0,17000.0,16341.8610960152,4340.5387999955565,31813.28660005238,538.32
1789531155,10,,Aggregated,0.300000,0.000000,32000,32000,32000,32000,32000,32000,32000,32000,32000,32000,32000,32,0,15000.0,14960.432834384847,4340.5387999955565,31813.28660005238,58980.46875
1789531156,10,GET,/api/annotate-carpark,0.000000,0.000000,0,0,0,0,0,0,0,0,0,0,0,7,0,11000.0,10026.760471419298,5261.430199956521,14521.832600003108,267702.4285714286
1789531156,10,GET,/api/find-carparks,0.300000,0.000000,32000,32000,32000,32000,32000,32000,32000,32000,32000,32000,32000,26,0,17000.0,16944.794230785472,4340.5387999955565,32018.12260004226,538.3846153846154
1789531156,10,,Aggregated,0.300000,0.000000,32000,32000,32000,32000,32000,32000,32000,32000,32000,32000,32000,33,0,15000.0,15477.332524253254,4340.5387999955565,32018.12260004226,57209.545454545456
1789531157,10,GET,/api/annotate-carpark,0.000000,0.000000,0,0,0,0,0,0,0,0,0,0,0,7,0,11000.0,10026.760471419298,5261.430199956521,14521.832600003108,267702.4285714286
1789531157,10,GET,/api/find-carparks,0.300000,0.000000,32000,32000,32000,32000,32000,32000,32000,32000,32000,32000,32000,26,0,17000.0,16944.794230785472,4340.5387999955565,32018.12260004226,538.3846153846154
1789531157,10,,Aggregated,0.300000,0.000000,32000,32000,32000,32000,32000,32000,32000,32000,32000,32000,32000,33,0,15000.0,15477.332524253254,4340.5387999955565,32018.12260004226,57209.545454545456
1789531158,10,GET,/api/annotate-carpark,0.000000,0.000000,0,0,0,0,0,0,0,0,0,0,0,7,0,11000.0,10026.760471419298,5261.430199956521,14521.832600003108,267702.4285714286
1789531158,10,GET,/api/find-carparks,0.300000,0.000000,32000,32000,32000,32000,32000,32000,32000,32000,32000,32000,32000,26,0,17000.0,16944.794230785472,4340.5387999955565,32018.12260004226,538.3846153846154
1789531158,10,,Aggregated,0.300000,0.000000,32000,32000,32000,32000,32000,32000,32000,32000,32000,32000,32000,33,0,15000.0,15477.332524253254,4340.5387999955565,32018.12260004226,57209.545454545456
1789531159,10,GET,/api/annotate-carpark,0.000000,0.000000,0,0,0,0,0,0,0,0,0,0,0,7,0,11000.0,10026.760471419298,5261.430199956521,14521.832600003108,267702.4285714286
1789531159,10,GET,/api/find-carparks,0.300000,0.000000,32000,32000,34000,34000,34000,34000,34000,34000,34000,34000,34000,27,0,17000.0,17573.213366683813,4340.5387999955565,33912.110900040716,538.4814814814815
1789531159,10,,Aggregated,0.300000,0.000000,32000,32000,34000,34000,34000,34000,34000,34000,34000,34000,34000,34,0,15000.0,16019.531888247002,4340.5387999955565,33912.110900040716,55542.82352941176
1789531160,10,GET,/api/annotate-carpark,0.000000,0.000000,31000,31000,31000,31000,31000,31000,31000,31000,31000,31000,31000,8,0,11000.0,12674.055324998335,5261.430199956521,31205.119300051592,269806.375
1789531160,10,GET,/api/find-carparks,0.300000,0.000000,32000,32000,34000,34000,34000,34000,34000,34000,34000,34000,34000,27,0,17000.0,17573.213366683813,4340.5387999955565,33912.110900040716,538.4814814814815
1789531160,10,,Aggregated,0.300000,0.000000,32000,32000,34000,34000,34000,34000,34000,34000,34000,34000,34000,35,0,15000.0,16453.405814298563,4340.5387999955565,33912.110900040716,62085.42857142857
1789531161,10,GET,/api/annotate-carpark,0.000000,0.000000,31000,31000,31000,31000,31000,31000,31000,31000,31000,31000,31000,8,0,11000.0,12674.055324998335,5261.430199956521,31205.119300051592,269806.375
1789531161,10,GET,/api/find-carparks,0.300000,0.000000,32000,32000,34000,34000,34000,34000,34000,34000,34000,34000,34000,27,0,17000.0,17573.213366683813,4340.5387999955565,33912.110900040716,538.4814814814815
1789531161,10,,Aggregated,0.300000,0.000000,32000,32000,34000,34000,34000,34000,34000,34000,34000,34000,34000,35,0,15000.0,16453.405814298563,4340.5387999955565,33912.110900040716,62085.42857142857
1789531162,10,GET,/api/annotate-carpark,0.000000,0.000000,31000,31000,31000,31000,31000,31000,31000,31000,31000,31000,31000,8,0,11000.0,12674.055324998335,5261.430199956521,31205.119300051592,269806.375
1789531162,10,GET,/api/find-carparks,0.300000,0.000000,32000,32000,34000,34000,34000,34000,34000,34000,34000,34000,34000,27,0,17000.0,17573.213366683813,4340.5387999955565,33912.110900040716,538.4814814814815
1789531162,10,,Aggregated,0.300000,0.000000,32000,32000,34000,34000,34000,34000,34000,34000,34000,34000,34000,35,0,15000.0,16453.405814298563,4340.5387999955565,33912.110900040716,62085.42857142857
1789531163,10,GET,/api/annotate-carpark,0.000000,0.000000,31000,31000,31000,31000,31000,31000,31000,31000,31000,31000,31000,8,0,11000.0,12674.055324998335,5261.430199956521,31205.119300051592,269806.375
1789531163,10,GET,/api/find-carparks,0.300000,0.000000,34000,34000,34000,34000,34000,34000,34000,34000,34000,34000,34000,27,0,17000.0,17573.213366683813,4340.5387999955565,33912.110900040716,538.4814814814815
1789531163,10,,Aggregated,0.300000,0.000000,32000,32000,34000,34000,34000,34000,34000,34000,34000,34000,34000,35,0,15000.0,16453.405814298563,4340.5387999955565,33912.110900040716,62085.42857142857
1789531164,10,GET,/api/annotate-carpark,0.100000,0.000000,31000,31000,31000,31000,31000,31000,31000,31000,31000,31000,31000,8,0,11000.0,12674.055324998335,5261.430199956521,31205.119300051592,269806.375
1789531164,10,GET,/api/find-carparks,0.300000,0.000000,32000,32000,34000,34000,34000,34000,34000,34000,34000,34000,34000,28,0,17000.0,18057.206550018494,4340.5387999955565,33912.110900040716,538.5
1789531164,10,,Aggregated,0.400000,0.000000,32000,32000,34000,34000,34000,34000,34000,34000,34000,34000,34000,36,0,15000.0,16860.950722236237,4340.5387999955565,33912.110900040716,60375.805555555555
1789531165,10,GET,/api/annotate-carpark,0.100000,0.000000,31000,31000,31000,31000,31000,31000,31000,31000,31000,31000,31000,8,0,11000.0,12674.055324998335,5261.430199956521,31205.119300051592,269806.375
1789531165,10,GET,/api/find-carparks,0.300000,0.000000,32000,32000,34000,34000,34000,34000,34000,34000,34000,34000,34000,28,0,17000.0,18057.206550018494,4340.5387999955565,33912.110900040716,538.5
1789531165,10,,Aggregated,0.400000,0.000000,32000,32000,34000,34000,34000,34000,34000,34000,34000,34000,34000,36,0,15000.0,16860.950722236237,4340.5387999955565,33912.110900040716,60375.805555555555
1789531166,10,GET,/api/annotate-carpark,0.100000,0.000000,31000,31000,31000,31000,31000,31000,31000,31000,31000,31000,31000,8,0,11000.0,12674.055324998335,5261.430199956521,31205.119300051592,269806.375
1789531166,10,GET,/api/find-carparks,0.300000,0.000000,32000,32000,34000,34000,34000,34000,34000,34000,34000,34000,34000,28,0,17000.0,18057.206550018494,4340.5387999955565,33912.110900040716,538.5
1789531166,10,,Aggregated,0.400000,0.000000,32000,32000,34000,34000,34000,34000,34000,34000,34000,34000,34000,36,0,15000.0,16860.950722236237,4340.5387999955565,33912.110900040716,60375.805555555555
1789531167,10,GET,/api/annotate-carpark,0.100000,0.000000,31000,31000,31000,31000,31000,31000,31000,31000,31000,31000,31000,8,0,11000.0,12674.055324998335,5261.430199956521,31205.119300051592,269806.375
1789531167,10,GET,/api/find-carparks,0.300000,0.000000,34000,34000,34000,34000,34000,34000,34000,34000,34000,34000,34000,28,0,17000.0,18057.206550018494,4340.5387999955565,33912.110900040716,538.5
1789531167,10,,Aggregated,0.400000,0.000000,31000,31000,34000,34000,34000,34000,34000,34000,34000,34000,34000,36,0,15000.0,16860.950722236237,4340.5387999955565,33912.110900040716,60375.805555555555
1789531168,10,GET,/api/annotate-carpark,0.100000,0.000000,31000,31000,31000,31000,31000,31000,31000,31000,31000,31000,31000,8,0,11000.0,12674.055324998335,5261.430199956521,31205.119300051592,269806.375
1789531168,10,GET,/api/find-carparks,0.300000,0.000000,34000,34000,34000,34000,34000,34000,34000,34000,34000,34000,34000,29,0,17000.0,18596.521548292567,4340.5387999955565,33912.110900040716,538.6896551724138
1789531168,10,,Aggregated,0.400000,0.000000,34000,34000,34000,34000,34000,34000,34000,34000,34000,34000,34000,37,0,17000.0,17315.988310823544,4340.5387999955565,33912.110900040716,58758.72972972973
1789531169,10,GET,/api/annotate-carpark,0.100000,0.000000,31000,31000,31000,31000,31000,31000,31000,31000,31000,31000,31000,9,0,11000.0,14683.22559999716,5261.430199956521,31205.119300051592,270898.3333333333
1789531169,10,GET,/api/find-carparks,0.200000,0.000000,34000,34000,34000,34000,34000,34000,34000,34000,34000,34000,34000,29,0,17000.0,18596.521548292567,4340.5387999955565,33912.110900040716,538.6896551724138
1789531169,10,,Aggregated,0.300000,0.000000,31000,34000,34000,34000,34000,34000,34000,34000,34000,34000,34000,38,0,17000.0,17669.688297380497,4340.5387999955565,33912.110900040716,64571.23684210526
1789531170,10,GET,/api/annotate-carpark,0.100000,0.000000,31000,31000,31000,31000,31000,31000,31000,31000,31000,31000,31000,9,0,11000.0,14683.22559999716,5261.430199956521,31205.119300051592,270898.3333333333
1789531170,10,GET,/api/find-carparks,0.200000,0.000000,34000,34000,34000,34000,34000,34000,34000,34000,34000,34000,34000,29,0,17000.0,18596.521548292567,4340.5387999955565,33912.110900040716,538.6896551724138
1789531170,10,,Aggregated,0.300000,0.000000,31000,34000,34000,34000,34000,34000,34000,34000,34000,34000,34000,38,0,17000.0,17669.688297380497,4340.5387999955565,33912.110900040716,64571.23684210526
1789531171,10,GET,/api/annotate-carpark,0.100000,0.000000,31000,31000,31000,31000,31000,31000,31000,31000,31000,31000,31000,9,0,11000.0,14683.22559999716,5261.430199956521,31205.119300051592,270898.3333333333
1789531171,10,GET,/api/find-carparks,0.200000,0.000000,34000,34000,34000,34000,34000,34000,34000,34000,34000,34000,34000,29,0,17000.0,18596.521548292567,4340.5387999955565,33912.110900040716,538.6896551724138
1789531171,10,,Aggregated,0.300000,0.000000,31000,31000,34000,34000,34000,34000,34000,34000,34000,34000,34000,38,0,17000.0,17669.688297380497,4340.5387999955565,33912.110900040716,64571.23684210526
1789531172,10,GET,/api/annotate-carpark,0.100000,0.000000,31000,31000,31000,31000,31000,31000,31000,31000,31000,31000,31000,9,0,11000.0,14683.22559999716,5261.430199956521,31205.119300051592,270898.3333333333
1789531172,10,GET,/api/find-carparks,0.200000,0.000000,34000,34000,34000,34000,34000,34000,34000,34000,34000,34000,34000,29,0,17000.0,18596.521548292567,4340.5387999955565,33912.110900040716,538.6896551724138
1789531172,10,,Aggregated,0.300000,0.000000,31000,31000,34000,34000,34000,34000,34000,34000,34000,34000,34000,38,0,17000.0,17669.688297380497,4340.5387999955565,33912.110900040716,64571.23684210526
1789531173,10,GET,/api/annotate-carpark,0.100000,0.000000,31000,31000,31000,31000,31000,31000,31000,31000,31000,31000,31000,9,0,11000.0,14683.22559999716,5261.430199956521,31205.119300051592,270898.3333333333
1789531173,10,GET,/api/find-carparks,0.200000,0.000000,32000,32000,34000,34000,34000,34000,34000,34000,34000,34000,34000,30,0,17000.0,19050.80405668511,4340.5387999955565,33912.110900040716,538.5333333333333
1789531173,10,,Aggregated,0.300000,0.000000,32000,32000,34000,34000,34000,34000,34000,34000,34000,34000,34000,39,0,17000.0,18042.901335910967,4340.5387999955565,33912.110900040716,62929.256410256414
1789531174,10,GET,/api/annotate-carpark,0.100000,0.000000,31000,31000,31000,31000,31000,31000,31000,31000,31000,31000,31000,9,0,11000.0,14683.22559999716,5261.430199956521,31205.119300051592,270898.3333333333
1789531174,10,GET,/api/find-carparks,0.200000,0.000000,32000,32000,34000,34000,34000,34000,34000,34000,34000,34000,34000,30,0,17000.0,19050.80405668511,4340.5387999955565,33912.110900040716,538.5333333333333
1789531174,10,,Aggregated,0.300000,0.000000,32000,32000,34000,34000,34000,34000,34000,34000,34000,34000,34000,39,0,17000.0,18042.901335910967,4340.5387999955565,33912.110900040716,62929.256410256414
1789531175,10,GET,/api/annotate-carpark,0.100000,0.000000,31000,31000,31000,31000,31000,31000,31000,31000,31000,31000,31000,9,0,11000.0,14683.22559999716,5261.430199956521,31205.119300051592,270898.3333333333
1789531175,10,GET,/api/find-carparks,0.200000,0.000000,34000,34000,34000,34000,34000,34000,34000,34000,34000,34000,34000,30,0,17000.0,19050.80405668511,4340.5387999955565,33912.110900040716,538.5333333333333
1789531175,10,,Aggregated,0.300000,0.000000,32000,32000,34000,34000,34000,34000,34000,34000,34000,34000,34000,39,0,17000.0,18042.901335910967,4340.5387999955565,33912.110900040716,62929.256410256414
1789531176,10,GET,/api/annotate-carpark,0.100000,0.000000,31000,31000,31000,31000,31000,31000,31000,31000,31000,31000,31000,9,0,11000.0,14683.22559999716,5261.430199956521,31205.119300051592,270898.3333333333
1789531176,10,GET,/api/find-carparks,0.200000,0.000000,34000,34000,34000,34000,34000,34000,34000,34000,34000,34000,34000,30,0,17000.0,19050.80405668511,4340.5387999955565,33912.110900040716,538.5333333333333
1789531176,10,,Aggregated,0.300000,0.000000,32000,32000,34000,34000,34000,34000,34000,34000,34000,34000,34000,39,0,17000.0,18042.901335910967,4340.5387999955565,33912.110900040716,62929.256410256414
1789531177,10,GET,/api/annotate-carpark,0.100000,0.000000,31000,31000,31000,31000,31000,31000,31000,31000,31000,31000,31000,9,0,11000.0,14683.22559999716,5261.430199956521,31205.119300051592,270898.3333333333
1789531177,10,GET,/api/find-carparks,0.200000,0.000000,32000,32000,34000,34000,34000,34000,34000,34000,34000,34000,34000,31,0,17000.0,19458.217609696272,4340.5387999955565,33912.110900040716,538.4193548387096
1789531177,10,,Aggregated,0.300000,0.000000,32000,32000,32000,32000,32000,32000,32000,32000,32000,32000,32000,40,0,17000.0,18383.84440751397,4340.5387999955565,33912.110900040716,61369.4
1789531178,10,GET,/api/annotate-carpark,0.100000,0.000000,31000,31000,31000,31000,31000,31000,31000,31000,31000,31000,31000,9,0,11000.0,14683.22559999716,5261.430199956521,31205.119300051592,270898.3333333333
1789531178,10,GET,/api/find-carparks,0.200000,0.000000,32000,32000,34000,34000,34000,34000,34000,34000,34000,34000,34000,31,0,17000.0,19458.217609696272,4340.5387999955565,33912.110900040716,538.4193548387096
1789531178,10,,Aggregated,0.300000,0.000000,32000,32000,32000,32000,32000,32000,32000,32000,32000,32000,32000,40,0,17000.0,18383.84440751397,4340.5387999955565,33912.110900040716,61369.4
1789531179,10,GET,/api/annotate-carpark,0.100000,0.000000,31000,31000,31000,31000,31000,31000,31000,31000,31000,31000,31000,9,0,11000.0,14683.22559999716,5261.430199956521,31205.119300051592,270898.3333333333
1789531179,10,GET,/api/find-carparks,0.200000,0.000000,32000,32000,32000,32000,32000,32000,32000,32000,32000,32000,32000,31,0,17000.0,19458.217609696272,4340.5387999955565,33912.110900040716,538.4193548387096
1789531179,10,,Aggregated,0.300000,0.000000,32000,32000,32000,32000,32000,32000,32000,32000,32000,32000,32000,40,0,17000.0,18383.84440751397,4340.5387999955565,33912.110900040716,61369.4
1789531180,10,GET,/api/annotate-carpark,0.100000,0.000000,31000,31000,31000,31000,31000,31000,31000,31000,31000,31000,31000,9,0,11000.0,14683.22559999716,5261.430199956521,31205.119300051592,270898.3333333333
1789531180,10,GET,/api/find-carparks,0.200000,0.000000,32000,32000,32000,32000,32000,32000,32000,32000,32000,32000,32000,31,0,17000.0,19458.217609696272,4340.5387999955565,33912.110900040716,538.4193548387096
1789531180,10,,Aggregated,0.300000,0.000000,32000,32000,32000,32000,32000,32000,32000,32000,32000,32000,32000,40,0,17000.0,18383.84440751397,4340.5387999955565,33912.110900040716,61369.4
1789531181,10,GET,/api/annotate-carpark,0.100000,0.000000,31000,31000,31000,31000,31000,31000,31000,31000,31000,31000,31000,9,0,11000.0,14683.22559999716,5261.430199956521,31205.119300051592,270898.3333333333
1789531181,10,GET,/api/find-carparks,0.200000,0.000000,32000,32000,32000,32000,32000,32000,32000,32000,32000,32000,32000,32,0,17000.0,19844.069740640407,4340.5387999955565,33912.110900040716,538.46875
1789531181,10,,Aggregated,0.300000,0.000000,32000,32000,32000,32000,32000,32000,32000,32000,32000,32000,32000,41,0,17000.0,18711.20151464555,4340.5387999955565,33912.110900040716,59885.756097560974
1789531182,10,GET,/api/annotate-carpark,0.100000,0.000000,31000,31000,31000,31000,31000,31000,31000,31000,31000,31000,31000,9,0,11000.0,14683.22559999716,5261.430199956521,31205.119300051592,270898.3333333333
1789531182,10,GET,/api/find-carparks,0.200000,0.000000,32000,32000,32000,32000,32000,32000,32000,32000,32000,32000,32000,32,0,17000.0,19844.069740640407,4340.5387999955565,33912.110900040716,538.46875
1789531182,10,,Aggregated,0.300000,0.000000,32000,32000,32000,32000,32000,32000,32000,32000,32000,32000,32000,41,0,17000.0,18711.20151464555,4340.5387999955565,33912.110900040716,59885.756097560974
1789531183,10,GET,/api/annotate-carpark,0.100000,0.000000,31000,31000,31000,31000,31000,31000,31000,31000,31000,31000,31000,9,0,11000.0,14683.22559999716,5261.430199956521,31205.119300051592,270898.3333333333
1789531183,10,GET,/api/find-carparks,0.200000,0.000000,32000,32000,32000,32000,32000,32000,32000,32000,32000,32000,32000,32,0,17000.0,19844.069740640407,4340.5387999955565,33912.110900040716,538.46875
1789531183,10,,Aggregated,0.300000,0.000000,32000,32000,32000,32000,32000,32000,32000,32000,32000,32000,32000,41,0,17000.0,18711.20151464555,4340.5387999955565,33912.110900040716,59885.756097560974
1789531184,10,GET,/api/annotate-carpark,0.100000,0.000000,31000,31000,31000,31000,31000,31000,31000,31000,31000,31000,31000,9,0,11000.0,14683.22559999716,5261.430199956521,31205.119300051592,270898.3333333333
1789531184,10,GET,/api/find-carparks,0.200000,0.000000,32000,32000,32000,32000,32000,32000,32000,32000,32000,32000,32000,32,0,17000.0,19844.069740640407,4340.5387999955565,33912.110900040716,538.46875
1789531184,10,,Aggregated,0.300000,0.000000,32000,32000,32000,32000,32000,32000,32000,32000,32000,32000,32000,41,0,17000.0,18711.20151464555,4340.5387999955565,33912.110900040716,59885.756097560974
1789531185,10,GET,/api/annotate-carpark,0.000000,0.000000,31000,31000,31000,31000,31000,31000,31000,31000,31000,31000,31000,9,0,11000.0,14683.22559999716,5261.430199956521,31205.119300051592,270898.3333333333
1789531185,10,GET,/api/find-carparks,0.300000,0.000000,32000,32000,32000,32000,32000,32000,32000,32000,32000,32000,32000,33,0,17000.0,20178.668263654054,4340.5387999955565,33912.110900040716,538.3333333333334
1789531185,10,,Aggregated,0.300000,0.000000,32000,32000,32000,32000,32000,32000,32000,32000,32000,32000,32000,42,0,17000.0,19001.07340715615,4340.5387999955565,33912.110900040716,58472.619047619046
1789531186,10,GET,/api/annotate-carpark,0.000000,0.000000,0,0,0,0,0,0,0,0,0,0,0,9,0,11000.0,14683.22559999716,5261.430199956521,31205.119300051592,270898.3333333333
1789531186,10,GET,/api/find-carparks,0.300000,0.000000,32000,32000,32000,32000,32000,32000,32000,32000,32000,32000,32000,33,0,17000.0,20178.668263654054,4340.5387999955565,33912.110900040716,538.3333333333334
1789531186,10,,Aggregated,0.300000,0.000000,32000,32000,32000,32000,32000,32000,32000,32000,32000,32000,32000,42,0,17000.0,19001.07340715615,4340.5387999955565,33912.110900040716,58472.619047619046
1789531187,10,GET,/api/annotate-carpark,0.000000,0.000000,0,0,0,0,0,0,0,0,0,0,0,9,0,11000.0,14683.22559999716,5261.430199956521,31205.119300051592,270898.3333333333
1789531187,10,GET,/api/find-carparks,0.300000,0.000000,32000,32000,32000,32000,32000,32000,32000,32000,32000,32000,32000,33,0,17000.0,20178.668263654054,4340.5387999955565,33912.110900040716,538.3333333333334
1789531187,10,,Aggregated,0.300000,0.000000,32000,32000,32000,32000,32000,32000,32000,32000,32000,32000,32000,42,0,17000.0,19001.07340715615,4340.5387999955565,33912.110900040716,58472.619047619046
1789531188,15,GET,/api/annotate-carpark,0.000000,0.000000,0,0,0,0,0,0,0,0,0,0,0,9,0,11000.0,14683.22559999716,5261.430199956521,31205.119300051592,270898.3333333333
1789531188,15,GET,/api/find-carparks,0.300000,0.000000,31000,31000,32000,32000,32000,32000,32000,32000,32000,32000,32000,34,0,17000.0,20494.136044135837,4340.5387999955565,33912.110900040716,538.2941176470588
1789531188,15,,Aggregated,0.300000,0.000000,31000,31000,32000,32000,32000,32000,32000,32000,32000,32000,32000,43,0,17000.0,19277.89897443239,4340.5387999955565,33912.110900040716,57125.27906976744
1789531189,20,GET,/api/annotate-carpark,0.000000,0.000000,29000,29000,29000,29000,29000,29000,29000,29000,29000,29000,29000,10,0,11000.0,16101.034249993972,5261.430199956521,31205.119300051592,269420.8
1789531189,20,GET,/api/find-carparks,0.300000,0.000000,31000,31000,32000,32000,32000,32000,32000,32000,32000,32000,32000,34,0,17000.0,20494.136044135837,4340.5387999955565,33912.110900040716,538.2941176470588
1789531189,20,,Aggregated,0.300000,0.000000,31000,31000,32000,32000,32000,32000,32000,32000,32000,32000,32000,44,0,17000.0,19495.703818194506,4340.5387999955565,33912.110900040716,61647.954545454544
1789531190,20,GET,/api/annotate-carpark,0.000000,0.000000,29000,29000,29000,29000,29000,29000,29000,29000,29000,29000,29000,10,0,11000.0,16101.034249993972,5261.430199956521,31205.119300051592,269420.8
1789531190,20,GET,/api/find-carparks,0.300000,0.000000,31000,31000,32000,32000,32000,32000,32000,32000,32000,32000,32000,34,0,17000.0,20494.136044135837,4340.5387999955565,33912.110900040716,538.2941176470588
1789531190,20,,Aggregated,0.300000,0.000000,31000,31000,32000,32000,32000,32000,32000,32000,32000,32000,32000,44,0,17000.0,19495.703818194506,4340.5387999955565,33912.110900040716,61647.954545454544
1789531191,20,GET,/api/annotate-carpark,0.000000,0.000000,29000,29000,29000,29000,29000,29000,29000,29000,29000,29000,29000,10,0,11000.0,16101.034249993972,5261.430199956521,31205.119300051592,269420.8
1789531191,20,GET,/api/find-carparks,0.300000,0.000000,31000,31000,32000,32000,32000,32000,32000,32000,32000,32000,32000,34,0,17000.0,20494.136044135837,4340.5387999955565,33912.110900040716,538.2941176470588
1789531191,20,,Aggregated,0.300000,0.000000,31000,31000,32000,32000,32000,32000,32000,32000,32000,32000,32000,44,0,17000.0,19495.703818194506,4340.5387999955565,33912.110900040716,61647.954545454544
1789531192,20,GET,/api/annotate-carpark,0.000000,0.000000,29000,29000,29000,29000,29000,29000,29000,29000,29000,29000,29000,10,0,11000.0,16101.034249993972,5261.430199956521,31205.119300051592,269420.8
1789531192,20,GET,/api/find-carparks,0.300000,0.000000,31000,31000,31000,31000,31000,31000,31000,31000,31000,31000,31000,34,0,17000.0,20494.136044135837,4340.5387999955565,33912.110900040716,538.2941176470588
1789531192,20,,Aggregated,0.300000,0.000000,31000,31000,31000,31000,31000,31000,31000,31000,31000,31000,31000,44,0,17000.0,19495.703818194506,4340.5387999955565,33912.110900040716,61647.954545454544
1789531193,20,GET,/api/annotate-carpark,0.100000,0.000000,29000,29000,29000,29000,29000,29000,29000,29000,29000,29000,29000,10,0,11000.0,16101.034249993972,5261.430199956521,31205.119300051592,269420.8
1789531193,20,GET,/api/find-carparks,0.300000,0.000000,31000,31000,31000,31000,31000,31000,31000,31000,31000,31000,31000,35,0,18000.0,20792.661817162298,4340.5387999955565,33912.110900040716,538.2571428571429
1789531193,20,,Aggregated,0.400000,0.000000,31000,31000,31000,31000,31000,31000,31000,31000,31000,31000,31000,45,0,17000.0,19750.077913347115,4340.5387999955565,33912.110900040716,60289.933333333334
1789531194,20,GET,/api/annotate-carpark,0.100000,0.000000,29000,29000,29000,29000,29000,29000,29000,29000,29000,29000,29000,10,0,11000.0,16101.034249993972,5261.430199956521,31205.119300051592,269420.8
1789531194,20,GET,/api/find-carparks,0.300000,0.000000,31000,31000,31000,31000,31000,31000,31000,31000,31000,31000,31000,35,0,18000.0,20792.661817162298,4340.5387999955565,33912.110900040716,538.2571428571429
1789531194,20,,Aggregated,0.400000,0.000000,31000,31000,31000,31000,31000,31000,31000,31000,31000,31000,31000,45,0,17000.0,19750.077913347115,4340.5387999955565,33912.110900040716,60289.933333333334
1789531195,20,GET,/api/annotate-carpark,0.100000,0.000000,29000,29000,29000,29000,29000,29000,29000,29000,29000,29000,29000,10,0,11000.0,16101.034249993972,5261.430199956521,31205.119300051592,269420.8
1789531195,20,GET,/api/find-carparks,0.300000,0.000000,31000,31000,31000,31000,31000,31000,31000,31000,31000,31000,31000,35,0,18000.0,20792.661817162298,4340.5387999955565,33912.110900040716,538.2571428571429
1789531195,20,,Aggregated,0.400000,0.000000,31000,31000,31000,31000,31000,31000,31000,31000,31000,31000,31000,45,0,17000.0,19750.077913347115,4340.5387999955565,33912.110900040716,60289.933333333334
1789531196,20,GET,/api/annotate-carpark,0.100000,0.000000,29000,29000,29000,29000,29000,29000,29000,29000,29000,29000,29000,10,0,11000.0,16101.034249993972,5261.430199956521,31205.119300051592,269420.8
1789531196,20,GET,/api/find-carparks,0.300000,0.000000,31000,31000,31000,31000,31000,31000,31000,31000,31000,31000,31000,36,0,18000.0,21071.832963908997,4340.5387999955565,33912.110900040716,538.25
1789531196,20,,Aggregated,0.400000,0.000000,31000,31000,31000,31000,31000,31000,31000,31000,31000,31000,31000,46,0,17000.0,19991.224547840513,4340.5387999955565,33912.110900040716,58990.97826086957
1789531197,20,GET,/api/annotate-carpark,0.100000,0.000000,29000,29000,29000,29000,29000,29000,29000,29000,29000,29000,29000,10,0,11000.0,16101.034249993972,5261.430199956521,31205.119300051592,269420.8
1789531197,20,GET,/api/find-carparks,0.300000,0.000000,31000,31000,31000,31000,31000,31000,31000,31000,31000,31000,31000,36,0,18000.0,21071.832963908997,4340.5387999955565,33912.110900040716,538.25
1789531197,20,,Aggregated,0.400000,0.000000,31000,31000,31000,31000,31000,31000,31000,31000,31000,31000,31000,46,0,17000.0,19991.224547840513,4340.5387999955565,33912.110900040716,58990.97826086957
1789531198,20,GET,/api/annotate-carpark,0.100000,0.000000,29000,29000,29000,29000,29000,29000,29000,29000,29000,29000,29000,10,0,11000.0,16101.034249993972,5261.430199956521,31205.119300051592,269420.8
1789531198,20,GET,/api/find-carparks,0.300000,0.000000,31000,31000,31000,31000,31000,31000,31000,31000,31000,31000,31000,36,0,18000.0,21071.832963908997,4340.5387999955565,33912.110900040716,538.25
1789531198,20,,Aggregated,0.400000,0.000000,31000,31000,31000,31000,31000,31000,31000,31000,31000,31000,31000,46,0,17000.0,19991.224547840513,4340.5387999955565,33912.110900040716,58990.97826086957
1789531199,20,GET,/api/annotate-carpark,0.100000,0.000000,29000,29000,29000,29000,29000,29000,29000,29000,29000,29000,29000,10,0,11000.0,16101.034249993972,5261.430199956521,31205.119300051592,269420.8
1789531199,20,GET,/api/find-carparks,0.300000,0.000000,31000,31000,31000,31000,31000,31000,31000,31000,31000,31000,31000,36,0,18000.0,21071.832963908997,4340.5387999955565,33912.110900040716,538.25
1789531199,20,,Aggregated,0.400000,0.000000,31000,31000,31000,31000,31000,31000,31000,31000,31000,31000,31000,46,0,17000.0,19991.224547840513,4340.5387999955565,33912.110900040716,58990.97826086957
1789531200,20,GET,/api/annotate-carpark,0.100000,0.000000,29000,29000,29000,29000,29000,29000,29000,29000,29000,29000,29000,10,0,11000.0,16101.034249993972,5261.430199956521,31205.119300051592,269420.8
1789531200,20,GET,/api/find-carparks,0.300000,0.000000,31000,31000,31000,31000,31000,31000,31000,31000,31000,31000,31000,37,0,18000.0,21315.190156773864,4340.5387999955565,33912.110900040716,538.2972972972973
1789531200,20,,Aggregated,0.400000,0.000000,31000,31000,31000,31000,31000,31000,31000,31000,31000,31000,31000,47,0,17000.0,20205.795282990908,4340.5387999955565,33912.110900040716,57747.34042553192
1789531201,20,GET,/api/annotate-carpark,0.100000,0.000000,29000,29000,29000,29000,29000,29000,29000,29000,29000,29000,29000,10,0,11000.0,16101.034249993972,5261.430199956521,31205.119300051592,269420.8
1789531201,20,GET,/api/find-carparks,0.300000,0.000000,31000,31000,31000,31000,31000,31000,31000,31000,31000,31000,31000,37,0,18000.0,21315.190156773864,4340.5387999955565,33912.110900040716,538.2972972972973
1789531201,20,,Aggregated,0.400000,0.000000,31000,31000,31000,31000,31000,31000,31000,31000,31000,31000,31000,47,0,17000.0,20205.795282990908,4340.5387999955565,33912.110900040716,57747.34042553192
1789531202,20,GET,/api/annotate-carpark,0.100000,0.000000,29000,29000,29000,29000,29000,29000,29000,29000,29000,29000,29000,10,0,11000.0,16101.034249993972,5261.430199956521,31205.119300051592,269420.8
1789531202,20,GET,/api/find-carparks,0.300000,0.000000,31000,31000,31000,31000,31000,31000,31000,31000,31000,31000,31000,37,0,18000.0,21315.190156773864,4340.5387999955565,33912.110900040716,538.2972972972973
1789531202,20,,Aggregated,0.400000,0.000000,31000,31000,31000,31000,31000,31000,31000,31000,31000,31000,31000,47,0,17000.0,20205.795282990908,4340.5387999955565,33912.110900040716,57747.34042553192
1789531203,20,GET,/api/annotate-carpark,0.000000,0.000000,29000,29000,29000,29000,29000,29000,29000,29000,29000,29000,29000,10,0,11000.0,16101.034249993972,5261.430199956521,31205.119300051592,269420.8
1789531203,20,GET,/api/find-carparks,0.300000,0.000000,31000,31000,33000,33000,33000,33000,33000,33000,33000,33000,33000,38,0,18000.0,21626.130628963245,4340.5387999955565,33912.110900040716,538.3157894736842
1789531203,20,,Aggregated,0.300000,0.000000,31000,31000,33000,33000,33000,33000,33000,33000,33000,33000,33000,48,0,17000.0,20475.068883344647,4340.5387999955565,33912.110900040716,56555.5
1789531204,20,GET,/api/annotate-carpark,0.000000,0.000000,29000,29000,29000,29000,29000,29000,29000,29000,29000,29000,29000,10,0,11000.0,16101.034249993972,5261.430199956521,31205.119300051592,269420.8
1789531204,20,GET,/api/find-carparks,0.300000,0.000000,31000,31000,33000,33000,33000,33000,33000,33000,33000,33000,33000,38,0,18000.0,21626.130628963245,4340.5387999955565,33912.110900040716,538.3157894736842
1789531204,20,,Aggregated,0.300000,0.000000,31000,31000,33000,33000,33000,33000,33000,33000,33000,33000,33000,48,0,17000.0,20475.068883344647,4340.5387999955565,33912.110900040716,56555.5
1789531205,20,GET,/api/annotate-carpark,0.000000,0.000000,29000,29000,29000,29000,29000,29000,29000,29000,29000,29000,29000,10,0,11000.0,16101.034249993972,5261.430199956521,31205.119300051592,269420.8
1789531205,20,GET,/api/find-carparks,0.300000,0.000000,31000,31000,33000,33000,33000,33000,33000,33000,33000,33000,33000,38,0,18000.0,21626.130628963245,4340.5387999955565,33912.110900040716,538.3157894736842
1789531205,20,,Aggregated,0.300000,0.000000,31000,31000,33000,33000,33000,33000,33000,33000,33000,33000,33000,48,0,17000.0,20475.068883344647,4340.5387999955565,33912.110900040716,56555.5
1789531206,20,GET,/api/annotate-carpark,0.000000,0.000000,0,0,0,0,0,0,0,0,0,0,0,10,0,11000.0,16101.034249993972,5261.430199956521,31205.119300051592,269420.8
1789531206,20,GET,/api/find-carparks,0.300000,0.000000,31000,31000,33000,33000,33000,33000,33000,33000,33000,33000,33000,38,0,18000.0,21626.130628963245,4340.5387999955565,33912.110900040716,538.3157894736842
1789531206,20,,Aggregated,0.300000,0.000000,31000,31000,33000,33000,33000,33000,33000,33000,33000,33000,33000,48,0,17000.0,20475.068883344647,4340.5387999955565,33912.110900040716,56555.5
1789531207,20,GET,/api/annotate-carpark,0.000000,0.000000,0,0,0,0,0,0,0,0,0,0,0,10,0,11000.0,16101.034249993972,5261.430199956521,31205.119300051592,269420.8
1789531207,20,GET,/api/find-carparks,0.300000,0.000000,33000,33000,33000,33000,33000,33000,33000,33000,33000,33000,33000,39,0,18000.0,21906.87607437408,4340.5387999955565,33912.110900040716,538.3076923076923
1789531207,20,,Aggregated,0.300000,0.000000,33000,33000,33000,33000,33000,33000,33000,33000,33000,33000,33000,49,0,18000.0,20722.01039592916,4340.5387999955565,33912.110900040716,55412.28571428572
1789531208,20,GET,/api/annotate-carpark,0.000000,0.000000,0,0,0,0,0,0,0,0,0,0,0,10,0,11000.0,16101.034249993972,5261.430199956521,31205.119300051592,269420.8
1789531208,20,GET,/api/find-carparks,0.300000,0.000000,33000,33000,33000,33000,33000,33000,33000,33000,33000,33000,33000,39,0,18000.0,21906.87607437408,4340.5387999955565,33912.110900040716,538.3076923076923
1789531208,20,,Aggregated,0.300000,0.000000,33000,33000,33000,33000,33000,33000,33000,33000,33000,33000,33000,49,0,18000.0,20722.01039592916,4340.5387999955565,33912.110900040716,55412.28571428572
1789531209,20,GET,/api/annotate-carpark,0.000000,0.000000,0,0,0,0,0,0,0,0,0,0,0,10,0,11000.0,16101.034249993972,5261.430199956521,31205.119300051592,269420.8
1789531209,20,GET,/api/find-carparks,0.300000,0.000000,33000,33000,33000,33000,33000,33000,33000,33000,33000,33000,33000,39,0,18000.0,21906.87607437408,4340.5387999955565,33912.110900040716,538.3076923076923
1789531209,20,,Aggregated,0.300000,0.000000,33000,33000,33000,33000,33000,33000,33000,33000,33000,33000,33000,49,0,18000.0,20722.01039592916,4340.5387999955565,33912.110900040716,55412.28571428572
1789531210,20,GET,/api/annotate-carpark,0.000000,0.000000,0,0,0,0,0,0,0,0,0,0,0,10,0,11000.0,16101.034249993972,5261.430199956521,31205.119300051592,269420.8
1789531210,20,GET,/api/find-carparks,0.300000,0.000000,33000,33000,33000,33000,33000,33000,33000,33000,33000,33000,33000,40,0,18000.0,22145.695535014966,4340.5387999955565,33912.110900040716,538.35
1789531210,20,,Aggregated,0.300000,0.000000,33000,33000,33000,33000,33000,33000,33000,33000,33000,33000,33000,50,0,18000.0,20936.763278010767,4340.5387999955565,33912.110900040716,54314.84
1789531211,20,GET,/api/annotate-carpark,0.000000,0.000000,0,0,0,0,0,0,0,0,0,0,0,10,0,11000.0,16101.034249993972,5261.430199956521,31205.119300051592,269420.8
1789531211,20,GET,/api/find-carparks,0.300000,0.000000,33000,33000,33000,33000,33000,33000,33000,33000,33000,33000,33000,40,0,18000.0,22145.695535014966,4340.5387999955565,33912.110900040716,538.35
1789531211,20,,Aggregated,0.300000,0.000000,33000,33000,33000,33000,33000,33000,33000,33000,33000,33000,33000,50,0,18000.0,20936.763278010767,4340.5387999955565,33912.110900040716,54314.84
1789531212,20,GET,/api/annotate-carpark,0.000000,0.000000,0,0,0,0,0,0,0,0,0,0,0,10,0,11000.0,16101.034249993972,5261.430199956521,31205.119300051592,269420.8
1789531212,20,GET,/api/find-carparks,0.300000,0.000000,33000,33000,33000,33000,33000,33000,33000,33000,33000,33000,33000,40,0,18000.0,22145.695535014966,4340.5387999955565,33912.110900040716,538.35
1789531212,20,,Aggregated,0.300000,0.000000,33000,33000,33000,33000,33000,33000,33000,33000,33000,33000,33000,50,0,18000.0,20936.763278010767,4340.5387999955565,33912.110900040716,54314.84
1789531213,20,GET,/api/annotate-carpark,0.000000,0.000000,0,0,0,0,0,0,0,0,0,0,0,10,0,11000.0,16101.034249993972,5261.430199956521,31205.119300051592,269420.8
1789531213,20,GET,/api/find-carparks,0.300000,0.000000,33000,33000,33000,33000,33000,33000,33000,33000,33000,33000,33000,40,0,18000.0,22145.695535014966,4340.5387999955565,33912.110900040716,538.35
1789531213,20,,Aggregated,0.300000,0.000000,33000,33000,33000,33000,33000,33000,33000,33000,33000,33000,33000,50,0,18000.0,20936.763278010767,4340.5387999955565,33912.110900040716,54314.84
1789531214,20,GET,/api/annotate-carpark,0.000000,0.000000,0,0,0,0,0,0,0,0,0,0,0,10,0,11000.0,16101.034249993972,5261.430199956521,31205.119300051592,269420.8
1789531214,20,GET,/api/find-carparks,0.300000,0.000000,32000,32000,33000,33000,33000,33000,33000,33000,33000,33000,33000,41,0,19000.0,22377.323031720774,4340.5387999955565,33912.110900040716,538.4634146341464
1789531214,20,,Aggregated,0.300000,0.000000,32000,32000,33000,33000,33000,33000,33000,33000,33000,33000,33000,51,0,18000.0,21146.678172558655,4340.5387999955565,33912.110900040716,53260.490196078434
1789531215,20,GET,/api/annotate-carpark,0.000000,0.000000,0,0,0,0,0,0,0,0,0,0,0,10,0,11000.0,16101.034249993972,5261.430199956521,31205.119300051592,269420.8
1789531215,20,GET,/api/find-carparks,0.300000,0.000000,32000,32000,33000,33000,33000,33000,33000,33000,33000,33000,33000,41,0,19000.0,22377.323031720774,4340.5387999955565,33912.110900040716,538.4634146341464
1789531215,20,,Aggregated,0.300000,0.000000,32000,32000,33000,33000,33000,33000,33000,33000,33000,33000,33000,51,0,18000.0,21146.678172558655,4340.5387999955565,33912.110900040716,53260.490196078434
1789531216,20,GET,/api/annotate-carpark,0.000000,0.000000,0,0,0,0,0,0,0,0,0,0,0,10,0,11000.0,16101.034249993972,5261.430199956521,31205.119300051592,269420.8
1789531216,20,GET,/api/find-carparks,0.300000,0.000000,32000,32000,33000,33000,33000,33000,33000,33000,33000,33000,33000,41,0,19000.0,22377.323031720774,4340.5387999955565,33912.110900040716,538.4634146341464
1789531216,20,,Aggregated,0.300000,0.000000,32000,32000,33000,33000,33000,33000,33000,33000,33000,33000,33000,51,0,18000.0,21146.678172558655,4340.5387999955565,33912.110900040716,53260.490196078434
1789531217,20,GET,/api/annotate-carpark,0.000000,0.000000,0,0,0,0,0,0,0,0,0,0,0,10,0,11000.0,16101.034249993972,5261.430199956521,31205.119300051592,269420.8
1789531217,20,GET,/api/find-carparks,0.300000,0.000000,32000,32000,33000,33000,33000,33000,33000,33000,33000,33000,33000,42,0,19000.0,22596.986938109952,4340.5387999955565,33912.110900040716,538.4285714285714
1789531217,20,,Aggregated,0.300000,0.000000,32000,32000,33000,33000,33000,33000,33000,33000,33000,33000,33000,52,0,18000.0,21347.76526731842,4340.5387999955565,33912.110900040716,52246.57692307692
1789531218,20,GET,/api/annotate-carpark,0.000000,0.000000,0,0,0,0,0,0,0,0,0,0,0,10,0,11000.0,16101.034249993972,5261.430199956521,31205.119300051592,269420.8
1789531218,20,GET,/api/find-carparks,0.300000,0.000000,32000,32000,32000,32000,32000,32000,32000,32000,32000,32000,32000,42,0,19000.0,22596.986938109952,4340.5387999955565,33912.110900040716,538.4285714285714
1789531218,20,,Aggregated,0.300000,0.000000,32000,32000,32000,32000,32000,32000,32000,32000,32000,32000,32000,52,0,18000.0,21347.76526731842,4340.5387999955565,33912.110900040716,52246.57692307692
1789531219,20,GET,/api/annotate-carpark,0.000000,0.000000,0,0,0,0,0,0,0,0,0,0,0,10,0,11000.0,16101.034249993972,5261.430199956521,31205.119300051592,269420.8
1789531219,20,GET,/api/find-carparks,0.300000,0.000000,32000,32000,32000,32000,32000,32000,32000,32000,32000,32000,32000,42,0,19000.0,22596.986938109952,4340.5387999955565,33912.110900040716,538.4285714285714
1789531219,20,,Aggregated,0.300000,0.000000,32000,32000,32000,32000,32000,32000,32000,32000,32000,32000,32000,52,0,18000.0,21347.76526731842,4340.5387999955565,33912.110900040716,52246.57692307692
1789531220,20,GET,/api/annotate-carpark,0.000000,0.000000,0,0,0,0,0,0,0,0,0,0,0,10,0,11000.0,16101.034249993972,5261.430199956521,31205.119300051592,269420.8
1789531220,20,GET,/api/find-carparks,0.300000,0.000000,32000,32000,32000,32000,32000,32000,32000,32000,32000,32000,32000,42,0,19000.0,22596.986938109952,4340.5387999955565,33912.110900040716,538.4285714285714
1789531220,20,,Aggregated,0.300000,0.000000,32000,32000,32000,32000,32000,32000,32000,32000,32000,32000,32000,52,0,18000.0,21347.76526731842,4340.5387999955565,33912.110900040716,52246.57692307692
1789531221,20,GET,/api/annotate-carpark,0.000000,0.000000,0,0,0,0,0,0,0,0,0,0,0,10,0,11000.0,16101.034249993972,5261.430199956521,31205.119300051592,269420.8
1789531221,20,GET,/api/find-carparks,0.300000,0.000000,32000,32000,33000,33000,33000,33000,33000,33000,33000,33000,33000,43,0,21000.0,22840.772376758545,4340.5387999955565,33912.110900040716,538.4186046511628
1789531221,20,,Aggregated,0.300000,0.000000,32000,32000,33000,33000,33000,33000,33000,33000,33000,33000,33000,53,0,18000.0,21569.12367359542,4340.5387999955565,33912.110900040716,51270.943396226416
1789531222,20,GET,/api/annotate-carpark,0.000000,0.000000,0,0,0,0,0,0,0,0,0,0,0,10,0,11000.0,16101.034249993972,5261.430199956521,31205.119300051592,269420.8
1789531222,20,GET,/api/find-carparks,0.300000,0.000000,32000,32000,33000,33000,33000,33000,33000,33000,33000,33000,33000,43,0,21000.0,22840.772376758545,4340.5387999955565,33912.110900040716,538.4186046511628
1789531222,20,,Aggregated,0.300000,0.000000,32000,32000,33000,33000,33000,33000,33000,33000,33000,33000,33000,53,0,18000.0,21569.12367359542,4340.5387999955565,33912.110900040716,51270.943396226416
1789531223,20,GET,/api/annotate-carpark,0.000000,0.000000,0,0,0,0,0,0,0,0,0,0,0,10,0,11000.0,16101.034249993972,5261.430199956521,31205.119300051592,269420.8
1789531223,20,GET,/api/find-carparks,0.300000,0.000000,32000,32000,33000,33000,33000,33000,33000,33000,33000,33000,33000,43,0,21000.0,22840.772376758545,4340.5387999955565,33912.110900040716,538.4186046511628
1789531223,20,,Aggregated,0.300000,0.000000,32000,32000,33000,33000,33000,33000,33000,33000,33000,33000,33000,53,0,18000.0,21569.12367359542,4340.5387999955565,33912.110900040716,51270.943396226416
1789531224,20,GET,/api/annotate-carpark,0.000000,0.000000,0,0,0,0,0,0,0,0,0,0,0,10,0,11000.0,16101.034249993972,5261.430199956521,31205.119300051592,269420.8
1789531224,20,GET,/api/find-carparks,0.300000,0.000000,33000,33000,37000,37000,37000,37000,37000,37000,37000,37000,37000,44,0,21000.0,23152.072706833926,4340.5387999955565,36537.98690007534,538.4090909090909
1789531224,20,,Aggregated,0.300000,0.000000,33000,33000,37000,37000,37000,37000,37000,37000,37000,37000,37000,54,0,18000.0,21846.324844456158,4340.5387999955565,36537.98690007534,50331.444444444445
1789531225,20,GET,/api/annotate-carpark,0.000000,0.000000,0,0,0,0,0,0,0,0,0,0,0,10,0,11000.0,16101.034249993972,5261.430199956521,31205.119300051592,269420.8
1789531225,20,GET,/api/find-carparks,0.300000,0.000000,33000,33000,37000,37000,37000,37000,37000,37000,37000,37000,37000,44,0,21000.0,23152.072706833926,4340.5387999955565,36537.98690007534,538.4090909090909
1789531225,20,,Aggregated,0.300000,0.000000,33000,33000,37000,37000,37000,37000,37000,37000,37000,37000,37000,54,0,18000.0,21846.324844456158,4340.5387999955565,36537.98690007534,50331.444444444445
1789531226,20,GET,/api/annotate-carpark,0.000000,0.000000,0,0,0,0,0,0,0,0,0,0,0,10,0,11000.0,16101.034249993972,5261.430199956521,31205.119300051592,269420.8
1789531226,20,GET,/api/find-carparks,0.300000,0.000000,33000,33000,37000,37000,37000,37000,37000,37000,37000,37000,37000,44,0,21000.0,23152.072706833926,4340.5387999955565,36537.98690007534,538.4090909090909
1789531226,20,,Aggregated,0.300000,0.000000,33000,33000,37000,37000,37000,37000,37000,37000,37000,37000,37000,54,0,18000.0,21846.324844456158,4340.5387999955565,36537.98690007534,50331.444444444445
1789531227,20,GET,/api/annotate-carpark,0.000000,0.000000,0,0,0,0,0,0,0,0,0,0,0,10,0,11000.0,16101.034249993972,5261.430199956521,31205.119300051592,269420.8
1789531227,20,GET,/api/find-carparks,0.300000,0.000000,33000,33000,37000,37000,37000,37000,37000,37000,37000,37000,37000,44,0,21000.0,23152.072706833926,4340.5387999955565,36537.98690007534,538.4090909090909
1789531227,20,,Aggregated,0.300000,0.000000,33000,33000,37000,37000,37000,37000,37000,37000,37000,37000,37000,54,0,18000.0,21846.324844456158,4340.5387999955565,36537.98690007534,50331.444444444445
1789531228,20,GET,/api/annotate-carpark,0.000000,0.000000,0,0,0,0,0,0,0,0,0,0,0,10,0,11000.0,16101.034249993972,5261.430199956521,31205.119300051592,269420.8
1789531228,20,GET,/api/find-carparks,0.300000,0.000000,37000,37000,40000,40000,40000,40000,40000,40000,40000,40000,40000,45,0,26000.0,23527.30124223615,4340.5387999955565,40037.35679993406,538.4222222222222
1789531228,20,,Aggregated,0.300000,0.000000,37000,37000,40000,40000,40000,40000,40000,40000,40000,40000,40000,55,0,19000.0,22177.070880010302,4340.5387999955565,40037.35679993406,49426.12727272727
1789531229,20,GET,/api/annotate-carpark,0.000000,0.000000,0,0,0,0,0,0,0,0,0,0,0,10,0,11000.0,16101.034249993972,5261.430199956521,31205.119300051592,269420.8
1789531229,20,GET,/api/find-carparks,0.300000,0.000000,37000,37000,40000,40000,40000,40000,40000,40000,40000,40000,40000,45,0,26000.0,23527.30124223615,4340.5387999955565,40037.35679993406,538.4222222222222
1789531229,20,,Aggregated,0.300000,0.000000,37000,37000,40000,40000,40000,40000,40000,40000,40000,40000,40000,55,0,19000.0,22177.070880010302,4340.5387999955565,40037.35679993406,49426.12727272727
1789531230,20,GET,/api/annotate-carpark,0.000000,0.000000,0,0,0,0,0,0,0,0,0,0,0,10,0,11000.0,16101.034249993972,5261.430199956521,31205.119300051592,269420.8
1789531230,20,GET,/api/find-carparks,0.300000,0.000000,37000,37000,40000,40000,40000,40000,40000,40000,40000,40000,40000,45,0,26000.0,23527.30124223615,4340.5387999955565,40037.35679993406,538.4222222222222
1789531230,20,,Aggregated,0.300000,0.000000,37000,37000,40000,40000,40000,40000,40000,40000,40000,40000,40000,55,0,19000.0,22177.070880010302,4340.5387999955565,40037.35679993406,49426.12727272727
1789531231,20,GET,/api/annotate-carpark,0.000000,0.000000,0,0,0,0,0,0,0,0,0,0,0,10,0,11000.0,16101.034249993972,5261.430199956521,31205.119300051592,269420.8
1789531231,20,GET,/api/find-carparks,0.300000,0.000000,40000,40000,43000,43000,43000,43000,43000,43000,43000,43000,43000,46,0,26000.0,23960.0372826225,4340.5387999955565,43433.1591000082,538.4782608695652
1789531231,20,,Aggregated,0.300000,0.000000,40000,40000,43000,43000,43000,43000,43000,43000,43000,43000,43000,56,0,19000.0,22556.643883938836,4340.5387999955565,43433.1591000082,48553.17857142857
1789531232,20,GET,/api/annotate-carpark,0.000000,0.000000,0,0,0,0,0,0,0,0,0,0,0,10,0,11000.0,16101.034249993972,5261.430199956521,31205.119300051592,269420.8
1789531232,20,GET,/api/find-carparks,0.300000,0.000000,40000,40000,43000,43000,43000,43000,43000,43000,43000,43000,43000,46,0,26000.0,23960.0372826225,4340.5387999955565,43433.1591000082,538.4782608695652
1789531232,20,,Aggregated,0.300000,0.000000,40000,40000,43000,43000,43000,43000,43000,43000,43000,43000,43000,56,0,19000.0,22556.643883938836,4340.5387999955565,43433.1591000082,48553.17857142857
1789531233,20,GET,/api/annotate-carpark,0.000000,0.000000,0,0,0,0,0,0,0,0,0,0,0,10,0,11000.0,16101.034249993972,5261.430199956521,31205.119300051592,269420.8
1789531233,20,GET,/api/find-carparks,0.300000,0.000000,40000,40000,43000,43000,43000,43000,43000,43000,43000,43000,43000,46,0,26000.0,23960.0372826225,4340.5387999955565,43433.1591000082,538.4782608695652
1789531233,20,,Aggregated,0.300000,0.000000,40000,40000,43000,43000,43000,43000,43000,43000,43000,43000,43000,56,0,19000.0,22556.643883938836,4340.5387999955565,43433.1591000082,48553.17857142857
1789531234,20,GET,/api/annotate-carpark,0.000000,0.000000,0,0,0,0,0,0,0,0,0,0,0,10,0,11000.0,16101.034249993972,5261.430199956521,31205.119300051592,269420.8
1789531234,20,GET,/api/find-carparks,0.300000,0.000000,40000,40000,43000,43000,43000,43000,43000,43000,43000,43000,43000,46,0,26000.0,23960.0372826225,4340.5387999955565,43433.1591000082,538.4782608695652
1789531234,20,,Aggregated,0.300000,0.000000,40000,40000,43000,43000,43000,43000,43000,43000,43000,43000,43000,56,0,19000.0,22556.643883938836,4340.5387999955565,43433.1591000082,48553.17857142857
1789531235,20,GET,/api/annotate-carpark,0.000000,0.000000,0,0,0,0,0,0,0,0,0,0,0,10,0,11000.0,16101.034249993972,5261.430199956521,31205.119300051592,269420.8
1789531235,20,GET,/api/find-carparks,0.300000,0.000000,43000,43000,47000,47000,47000,47000,47000,47000,47000,47000,47000,47,0,30000.0,24452.13073192838,4340.5387999955565,47088.42939999886,538.468085106383
1789531235,20,,Aggregated,0.300000,0.000000,43000,43000,47000,47000,47000,47000,47000,47000,47000,47000,47000,57,0,21000.0,22987.026085974976,4340.5387999955565,47088.42939999886,47710.80701754386
1789531236,20,GET,/api/annotate-carpark,0.000000,0.000000,47000,47000,47000,47000,47000,47000,47000,47000,47000,47000,47000,12,0,14000.0,21276.80262499295,5261.430199956521,47450.539399986155,271357.5
1789531236,20,GET,/api/find-carparks,0.300000,0.000000,43000,43000,47000,47000,47000,47000,47000,47000,47000,47000,47000,47,0,30000.0,24452.13073192838,4340.5387999955565,47088.42939999886,538.468085106383
1789531236,20,,Aggregated,0.300000,0.000000,47000,47000,47000,47000,47000,47000,47000,47000,47000,47000,47000,59,0,26000.0,23806.301286449987,4340.5387999955565,47450.539399986155,55620.30508474576
1789531237,20,GET,/api/annotate-carpark,0.000000,0.000000,47000,47000,47000,47000,47000,47000,47000,47000,47000,47000,47000,12,0,14000.0,21276.80262499295,5261.430199956521,47450.539399986155,271357.5
1789531237,20,GET,/api/find-carparks,0.300000,0.000000,43000,43000,47000,47000,47000,47000,47000,47000,47000,47000,47000,47,0,30000.0,24452.13073192838,4340.5387999955565,47088.42939999886,538.468085106383
1789531237,20,,Aggregated,0.300000,0.000000,47000,47000,47000,47000,47000,47000,47000,47000,47000,47000,47000,59,0,26000.0,23806.301286449987,4340.5387999955565,47450.539399986155,55620.30508474576
1789531238,20,GET,/api/annotate-carpark,0.000000,0.000000,47000,47000,47000,47000,47000,47000,47000,47000,47000,47000,47000,12,0,14000.0,21276.80262499295,5261.430199956521,47450.539399986155,271357.5
1789531238,20,GET,/api/find-carparks,0.300000,0.000000,43000,43000,47000,47000,47000,47000,47000,47000,47000,47000,47000,47,0,30000.0,24452.13073192838,4340.5387999955565,47088.42939999886,538.468085106383
1789531238,20,,Aggregated,0.300000,0.000000,47000,47000,47000,47000,47000,47000,47000,47000,47000,47000,47000,59,0,26000.0,23806.301286449987,4340.5387999955565,47450.539399986155,55620.30508474576
1789531239,20,GET,/api/annotate-carpark,0.000000,0.000000,47000,47000,47000,47000,47000,47000,47000,47000,47000,47000,47000,12,0,14000.0,21276.80262499295,5261.430199956521,47450.539399986155,271357.5
1789531239,20,GET,/api/find-carparks,0.300000,0.000000,47000,47000,47000,47000,47000,47000,47000,47000,47000,47000,47000,47,0,30000.0,24452.13073192838,4340.5387999955565,47088.42939999886,538.468085106383
1789531239,20,,Aggregated,0.300000,0.000000,47000,47000,47000,47000,47000,47000,47000,47000,47000,47000,47000,59,0,26000.0,23806.301286449987,4340.5387999955565,47450.539399986155,55620.30508474576
1789531240,20,GET,/api/annotate-carpark,0.200000,0.000000,47000,47000,47000,47000,47000,47000,47000,47000,47000,47000,47000,12,0,14000.0,21276.80262499295,5261.430199956521,47450.539399986155,271357.5
1789531240,20,GET,/api/find-carparks,0.300000,0.000000,47000,47000,51000,51000,51000,51000,51000,51000,51000,51000,51000,48,0,30000.0,25003.46662709732,4340.5387999955565,50916.25370003749,538.5
1789531240,20,,Aggregated,0.500000,0.000000,47000,47000,47000,51000,51000,51000,51000,51000,51000,51000,51000,60,0,26000.0,24258.133826676447,4340.5387999955565,50916.25370003749,54702.3
1789531241,20,GET,/api/annotate-carpark,0.200000,0.000000,47000,47000,47000,47000,47000,47000,47000,47000,47000,47000,47000,12,0,14000.0,21276.80262499295,5261.430199956521,47450.539399986155,271357.5
1789531241,20,GET,/api/find-carparks,0.300000,0.000000,47000,47000,51000,51000,51000,51000,51000,51000,51000,51000,51000,48,0,30000.0,25003.46662709732,4340.5387999955565,50916.25370003749,538.5
1789531241,20,,Aggregated,0.500000,0.000000,47000,47000,47000,51000,51000,51000,51000,51000,51000,51000,51000,60,0,26000.0,24258.133826676447,4340.5387999955565,50916.25370003749,54702.3
1789531242,20,GET,/api/annotate-carpark,0.200000,0.000000,47000,47000,47000,47000,47000,47000,47000,47000,47000,47000,47000,12,0,14000.0,21276.80262499295,5261.430199956521,47450.539399986155,271357.5
1789531242,20,GET,/api/find-carparks,0.300000,0.000000,47000,47000,51000,51000,51000,51000,51000,51000,51000,51000,51000,48,0,30000.0,25003.46662709732,4340.5387999955565,50916.25370003749,538.5
1789531242,20,,Aggregated,0.500000,0.000000,47000,47000,47000,51000,51000,51000,51000,51000,51000,51000,51000,60,0,26000.0,24258.133826676447,4340.5387999955565,50916.25370003749,54702.3
1789531243,20,GET,/api/annotate-carpark,0.200000,0.000000,47000,47000,47000,47000,47000,47000,47000,47000,47000,47000,47000,12,0,14000.0,21276.80262499295,5261.430199956521,47450.539399986155,271357.5
1789531243,20,GET,/api/find-carparks,0.300000,0.000000,51000,51000,54000,54000,54000,54000,54000,54000,54000,54000,54000,49,0,30000.0,25603.1485347063,4340.5387999955565,54387.88009993732,538.5918367346939
1789531243,20,,Aggregated,0.500000,0.000000,47000,51000,51000,54000,54000,54000,54000,54000,54000,54000,54000,61,0,29000.0,24752.064093451216,4340.5387999955565,54387.88009993732,53814.44262295082
1789531244,20,GET,/api/annotate-carpark,0.200000,0.000000,47000,47000,47000,47000,47000,47000,47000,47000,47000,47000,47000,12,0,14000.0,21276.80262499295,5261.430199956521,47450.539399986155,271357.5
1789531244,20,GET,/api/find-carparks,0.300000,0.000000,51000,51000,54000,54000,54000,54000,54000,54000,54000,54000,54000,49,0,30000.0,25603.1485347063,4340.5387999955565,54387.88009993732,538.5918367346939
1789531244,20,,Aggregated,0.500000,0.000000,47000,51000,51000,54000,54000,54000,54000,54000,54000,54000,54000,61,0,29000.0,24752.064093451216,4340.5387999955565,54387.88009993732,53814.44262295082
1789531245,20,GET,/api/annotate-carpark,0.200000,0.000000,47000,47000,47000,47000,47000,47000,47000,47000,47000,47000,47000,12,0,14000.0,21276.80262499295,5261.430199956521,47450.539399986155,271357.5
1789531245,20,GET,/api/find-carparks,0.300000,0.000000,51000,51000,54000,54000,54000,54000,54000,54000,54000,54000,54000,49,0,30000.0,25603.1485347063,4340.5387999955565,54387.88009993732,538.5918367346939
1789531245,20,,Aggregated,0.500000,0.000000,51000,51000,54000,54000,54000,54000,54000,54000,54000,54000,54000,61,0,29000.0,24752.064093451216,4340.5387999955565,54387.88009993732,53814.44262295082
1789531246,20,GET,/api/annotate-carpark,0.200000,0.000000,47000,47000,47000,47000,47000,47000,47000,47000,47000,47000,47000,12,0,14000.0,21276.80262499295,5261.430199956521,47450.539399986155,271357.5
1789531246,20,GET,/api/find-carparks,0.300000,0.000000,51000,51000,54000,54000,54000,54000,54000,54000,54000,54000,54000,49,0,30000.0,25603.1485347063,4340.5387999955565,54387.88009993732,538.5918367346939
1789531246,20,,Aggregated,0.500000,0.000000,51000,51000,54000,54000,54000,54000,54000,54000,54000,54000,54000,61,0,29000.0,24752.064093451216,4340.5387999955565,54387.88009993732,53814.44262295082
1789531247,20,GET,/api/annotate-carpark,0.200000,0.000000,47000,47000,47000,47000,47000,47000,47000,47000,47000,47000,47000,12,0,14000.0,21276.80262499295,5261.430199956521,47450.539399986155,271357.5
1789531247,20,GET,/api/find-carparks,0.300000,0.000000,54000,54000,58000,58000,58000,58000,58000,58000,58000,58000,58000,50,0,30000.0,26248.03427601233,4340.5387999955565,57847.435600007884,538.64
1789531247,20,,Aggregated,0.500000,0.000000,54000,54000,58000,58000,58000,58000,58000,58000,58000,58000,58000,62,0,29000.0,25285.860408073095,4340.5387999955565,57847.435600007884,52955.1935483871
1789531248,20,GET,/api/annotate-carpark,0.200000,0.000000,47000,47000,47000,47000,47000,47000,47000,47000,47000,47000,47000,12,0,14000.0,21276.80262499295,5261.430199956521,47450.539399986155,271357.5
1789531248,20,GET,/api/find-carparks,0.300000,0.000000,54000,54000,58000,58000,58000,58000,58000,58000,58000,58000,58000,50,0,30000.0,26248.03427601233,4340.5387999955565,57847.435600007884,538.64
1789531248,20,,Aggregated,0.500000,0.000000,54000,54000,58000,58000,58000,58000,58000,58000,58000,58000,58000,62,0,29000.0,25285.860408073095,4340.5387999955565,57847.435600007884,52955.1935483871
1789531249,20,GET,/api/annotate-carpark,0.200000,0.000000,47000,47000,47000,47000,47000,47000,47000,47000,47000,47000,47000,12,0,14000.0,21276.80262499295,5261.430199956521,47450.539399986155,271357.5
1789531249,20,GET,/api/find-carparks,0.300000,0.000000,54000,54000,58000,58000,58000,58000,58000,58000,58000,58000,58000,50,0,30000.0,26248.03427601233,4340.5387999955565,57847.435600007884,538.64
1789531249,20,,Aggregated,0.500000,0.000000,54000,54000,58000,58000,58000,58000,58000,58000,58000,58000,58000,62,0,29000.0,25285.860408073095,4340.5387999955565,57847.435600007884,52955.1935483871
1789531250,20,GET,/api/annotate-carpark,0.000000,0.000000,47000,47000,47000,47000,47000,47000,47000,47000,47000,47000,47000,12,0,14000.0,21276.80262499295,5261.430199956521,47450.539399986155,271357.5
1789531250,20,GET,/api/find-carparks,0.300000,0.000000,58000,58000,61000,61000,61000,61000,61000,61000,61000,61000,61000,51,0,31000.0,26927.44245883488,4340.5387999955565,60897.85159996245,538.5686274509804
1789531250,20,,Aggregated,0.300000,0.000000,58000,58000,61000,61000,61000,61000,61000,61000,61000,61000,61000,63,0,30000.0,25851.130109531656,4340.5387999955565,60897.85159996245,52123.12698412698
1789531251,20,GET,/api/annotate-carpark,0.000000,0.000000,47000,47000,47000,47000,47000,47000,47000,47000,47000,47000,47000,12,0,14000.0,21276.80262499295,5261.430199956521,47450.539399986155,271357.5
1789531251,20,GET,/api/find-carparks,0.300000,0.000000,58000,58000,61000,61000,61000,61000,61000,61000,61000,61000,61000,51,0,31000.0,26927.44245883488,4340.5387999955565,60897.85159996245,538.5686274509804
1789531251,20,,Aggregated,0.300000,0.000000,58000,58000,61000,61000,61000,61000,61000,61000,61000,61000,61000,63,0,30000.0,25851.130109531656,4340.5387999955565,60897.85159996245,52123.12698412698
1789531252,20,GET,/api/annotate-carpark,0.000000,0.000000,47000,47000,47000,47000,47000,47000,47000,47000,47000,47000,47000,12,0,14000.0,21276.80262499295,5261.430199956521,47450.539399986155,271357.5
1789531252,20,GET,/api/find-carparks,0.300000,0.000000,58000,58000,61000,61000,61000,61000,61000,61000,61000,61000,61000,51,0,31000.0,26927.44245883488,4340.5387999955565,60897.85159996245,538.5686274509804
1789531252,20,,Aggregated,0.300000,0.000000,58000,58000,61000,61000,61000,61000,61000,61000,61000,61000,61000,63,0,30000.0,25851.130109531656,4340.5387999955565,60897.85159996245,52123.12698412698
1789531253,20,GET,/api/annotate-carpark,0.000000,0.000000,47000,47000,47000,47000,47000,47000,47000,47000,47000,47000,47000,12,0,14000.0,21276.80262499295,5261.430199956521,47450.539399986155,271357.5
1789531253,20,GET,/api/find-carparks,0.300000,0.000000,61000,61000,64000,64000,64000,64000,64000,64000,64000,64000,64000,52,0,31000.0,27636.245559625633,4340.5387999955565,63785.203699953854,538.5384615384615
1789531253,20,,Aggregated,0.300000,0.000000,61000,61000,64000,64000,64000,64000,64000,64000,64000,64000,64000,64,0,30000.0,26443.850009382004,4340.5387999955565,63785.203699953854,51317.09375
1789531254,20,GET,/api/annotate-carpark,0.000000,0.000000,0,0,0,0,0,0,0,0,0,0,0,13,0,15000.0,24255.0678846086,5261.430199956521,59994.25099999644,269038.0
1789531254,20,GET,/api/find-carparks,0.300000,0.000000,61000,61000,64000,64000,64000,64000,64000,64000,64000,64000,64000,52,0,31000.0,27636.245559625633,4340.5387999955565,63785.203699953854,538.5384615384615
1789531254,20,,Aggregated,0.300000,0.000000,61000,61000,64000,64000,64000,64000,64000,64000,64000,64000,64000,65,0,30000.0,26960.010024622225,4340.5387999955565,63785.203699953854,54238.43076923077
1789531255,20,GET,/api/annotate-carpark,0.000000,0.000000,60000,60000,60000,60000,60000,60000,60000,60000,60000,60000,60000,14,0,15000.0,26669.865128567577,5261.430199956521,59994.25099999644,266659.21428571426
1789531255,20,GET,/api/find-carparks,0.300000,0.000000,61000,61000,64000,64000,64000,64000,64000,64000,64000,64000,64000,52,0,31000.0,27636.245559625633,4340.5387999955565,63785.203699953854,538.5384615384615
1789531255,20,,Aggregated,0.300000,0.000000,60000,61000,61000,64000,64000,64000,64000,64000,64000,64000,64000,66,0,30000.0,27431.255771219377,4340.5387999955565,63785.203699953854,56988.378787878784
1789531256,20,GET,/api/annotate-carpark,0.000000,0.000000,60000,60000,60000,60000,60000,60000,60000,60000,60000,60000,60000,14,0,15000.0,26669.865128567577,5261.430199956521,59994.25099999644,266659.21428571426
1789531256,20,GET,/api/find-carparks,0.300000,0.000000,61000,61000,64000,64000,64000,64000,64000,64000,64000,64000,64000,52,0,31000.0,27636.245559625633,4340.5387999955565,63785.203699953854,538.5384615384615
1789531256,20,,Aggregated,0.300000,0.000000,60000,61000,61000,64000,64000,64000,64000,64000,64000,64000,64000,66,0,30000.0,27431.255771219377,4340.5387999955565,63785.203699953854,56988.378787878784
1789531257,25,GET,/api/annotate-carpark,0.000000,0.000000,60000,60000,60000,60000,60000,60000,60000,60000,60000,60000,60000,14,0,15000.0,26669.865128567577,5261.430199956521,59994.25099999644,266659.21428571426
1789531257,25,GET,/api/find-carparks,0.300000,0.000000,61000,61000,64000,64000,64000,64000,64000,64000,64000,64000,64000,52,0,31000.0,27636.245559625633,4340.5387999955565,63785.203699953854,538.5384615384615
1789531257,25,,Aggregated,0.300000,0.000000,60000,61000,61000,64000,64000,64000,64000,64000,64000,64000,64000,66,0,30000.0,27431.255771219377,4340.5387999955565,63785.203699953854,56988.378787878784
1789531258,30,GET,/api/annotate-carpark,0.200000,0.000000,60000,60000,60000,60000,60000,60000,60000,60000,60000,60000,60000,14,0,15000.0,26669.865128567577,5261.430199956521,59994.25099999644,266659.21428571426
1789531258,30,GET,/api/find-carparks,0.300000,0.000000,61000,61000,64000,64000,64000,64000,64000,64000,64000,64000,64000,53,0,31000.0,28189.569586802292,4340.5387999955565,63785.203699953854,538.6037735849056
1789531258,30,,Aggregated,0.500000,0.000000,60000,61000,61000,64000,64000,64000,64000,64000,64000,64000,64000,67,0,31000.0,27872.019401499514,4340.5387999955565,63785.203699953854,56145.89552238806
1789531259,35,GET,/api/annotate-carpark,0.200000,0.000000,60000,60000,60000,60000,60000,60000,60000,60000,60000,60000,60000,14,0,15000.0,26669.865128567577,5261.430199956521,59994.25099999644,266659.21428571426
1789531259,35,GET,/api/find-carparks,0.300000,0.000000,61000,61000,64000,64000,64000,64000,64000,64000,64000,64000,64000,53,0,31000.0,28189.569586802292,4340.5387999955565,63785.203699953854,538.6037735849056
1789531259,35,,Aggregated,0.500000,0.000000,60000,61000,61000,64000,64000,64000,64000,64000,64000,64000,64000,67,0,31000.0,27872.019401499514,4340.5387999955565,63785.203699953854,56145.89552238806
1789531260,40,GET,/api/annotate-carpark,0.200000,0.000000,60000,60000,60000,60000,60000,60000,60000,60000,60000,60000,60000,14,0,15000.0,26669.865128567577,5261.430199956521,59994.25099999644,266659.21428571426
1789531260,40,GET,/api/find-carparks,0.300000,0.000000,61000,61000,64000,64000,64000,64000,64000,64000,64000,64000,64000,53,0,31000.0,28189.569586802292,4340.5387999955565,63785.203699953854,538.6037735849056
1789531260,40,,Aggregated,0.500000,0.000000,60000,61000,61000,64000,64000,64000,64000,64000,64000,64000,64000,67,0,31000.0,27872.019401499514,4340.5387999955565,63785.203699953854,56145.89552238806
1789531261,40,GET,/api/annotate-carpark,0.200000,0.000000,60000,60000,60000,60000,60000,60000,60000,60000,60000,60000,60000,14,0,15000.0,26669.865128567577,5261.430199956521,59994.25099999644,266659.21428571426
1789531261,40,GET,/api/find-carparks,0.300000,0.000000,64000,64000,64000,64000,64000,64000,64000,64000,64000,64000,64000,53,0,31000.0,28189.569586802292,4340.5387999955565,63785.203699953854,538.6037735849056
1789531261,40,,Aggregated,0.500000,0.000000,60000,60000,64000,64000,64000,64000,64000,64000,64000,64000,64000,67,0,31000.0,27872.019401499514,4340.5387999955565,63785.203699953854,56145.89552238806
1789531262,40,GET,/api/annotate-carpark,0.200000,0.000000,60000,60000,60000,60000,60000,60000,60000,60000,60000,60000,60000,14,0,15000.0,26669.865128567577,5261.430199956521,59994.25099999644,266659.21428571426
1789531262,40,GET,/api/find-carparks,0.300000,0.000000,58000,58000,64000,64000,64000,64000,64000,64000,64000,64000,64000,54,0,31000.0,28745.723209268395,4340.5387999955565,63785.203699953854,538.5370370370371
1789531262,40,,Aggregated,0.500000,0.000000,58000,60000,60000,64000,64000,64000,64000,64000,64000,64000,64000,68,0,31000.0,28318.340663241757,4340.5387999955565,63785.203699953854,55328.08823529412
1789531263,40,GET,/api/annotate-carpark,0.200000,0.000000,60000,60000,60000,60000,60000,60000,60000,60000,60000,60000,60000,14,0,15000.0,26669.865128567577,5261.430199956521,59994.25099999644,266659.21428571426
1789531263,40,GET,/api/find-carparks,0.300000,0.000000,58000,58000,64000,64000,64000,64000,64000,64000,64000,64000,64000,54,0,31000.0,28745.723209268395,4340.5387999955565,63785.203699953854,538.5370370370371
1789531263,40,,Aggregated,0.500000,0.000000,58000,58000,60000,60000,60000,60000,60000,60000,60000,60000,60000,68,0,31000.0,28318.340663241757,4340.5387999955565,63785.203699953854,55328.08823529412
1789531265,40,GET,/api/annotate-carpark,0.200000,0.000000,58000,58000,58000,58000,58000,58000,58000,58000,58000,58000,58000,14,0,15000.0,26669.865128567577,5261.430199956521,59994.25099999644,266659.21428571426
1789531265,40,GET,/api/find-carparks,0.300000,0.000000,58000,58000,58000,58000,58000,58000,58000,58000,58000,58000,58000,54,0,31000.0,28745.723209268395,4340.5387999955565,63785.203699953854,538.5370370370371
1789531265,40,,Aggregated,0.500000,0.000000,58000,58000,58000,58000,58000,58000,58000,58000,58000,58000,58000,68,0,31000.0,28318.340663241757,4340.5387999955565,63785.203699953854,55328.08823529412
1789531266,40,GET,/api/annotate-carpark,0.200000,0.000000,58000,58000,58000,58000,58000,58000,58000,58000,58000,58000,58000,14,0,15000.0,26669.865128567577,5261.430199956521,59994.25099999644,266659.21428571426
1789531266,40,GET,/api/find-carparks,0.300000,0.000000,58000,58000,58000,58000,58000,58000,58000,58000,58000,58000,58000,54,0,31000.0,28745.723209268395,4340.5387999955565,63785.203699953854,538.5370370370371
1789531266,40,,Aggregated,0.500000,0.000000,58000,58000,58000,58000,58000,58000,58000,58000,58000,58000,58000,68,0,31000.0,28318.340663241757,4340.5387999955565,63785.203699953854,55328.08823529412
1789531267,40,GET,/api/annotate-carpark,0.200000,0.000000,58000,58000,58000,58000,58000,58000,58000,58000,58000,58000,58000,14,0,15000.0,26669.865128567577,5261.430199956521,59994.25099999644,266659.21428571426
1789531267,40,GET,/api/find-carparks,0.200000,0.000000,58000,58000,58000,58000,58000,58000,58000,58000,58000,58000,58000,55,0,31000.0,29280.810378191316,4340.5387999955565,63785.203699953854,538.6
1789531267,40,,Aggregated,0.400000,0.000000,58000,58000,58000,58000,58000,58000,58000,58000,58000,58000,58000,69,0,31000.0,28751.05337102128,4340.5387999955565,63785.203699953854,54534.086956521736
1789531268,40,GET,/api/annotate-carpark,0.200000,0.000000,58000,58000,58000,58000,58000,58000,58000,58000,58000,58000,58000,14,0,15000.0,26669.865128567577,5261.430199956521,59994.25099999644,266659.21428571426
1789531268,40,GET,/api/find-carparks,0.200000,0.000000,58000,58000,58000,58000,58000,58000,58000,58000,58000,58000,58000,55,0,31000.0,29280.810378191316,4340.5387999955565,63785.203699953854,538.6
1789531268,40,,Aggregated,0.400000,0.000000,58000,58000,58000,58000,58000,58000,58000,58000,58000,58000,58000,69,0,31000.0,28751.05337102128,4340.5387999955565,63785.203699953854,54534.086956521736
1789531269,40,GET,/api/annotate-carpark,0.200000,0.000000,58000,58000,58000,58000,58000,58000,58000,58000,58000,58000,58000,14,0,15000.0,26669.865128567577,5261.430199956521,59994.25099999644,266659.21428571426
1789531269,40,GET,/api/find-carparks,0.200000,0.000000,58000,58000,58000,58000,58000,58000,58000,58000,58000,58000,58000,55,0,31000.0,29280.810378191316,4340.5387999955565,63785.203699953854,538.6
1789531269,40,,Aggregated,0.400000,0.000000,58000,58000,58000,58000,58000,58000,58000,58000,58000,58000,58000,69,0,31000.0,28751.05337102128,4340.5387999955565,63785.203699953854,54534.086956521736
1789531270,40,GET,/api/annotate-carpark,0.000000,0.000000,58000,58000,58000,58000,58000,58000,58000,58000,58000,58000,58000,14,0,15000.0,26669.865128567577,5261.430199956521,59994.25099999644,266659.21428571426
1789531270,40,GET,/api/find-carparks,0.300000,0.000000,58000,58000,58000,58000,58000,58000,58000,58000,58000,58000,58000,56,0,31000.0,29795.28659643672,4340.5387999955565,63785.203699953854,538.5535714285714
1789531270,40,,Aggregated,0.300000,0.000000,58000,58000,58000,58000,58000,58000,58000,58000,58000,58000,58000,70,0,31000.0,29170.20230286289,4340.5387999955565,63785.203699953854,53762.68571428571
1789531271,40,GET,/api/annotate-carpark,0.000000,0.000000,58000,58000,58000,58000,58000,58000,58000,58000,58000,58000,58000,15,0,29000.0,28551.93687332794,5261.430199956521,59994.25099999644,265447.06666666665
1789531271,40,GET,/api/find-carparks,0.300000,0.000000,58000,58000,58000,58000,58000,58000,58000,58000,58000,58000,58000,56,0,31000.0,29795.28659643672,4340.5387999955565,63785.203699953854,538.5535714285714
1789531271,40,,Aggregated,0.300000,0.000000,58000,58000,58000,58000,58000,58000,58000,58000,58000,58000,58000,71,0,31000.0,29532.607077470075,4340.5387999955565,63785.203699953854,56505.140845070426
1789531272,40,GET,/api/annotate-carpark,0.000000,0.000000,55000,55000,55000,55000,55000,55000,55000,55000,55000,55000,55000,15,0,29000.0,28551.93687332794,5261.430199956521,59994.25099999644,265447.06666666665
1789531272,40,GET,/api/find-carparks,0.300000,0.000000,58000,58000,58000,58000,58000,58000,58000,58000,58000,58000,58000,56,0,31000.0,29795.28659643672,4340.5387999955565,63785.203699953854,538.5535714285714
1789531272,40,,Aggregated,0.300000,0.000000,58000,58000,58000,58000,58000,58000,58000,58000,58000,58000,58000,71,0,31000.0,29532.607077470075,4340.5387999955565,63785.203699953854,56505.140845070426
1789531273,40,GET,/api/annotate-carpark,0.000000,0.000000,55000,55000,55000,55000,55000,55000,55000,55000,55000,55000,55000,15,0,29000.0,28551.93687332794,5261.430199956521,59994.25099999644,265447.06666666665
1789531273,40,GET,/api/find-carparks,0.300000,0.000000,58000,58000,58000,58000,58000,58000,58000,58000,58000,58000,58000,56,0,31000.0,29795.28659643672,4340.5387999955565,63785.203699953854,538.5535714285714
1789531273,40,,Aggregated,0.300000,0.000000,58000,58000,58000,58000,58000,58000,58000,58000,58000,58000,58000,71,0,31000.0,29532.607077470075,4340.5387999955565,63785.203699953854,56505.140845070426
1789531274,40,GET,/api/annotate-carpark,0.100000,0.000000,55000,55000,55000,55000,55000,55000,55000,55000,55000,55000,55000,15,0,29000.0,28551.93687332794,5261.430199956521,59994.25099999644,265447.06666666665
1789531274,40,GET,/api/find-carparks,0.300000,0.000000,58000,58000,58000,58000,58000,58000,58000,58000,58000,58000,58000,57,0,31000.0,30220.798296498528,4340.5387999955565,63785.203699953854,538.5263157894736
1789531274,40,,Aggregated,0.400000,0.000000,58000,58000,58000,58000,58000,58000,58000,58000,58000,58000,58000,72,0,31000.0,29873.118833337987,4340.5387999955565,63785.203699953854,55727.805555555555
1789531275,40,GET,/api/annotate-carpark,0.100000,0.000000,55000,55000,55000,55000,55000,55000,55000,55000,55000,55000,55000,15,0,29000.0,28551.93687332794,5261.430199956521,59994.25099999644,265447.06666666665
1789531275,40,GET,/api/find-carparks,0.300000,0.000000,58000,58000,58000,58000,58000,58000,58000,58000,58000,58000,58000,57,0,31000.0,30220.798296498528,4340.5387999955565,63785.203699953854,538.5263157894736
1789531275,40,,Aggregated,0.400000,0.000000,58000,58000,58000,58000,58000,58000,58000,58000,58000,58000,58000,72,0,31000.0,29873.118833337987,4340.5387999955565,63785.203699953854,55727.805555555555
1789531276,40,GET,/api/annotate-carpark,0.100000,0.000000,55000,55000,55000,55000,55000,55000,55000,55000,55000,55000,55000,15,0,29000.0,28551.93687332794,5261.430199956521,59994.25099999644,265447.06666666665
1789531276,40,GET,/api/find-carparks,0.300000,0.000000,58000,58000,58000,58000,58000,58000,58000,58000,58000,58000,58000,57,0,31000.0,30220.798296498528,4340.5387999955565,63785.203699953854,538.5263157894736
1789531276,40,,Aggregated,0.400000,0.000000,58000,58000,58000,58000,58000,58000,58000,58000,58000,58000,58000,72,0,31000.0,29873.118833337987,4340.5387999955565,63785.203699953854,55727.805555555555
1789531277,40,GET,/api/annotate-carpark,0.100000,0.000000,55000,55000,55000,55000,55000,55000,55000,55000,55000,55000,55000,15,0,29000.0,28551.93687332794,5261.430199956521,59994.25099999644,265447.06666666665
1789531277,40,GET,/api/find-carparks,0.300000,0.000000,58000,58000,58000,58000,58000,58000,58000,58000,58000,58000,58000,57,0,31000.0,30220.798296498528,4340.5387999955565,63785.203699953854,538.5263157894736
1789531277,40,,Aggregated,0.400000,0.000000,55000,55000,58000,58000,58000,58000,58000,58000,58000,58000,58000,72,0,31000.0,29873.118833337987,4340.5387999955565,63785.203699953854,55727.805555555555
1789531278,40,GET,/api/annotate-carpark,0.100000,0.000000,55000,55000,55000,55000,55000,55000,55000,55000,55000,55000,55000,15,0,29000.0,28551.93687332794,5261.430199956521,59994.25099999644,265447.06666666665
1789531278,40,GET,/api/find-carparks,0.300000,0.000000,54000,54000,58000,58000,58000,58000,58000,58000,58000,58000,58000,58,0,31000.0,30616.670660353426,4340.5387999955565,63785.203699953854,538.6034482758621
1789531278,40,,Aggregated,0.400000,0.000000,55000,55000,58000,58000,58000,58000,58000,58000,58000,58000,58000,73,0,31000.0,30192.41029315641,4340.5387999955565,63785.203699953854,54971.849315068495
1789531279,40,GET,/api/annotate-carpark,0.100000,0.000000,55000,55000,55000,55000,55000,55000,55000,55000,55000,55000,55000,15,0,29000.0,28551.93687332794,5261.430199956521,59994.25099999644,265447.06666666665
1789531279,40,GET,/api/find-carparks,0.300000,0.000000,54000,54000,58000,58000,58000,58000,58000,58000,58000,58000,58000,58,0,31000.0,30616.670660353426,4340.5387999955565,63785.203699953854,538.6034482758621
1789531279,40,,Aggregated,0.400000,0.000000,54000,54000,55000,55000,55000,55000,55000,55000,55000,55000,55000,73,0,31000.0,30192.41029315641,4340.5387999955565,63785.203699953854,54971.849315068495
1789531280,40,GET,/api/annotate-carpark,0.100000,0.000000,55000,55000,55000,55000,55000,55000,55000,55000,55000,55000,55000,15,0,29000.0,28551.93687332794,5261.430199956521,59994.25099999644,265447.06666666665
1789531280,40,GET,/api/find-carparks,0.300000,0.000000,54000,54000,58000,58000,58000,58000,58000,58000,58000,58000,58000,58,0,31000.0,30616.670660353426,4340.5387999955565,63785.203699953854,538.6034482758621
1789531280,40,,Aggregated,0.400000,0.000000,54000,54000,55000,55000,55000,55000,55000,55000,55000,55000,55000,73,0,31000.0,30192.41029315641,4340.5387999955565,63785.203699953854,54971.849315068495
1789531281,40,GET,/api/annotate-carpark,0.100000,0.000000,55000,55000,55000,55000,55000,55000,55000,55000,55000,55000,55000,15,0,29000.0,28551.93687332794,5261.430199956521,59994.25099999644,265447.06666666665
1789531281,40,GET,/api/find-carparks,0.300000,0.000000,54000,54000,55000,55000,55000,55000,55000,55000,55000,55000,55000,59,0,31000.0,31026.71522712848,4340.5387999955565,63785.203699953854,538.6610169491526
1789531281,40,,Aggregated,0.400000,0.000000,54000,54000,55000,55000,55000,55000,55000,55000,55000,55000,55000,74,0,31000.0,30525.070966222964,4340.5387999955565,63785.203699953854,54236.31081081081
1789531282,40,GET,/api/annotate-carpark,0.100000,0.000000,55000,55000,55000,55000,55000,55000,55000,55000,55000,55000,55000,15,0,29000.0,28551.93687332794,5261.430199956521,59994.25099999644,265447.06666666665
1789531282,40,GET,/api/find-carparks,0.300000,0.000000,54000,54000,55000,55000,55000,55000,55000,55000,55000,55000,55000,59,0,31000.0,31026.71522712848,4340.5387999955565,63785.203699953854,538.6610169491526
1789531282,40,,Aggregated,0.400000,0.000000,54000,54000,55000,55000,55000,55000,55000,55000,55000,55000,55000,74,0,31000.0,30525.070966222964,4340.5387999955565,63785.203699953854,54236.31081081081
1789531283,40,GET,/api/annotate-carpark,0.100000,0.000000,55000,55000,55000,55000,55000,55000,55000,55000,55000,55000,55000,15,0,29000.0,28551.93687332794,5261.430199956521,59994.25099999644,265447.06666666665
1789531283,40,GET,/api/find-carparks,0.300000,0.000000,54000,54000,55000,55000,55000,55000,55000,55000,55000,55000,55000,59,0,31000.0,31026.71522712848,4340.5387999955565,63785.203699953854,538.6610169491526
1789531283,40,,Aggregated,0.400000,0.000000,54000,54000,55000,55000,55000,55000,55000,55000,55000,55000,55000,74,0,31000.0,30525.070966222964,4340.5387999955565,63785.203699953854,54236.31081081081
1789531284,40,GET,/api/annotate-carpark,0.100000,0.000000,55000,55000,55000,55000,55000,55000,55000,55000,55000,55000,55000,15,0,29000.0,28551.93687332794,5261.430199956521,59994.25099999644,265447.06666666665
1789531284,40,GET,/api/find-carparks,0.300000,0.000000,54000,54000,55000,55000,55000,55000,55000,55000,55000,55000,55000,59,0,31000.0,31026.71522712848,4340.5387999955565,63785.203699953854,538.6610169491526
1789531284,40,,Aggregated,0.400000,0.000000,54000,54000,55000,55000,55000,55000,55000,55000,55000,55000,55000,74,0,31000.0,30525.070966222964,4340.5387999955565,63785.203699953854,54236.31081081081
1789531285,40,GET,/api/annotate-carpark,0.000000,0.000000,55000,55000,55000,55000,55000,55000,55000,55000,55000,55000,55000,15,0,29000.0,28551.93687332794,5261.430199956521,59994.25099999644,265447.06666666665
1789531285,40,GET,/api/find-carparks,0.300000,0.000000,55000,55000,55000,55000,55000,55000,55000,55000,55000,55000,55000,60,0,31000.0,31419.21700501116,4340.5387999955565,63785.203699953854,538.6333333333333
1789531285,40,,Aggregated,0.300000,0.000000,55000,55000,55000,55000,55000,55000,55000,55000,55000,55000,55000,75,0,31000.0,30845.760978674516,4340.5387999955565,63785.203699953854,53520.32
1789531286,40,GET,/api/annotate-carpark,0.000000,0.000000,55000,55000,55000,55000,55000,55000,55000,55000,55000,55000,55000,15,0,29000.0,28551.93687332794,5261.430199956521,59994.25099999644,265447.06666666665
1789531286,40,GET,/api/find-carparks,0.300000,0.000000,55000,55000,55000,55000,55000,55000,55000,55000,55000,55000,55000,60,0,31000.0,31419.21700501116,4340.5387999955565,63785.203699953854,538.6333333333333
1789531286,40,,Aggregated,0.300000,0.000000,55000,55000,55000,55000,55000,55000,55000,55000,55000,55000,55000,75,0,31000.0,30845.760978674516,4340.5387999955565,63785.203699953854,53520.32
1789531287,40,GET,/api/annotate-carpark,0.000000,0.000000,55000,55000,55000,55000,55000,55000,55000,55000,55000,55000,55000,15,0,29000.0,28551.93687332794,5261.430199956521,59994.25099999644,265447.06666666665
1789531287,40,GET,/api/find-carparks,0.300000,0.000000,55000,55000,55000,55000,55000,55000,55000,55000,55000,55000,55000,60,0,31000.0,31419.21700501116,4340.5387999955565,63785.203699953854,538.6333333333333
1789531287,40,,Aggregated,0.300000,0.000000,55000,55000,55000,55000,55000,55000,55000,55000,55000,55000,55000,75,0,31000.0,30845.760978674516,4340.5387999955565,63785.203699953854,53520.32
1789531288,40,GET,/api/annotate-carpark,0.000000,0.000000,0,0,0,0,0,0,0,0,0,0,0,15,0,29000.0,28551.93687332794,5261.430199956521,59994.25099999644,265447.06666666665
1789531288,40,GET,/api/find-carparks,0.300000,0.000000,55000,55000,55000,55000,55000,55000,55000,55000,55000,55000,55000,61,0,31000.0,31791.23287050237,4340.5387999955565,63785.203699953854,538.6065573770492
1789531288,40,,Aggregated,0.300000,0.000000,55000,55000,55000,55000,55000,55000,55000,55000,55000,55000,55000,76,0,31000.0,31151.89813421794,4340.5387999955565,63785.203699953854,52823.17105263158
1789531289,40,GET,/api/annotate-carpark,0.000000,0.000000,0,0,0,0,0,0,0,0,0,0,0,15,0,29000.0,28551.93687332794,5261.430199956521,59994.25099999644,265447.06666666665
1789531289,40,GET,/api/find-carparks,0.300000,0.000000,55000,55000,55000,55000,55000,55000,55000,55000,55000,55000,55000,61,0,31000.0,31791.23287050237,4340.5387999955565,63785.203699953854,538.6065573770492
1789531289,40,,Aggregated,0.300000,0.000000,55000,55000,55000,55000,55000,55000,55000,55000,55000,55000,55000,76,0,31000.0,31151.89813421794,4340.5387999955565,63785.203699953854,52823.17105263158
1789531290,40,GET,/api/annotate-carpark,0.000000,0.000000,0,0,0,0,0,0,0,0,0,0,0,15,0,29000.0,28551.93687332794,5261.430199956521,59994.25099999644,265447.06666666665
1789531290,40,GET,/api/find-carparks,0.300000,0.000000,55000,55000,55000,55000,55000,55000,55000,55000,55000,55000,55000,61,0,31000.0,31791.23287050237,4340.5387999955565,63785.203699953854,538.6065573770492
1789531290,40,,Aggregated,0.300000,0.000000,55000,55000,55000,55000,55000,55000,55000,55000,55000,55000,55000,76,0,31000.0,31151.89813421794,4340.5387999955565,63785.203699953854,52823.17105263158
1789531291,40,GET,/api/annotate-carpark,0.000000,0.000000,0,0,0,0,0,0,0,0,0,0,0,15,0,29000.0,28551.93687332794,5261.430199956521,59994.25099999644,265447.06666666665
1789531291,40,GET,/api/find-carparks,0.300000,0.000000,55000,55000,55000,55000,55000,55000,55000,55000,55000,55000,55000,61,0,31000.0,31791.23287050237,4340.5387999955565,63785.203699953854,538.6065573770492
1789531291,40,,Aggregated,0.300000,0.000000,55000,55000,55000,55000,55000,55000,55000,55000,55000,55000,55000,76,0,31000.0,31151.89813421794,4340.5387999955565,63785.203699953854,52823.17105263158
1789531292,40,GET,/api/annotate-carpark,0.000000,0.000000,0,0,0,0,0,0,0,0,0,0,0,15,0,29000.0,28551.93687332794,5261.430199956521,59994.25099999644,265447.06666666665
1789531292,40,GET,/api/find-carparks,0.300000,0.000000,54000,54000,55000,55000,55000,55000,55000,55000,55000,55000,55000,62,0,31000.0,32147.52578871858,4340.5387999955565,63785.203699953854,538.5806451612904
1789531292,40,,Aggregated,0.300000,0.000000,54000,54000,55000,55000,55000,55000,55000,55000,55000,55000,55000,77,0,31000.0,31447.086389616506,4340.5387999955565,63785.203699953854,52144.12987012987
1789531293,40,GET,/api/annotate-carpark,0.000000,0.000000,0,0,0,0,0,0,0,0,0,0,0,15,0,29000.0,28551.93687332794,5261.430199956521,59994.25099999644,265447.06666666665
1789531293,40,GET,/api/find-carparks,0.300000,0.000000,54000,54000,55000,55000,55000,55000,55000,55000,55000,55000,55000,62,0,31000.0,32147.52578871858,4340.5387999955565,63785.203699953854,538.5806451612904
1789531293,40,,Aggregated,0.300000,0.000000,54000,54000,55000,55000,55000,55000,55000,55000,55000,55000,55000,77,0,31000.0,31447.086389616506,4340.5387999955565,63785.203699953854,52144.12987012987
1789531294,40,GET,/api/annotate-carpark,0.000000,0.000000,0,0,0,0,0,0,0,0,0,0,0,15,0,29000.0,28551.93687332794,5261.430199956521,59994.25099999644,265447.06666666665
1789531294,40,GET,/api/find-carparks,0.300000,0.000000,54000,54000,55000,55000,55000,55000,55000,55000,55000,55000,55000,62,0,31000.0,32147.52578871858,4340.5387999955565,63785.203699953854,538.5806451612904
1789531294,40,,Aggregated,0.300000,0.000000,54000,54000,55000,55000,55000,55000,55000,55000,55000,55000,55000,77,0,31000.0,31447.086389616506,4340.5387999955565,63785.203699953854,52144.12987012987
1789531295,40,GET,/api/annotate-carpark,0.000000,0.000000,0,0,0,0,0,0,0,0,0,0,0,15,0,29000.0,28551.93687332794,5261.430199956521,59994.25099999644,265447.06666666665
1789531295,40,GET,/api/find-carparks,0.300000,0.000000,54000,54000,57000,57000,57000,57000,57000,57000,57000,57000,57000,63,0,32000.0,32546.23239366005,4340.5387999955565,63785.203699953854,538.5238095238095
1789531295,40,,Aggregated,0.300000,0.000000,54000,54000,57000,57000,57000,57000,57000,57000,57000,57000,57000,78,0,31000.0,31778.09863975003,4340.5387999955565,63785.203699953854,51482.47435897436
1789531296,40,GET,/api/annotate-carpark,0.000000,0.000000,0,0,0,0,0,0,0,0,0,0,0,15,0,29000.0,28551.93687332794,5261.430199956521,59994.25099999644,265447.06666666665
1789531296,40,GET,/api/find-carparks,0.300000,0.000000,54000,54000,57000,57000,57000,57000,57000,57000,57000,57000,57000,63,0,32000.0,32546.23239366005,4340.5387999955565,63785.203699953854,538.5238095238095
1789531296,40,,Aggregated,0.300000,0.000000,54000,54000,57000,57000,57000,57000,57000,57000,57000,57000,57000,78,0,31000.0,31778.09863975003,4340.5387999955565,63785.203699953854,51482.47435897436
1789531297,40,GET,/api/annotate-carpark,0.000000,0.000000,0,0,0,0,0,0,0,0,0,0,0,15,0,29000.0,28551.93687332794,5261.430199956521,59994.25099999644,265447.06666666665
1789531297,40,GET,/api/find-carparks,0.300000,0.000000,54000,54000,57000,57000,57000,57000,57000,57000,57000,57000,57000,63,0,32000.0,32546.23239366005,4340.5387999955565,63785.203699953854,538.5238095238095
1789531297,40,,Aggregated,0.300000,0.000000,54000,54000,57000,57000,57000,57000,57000,57000,57000,57000,57000,78,0,31000.0,31778.09863975003,4340.5387999955565,63785.203699953854,51482.47435897436
1789531298,40,GET,/api/annotate-carpark,0.000000,0.000000,0,0,0,0,0,0,0,0,0,0,0,15,0,29000.0,28551.93687332794,5261.430199956521,59994.25099999644,265447.06666666665
1789531298,40,GET,/api/find-carparks,0.300000,0.000000,54000,54000,57000,57000,57000,57000,57000,57000,57000,57000,57000,63,0,32000.0,32546.23239366005,4340.5387999955565,63785.203699953854,538.5238095238095
1789531298,40,,Aggregated,0.300000,0.000000,54000,54000,57000,57000,57000,57000,57000,57000,57000,57000,57000,78,0,31000.0,31778.09863975003,4340.5387999955565,63785.203699953854,51482.47435897436
1789531299,40,GET,/api/annotate-carpark,0.000000,0.000000,0,0,0,0,0,0,0,0,0,0,0,15,0,29000.0,28551.93687332794,5261.430199956521,59994.25099999644,265447.06666666665
1789531299,40,GET,/api/find-carparks,0.300000,0.000000,57000,57000,59000,59000,59000,59000,59000,59000,59000,59000,59000,64,0,32000.0,32963.31612500762,4340.5387999955565,63785.203699953854,538.484375
1789531299,40,,Aggregated,0.300000,0.000000,57000,57000,59000,59000,59000,59000,59000,59000,59000,59000,59000,79,0,31000.0,32125.712469625403,4340.5387999955565,63785.203699953854,50837.582278481015
1789531300,40,GET,/api/annotate-carpark,0.000000,0.000000,0,0,0,0,0,0,0,0,0,0,0,15,0,29000.0,28551.93687332794,5261.430199956521,59994.25099999644,265447.06666666665
1789531300,40,GET,/api/find-carparks,0.300000,0.000000,57000,57000,59000,59000,59000,59000,59000,59000,59000,59000,59000,64,0,32000.0,32963.31612500762,4340.5387999955565,63785.203699953854,538.484375
1789531300,40,,Aggregated,0.300000,0.000000,57000,57000,59000,59000,59000,59000,59000,59000,59000,59000,59000,79,0,31000.0,32125.712469625403,4340.5387999955565,63785.203699953854,50837.582278481015
1789531301,40,GET,/api/annotate-carpark,0.000000,0.000000,0,0,0,0,0,0,0,0,0,0,0,15,0,29000.0,28551.93687332794,5261.430199956521,59994.25099999644,265447.06666666665
1789531301,40,GET,/api/find-carparks,0.300000,0.000000,57000,57000,59000,59000,59000,59000,59000,59000,59000,59000,59000,64,0,32000.0,32963.31612500762,4340.5387999955565,63785.203699953854,538.484375
1789531301,40,,Aggregated,0.300000,0.000000,57000,57000,59000,59000,59000,59000,59000,59000,59000,59000,59000,79,0,31000.0,32125.712469625403,4340.5387999955565,63785.203699953854,50837.582278481015
1789531302,40,GET,/api/annotate-carpark,0.000000,0.000000,0,0,0,0,0,0,0,0,0,0,0,15,0,29000.0,28551.93687332794,5261.430199956521,59994.25099999644,265447.06666666665
1789531302,40,GET,/api/find-carparks,0.300000,0.000000,59000,59000,61000,61000,61000,61000,61000,61000,61000,61000,61000,65,0,32000.0,33389.57341539208,4340.5387999955565,63785.203699953854,538.5230769230769
1789531302,40,,Aggregated,0.300000,0.000000,59000,59000,61000,61000,61000,61000,61000,61000,61000,61000,61000,80,0,31000.0,32482.516563755053,4340.5387999955565,63785.203699953854,50208.875
1789531303,40,GET,/api/annotate-carpark,0.000000,0.000000,0,0,0,0,0,0,0,0,0,0,0,15,0,29000.0,28551.93687332794,5261.430199956521,59994.25099999644,265447.06666666665
1789531303,40,GET,/api/find-carparks,0.300000,0.000000,59000,59000,61000,61000,61000,61000,61000,61000,61000,61000,61000,65,0,32000.0,33389.57341539208,4340.5387999955565,63785.203699953854,538.5230769230769
1789531303,40,,Aggregated,0.300000,0.000000,59000,59000,61000,61000,61000,61000,61000,61000,61000,61000,61000,80,0,31000.0,32482.516563755053,4340.5387999955565,63785.203699953854,50208.875
1789531304,40,GET,/api/annotate-carpark,0.000000,0.000000,0,0,0,0,0,0,0,0,0,0,0,15,0,29000.0,28551.93687332794,5261.430199956521,59994.25099999644,265447.06666666665
1789531304,40,GET,/api/find-carparks,0.300000,0.000000,59000,59000,61000,61000,61000,61000,61000,61000,61000,61000,61000,65,0,32000.0,33389.57341539208,4340.5387999955565,63785.203699953854,538.5230769230769
1789531304,40,,Aggregated,0.300000,0.000000,59000,59000,61000,61000,61000,61000,61000,61000,61000,61000,61000,80,0,31000.0,32482.516563755053,4340.5387999955565,63785.203699953854,50208.875
1789531305,40,GET,/api/annotate-carpark,0.000000,0.000000,0,0,0,0,0,0,0,0,0,0,0,15,0,29000.0,28551.93687332794,5261.430199956521,59994.25099999644,265447.06666666665
1789531305,40,GET,/api/find-carparks,0.300000,0.000000,59000,59000,61000,61000,61000,61000,61000,61000,61000,61000,61000,65,0,32000.0,33389.57341539208,4340.5387999955565,63785.203699953854,538.5230769230769
1789531305,40,,Aggregated,0.300000,0.000000,59000,59000,61000,61000,61000,61000,61000,61000,61000,61000,61000,80,0,31000.0,32482.516563755053,4340.5387999955565,63785.203699953854,50208.875
1789531306,40,GET,/api/annotate-carpark,0.000000,0.000000,0,0,0,0,0,0,0,0,0,0,0,15,0,29000.0,28551.93687332794,5261.430199956521,59994.25099999644,265447.06666666665
1789531306,40,GET,/api/find-carparks,0.300000,0.000000,61000,61000,61000,61000,61000,61000,61000,61000,61000,61000,61000,66,0,32000.0,33802.49472121906,4340.5387999955565,63785.203699953854,538.3787878787879
1789531306,40,,Aggregated,0.300000,0.000000,61000,61000,61000,61000,61000,61000,61000,61000,61000,61000,61000,81,0,31000.0,32830.16919383181,4340.5387999955565,63785.203699953854,49595.543209876545
1789531307,40,GET,/api/annotate-carpark,0.000000,0.000000,0,0,0,0,0,0,0,0,0,0,0,15,0,29000.0,28551.93687332794,5261.430199956521,59994.25099999644,265447.06666666665
1789531307,40,GET,/api/find-carparks,0.300000,0.000000,61000,61000,61000,61000,61000,61000,61000,61000,61000,61000,61000,66,0,32000.0,33802.49472121906,4340.5387999955565,63785.203699953854,538.3787878787879
1789531307,40,,Aggregated,0.300000,0.000000,61000,61000,61000,61000,61000,61000,61000,61000,61000,61000,61000,81,0,31000.0,32830.16919383181,4340.5387999955565,63785.203699953854,49595.543209876545
1789531308,40,GET,/api/annotate-carpark,0.000000,0.000000,0,0,0,0,0,0,0,0,0,0,0,15,0,29000.0,28551.93687332794,5261.430199956521,59994.25099999644,265447.06666666665
1789531308,40,GET,/api/find-carparks,0.300000,0.000000,61000,61000,61000,61000,61000,61000,61000,61000,61000,61000,61000,66,0,32000.0,33802.49472121906,4340.5387999955565,63785.203699953854,538.3787878787879
1789531308,40,,Aggregated,0.300000,0.000000,61000,61000,61000,61000,61000,61000,61000,61000,61000,61000,61000,81,0,31000.0,32830.16919383181,4340.5387999955565,63785.203699953854,49595.543209876545
1789531309,40,GET,/api/annotate-carpark,0.000000,0.000000,0,0,0,0,0,0,0,0,0,0,0,15,0,29000.0,28551.93687332794,5261.430199956521,59994.25099999644,265447.06666666665
1789531309,40,GET,/api/find-carparks,0.300000,0.000000,61000,61000,61000,61000,61000,61000,61000,61000,61000,61000,61000,67,0,32000.0,34201.53730448488,4340.5387999955565,63785.203699953854,538.4776119402985
1789531309,40,,Aggregated,0.300000,0.000000,61000,61000,61000,61000,61000,61000,61000,61000,61000,61000,61000,82,0,31000.0,33168.07381098057,4340.5387999955565,63785.203699953854,48997.365853658535
1789531310,40,GET,/api/annotate-carpark,0.000000,0.000000,0,0,0,0,0,0,0,0,0,0,0,15,0,29000.0,28551.93687332794,5261.430199956521,59994.25099999644,265447.06666666665
1789531310,40,GET,/api/find-carparks,0.300000,0.000000,61000,61000,61000,61000,61000,61000,61000,61000,61000,61000,61000,67,0,32000.0,34201.53730448488,4340.5387999955565,63785.203699953854,538.4776119402985
1789531310,40,,Aggregated,0.300000,0.000000,61000,61000,61000,61000,61000,61000,61000,61000,61000,61000,61000,82,0,31000.0,33168.07381098057,4340.5387999955565,63785.203699953854,48997.365853658535
1789531311,40,GET,/api/annotate-carpark,0.000000,0.000000,0,0,0,0,0,0,0,0,0,0,0,15,0,29000.0,28551.93687332794,5261.430199956521,59994.25099999644,265447.06666666665
1789531311,40,GET,/api/find-carparks,0.300000,0.000000,61000,61000,61000,61000,61000,61000,61000,61000,61000,61000,61000,67,0,32000.0,34201.53730448488,4340.5387999955565,63785.203699953854,538.4776119402985
1789531311,40,,Aggregated,0.300000,0.000000,61000,61000,61000,61000,61000,61000,61000,61000,61000,61000,61000,82,0,31000.0,33168.07381098057,4340.5387999955565,63785.203699953854,48997.365853658535
1789531312,40,GET,/api/annotate-carpark,0.000000,0.000000,0,0,0,0,0,0,0,0,0,0,0,15,0,29000.0,28551.93687332794,5261.430199956521,59994.25099999644,265447.06666666665
1789531312,40,GET,/api/find-carparks,0.300000,0.000000,61000,61000,61000,61000,61000,61000,61000,61000,61000,61000,61000,67,0,32000.0,34201.53730448488,4340.5387999955565,63785.203699953854,538.4776119402985
1789531312,40,,Aggregated,0.300000,0.000000,61000,61000,61000,61000,61000,61000,61000,61000,61000,61000,61000,82,0,31000.0,33168.07381098057,4340.5387999955565,63785.203699953854,48997.365853658535
1789531313,40,GET,/api/annotate-carpark,0.000000,0.000000,0,0,0,0,0,0,0,0,0,0,0,15,0,29000.0,28551.93687332794,5261.430199956521,59994.25099999644,265447.06666666665
1789531313,40,GET,/api/find-carparks,0.300000,0.000000,61000,61000,61000,61000,61000,61000,61000,61000,61000,61000,61000,68,0,32000.0,34593.1070558898,4340.5387999955565,63785.203699953854,538.4558823529412
1789531313,40,,Aggregated,0.300000,0.000000,61000,61000,61000,61000,61000,61000,61000,61000,61000,61000,61000,83,0,32000.0,33501.32931205332,4340.5387999955565,63785.203699953854,48413.50602409639
1789531314,40,GET,/api/annotate-carpark,0.000000,0.000000,0,0,0,0,0,0,0,0,0,0,0,15,0,29000.0,28551.93687332794,5261.430199956521,59994.25099999644,265447.06666666665
1789531314,40,GET,/api/find-carparks,0.300000,0.000000,61000,61000,61000,61000,61000,61000,61000,61000,61000,61000,61000,68,0,32000.0,34593.1070558898,4340.5387999955565,63785.203699953854,538.4558823529412
1789531314,40,,Aggregated,0.300000,0.000000,61000,61000,61000,61000,61000,61000,61000,61000,61000,61000,61000,83,0,32000.0,33501.32931205332,4340.5387999955565,63785.203699953854,48413.50602409639
1789531315,40,GET,/api/annotate-carpark,0.000000,0.000000,0,0,0,0,0,0,0,0,0,0,0,15,0,29000.0,28551.93687332794,5261.430199956521,59994.25099999644,265447.06666666665
1789531315,40,GET,/api/find-carparks,0.300000,0.000000,61000,61000,61000,61000,61000,61000,61000,61000,61000,61000,61000,68,0,32000.0,34593.1070558898,4340.5387999955565,63785.203699953854,538.4558823529412
1789531315,40,,Aggregated,0.300000,0.000000,61000,61000,61000,61000,61000,61000,61000,61000,61000,61000,61000,83,0,32000.0,33501.32931205332,4340.5387999955565,63785.203699953854,48413.50602409639
1789531316,40,GET,/api/annotate-carpark,0.000000,0.000000,0,0,0,0,0,0,0,0,0,0,0,15,0,29000.0,28551.93687332794,5261.430199956521,59994.25099999644,265447.06666666665
1789531316,40,GET,/api/find-carparks,0.300000,0.000000,61000,61000,61000,61000,61000,61000,61000,61000,61000,61000,61000,69,0,32000.0,34963.71366812314,4340.5387999955565,63785.203699953854,538.3623188405797
1789531316,40,,Aggregated,0.300000,0.000000,61000,61000,61000,61000,61000,61000,61000,61000,61000,61000,61000,84,0,32000.0,33818.75352619543,4340.5387999955565,63785.203699953854,47843.48809523809
1789531317,40,GET,/api/annotate-carpark,0.000000,0.000000,0,0,0,0,0,0,0,0,0,0,0,15,0,29000.0,28551.93687332794,5261.430199956521,59994.25099999644,265447.06666666665
1789531317,40,GET,/api/find-carparks,0.300000,0.000000,61000,61000,61000,61000,61000,61000,61000,61000,61000,61000,61000,69,0,32000.0,34963.71366812314,4340.5387999955565,63785.203699953854,538.3623188405797
1789531317,40,,Aggregated,0.300000,0.000000,61000,61000,61000,61000,61000,61000,61000,61000,61000,61000,61000,84,0,32000.0,33818.75352619543,4340.5387999955565,63785.203699953854,47843.48809523809
1789531318,40,GET,/api/annotate-carpark,0.000000,0.000000,0,0,0,0,0,0,0,0,0,0,0,15,0,29000.0,28551.93687332794,5261.430199956521,59994.25099999644,265447.06666666665
1789531318,40,GET,/api/find-carparks,0.300000,0.000000,61000,61000,61000,61000,61000,61000,61000,61000,61000,61000,61000,69,0,32000.0,34963.71366812314,4340.5387999955565,63785.203699953854,538.3623188405797
1789531318,40,,Aggregated,0.300000,0.000000,61000,61000,61000,61000,61000,61000,61000,61000,61000,61000,61000,84,0,32000.0,33818.75352619543,4340.5387999955565,63785.203699953854,47843.48809523809
1789531319,40,GET,/api/annotate-carpark,0.000000,0.000000,0,0,0,0,0,0,0,0,0,0,0,15,0,29000.0,28551.93687332794,5261.430199956521,59994.25099999644,265447.06666666665
1789531319,40,GET,/api/find-carparks,0.300000,0.000000,61000,61000,61000,61000,61000,61000,61000,61000,61000,61000,61000,69,0,32000.0,34963.71366812314,4340.5387999955565,63785.203699953854,538.3623188405797
1789531319,40,,Aggregated,0.300000,0.000000,61000,61000,61000,61000,61000,61000,61000,61000,61000,61000,61000,84,0,32000.0,33818.75352619543,4340.5387999955565,63785.203699953854,47843.48809523809
1789531320,40,GET,/api/annotate-carpark,0.000000,0.000000,0,0,0,0,0,0,0,0,0,0,0,15,0,29000.0,28551.93687332794,5261.430199956521,59994.25099999644,265447.06666666665
1789531320,40,GET,/api/find-carparks,0.300000,0.000000,61000,61000,63000,63000,63000,63000,63000,63000,63000,63000,63000,70,0,32000.0,35370.167492865585,4340.5387999955565,63785.203699953854,538.3714285714286
1789531320,40,,Aggregated,0.300000,0.000000,61000,61000,63000,63000,63000,63000,63000,63000,63000,63000,63000,85,0,32000.0,34166.950324711885,4340.5387999955565,63785.203699953854,47286.964705882354
1789531321,40,GET,/api/annotate-carpark,0.000000,0.000000,63000,63000,63000,63000,63000,63000,63000,63000,63000,63000,63000,16,0,29000.0,30726.793806243222,5261.430199956521,63349.647799972445,264638.5
1789531321,40,GET,/api/find-carparks,0.300000,0.000000,61000,61000,63000,63000,63000,63000,63000,63000,63000,63000,63000,70,0,32000.0,35370.167492865585,4340.5387999955565,63785.203699953854,538.3714285714286
1789531321,40,,Aggregated,0.300000,0.000000,63000,63000,63000,63000,63000,63000,63000,63000,63000,63000,63000,86,0,32000.0,34506.28401628468,4340.5387999955565,63785.203699953854,49673.27906976744
1789531322,40,GET,/api/annotate-carpark,0.000000,0.000000,63000,63000,63000,63000,63000,63000,63000,63000,63000,63000,63000,16,0,29000.0,30726.793806243222,5261.430199956521,63349.647799972445,264638.5
1789531322,40,GET,/api/find-carparks,0.300000,0.000000,61000,61000,63000,63000,63000,63000,63000,63000,63000,63000,63000,70,0,32000.0,35370.167492865585,4340.5387999955565,63785.203699953854,538.3714285714286
1789531322,40,,Aggregated,0.300000,0.000000,63000,63000,63000,63000,63000,63000,63000,63000,63000,63000,63000,86,0,32000.0,34506.28401628468,4340.5387999955565,63785.203699953854,49673.27906976744
1789531323,40,GET,/api/annotate-carpark,0.000000,0.000000,63000,63000,63000,63000,63000,63000,63000,63000,63000,63000,63000,16,0,29000.0,30726.793806243222,5261.430199956521,63349.647799972445,264638.5
1789531323,40,GET,/api/find-carparks,0.300000,0.000000,61000,61000,63000,63000,63000,63000,63000,63000,63000,63000,63000,70,0,32000.0,35370.167492865585,4340.5387999955565,63785.203699953854,538.3714285714286
1789531323,40,,Aggregated,0.300000,0.000000,63000,63000,63000,63000,63000,63000,63000,63000,63000,63000,63000,86,0,32000.0,34506.28401628468,4340.5387999955565,63785.203699953854,49673.27906976744
1789531324,40,GET,/api/annotate-carpark,0.000000,0.000000,63000,63000,63000,63000,63000,63000,63000,63000,63000,63000,63000,16,0,29000.0,30726.793806243222,5261.430199956521,63349.647799972445,264638.5
1789531324,40,GET,/api/find-carparks,0.300000,0.000000,63000,63000,63000,63000,63000,63000,63000,63000,63000,63000,63000,70,0,32000.0,35370.167492865585,4340.5387999955565,63785.203699953854,538.3714285714286
1789531324,40,,Aggregated,0.300000,0.000000,63000,63000,63000,63000,63000,63000,63000,63000,63000,63000,63000,86,0,32000.0,34506.28401628468,4340.5387999955565,63785.203699953854,49673.27906976744
