Timestamp,User Count,Type,Name,Requests/s,Failures/s,50%,66%,75%,80%,90%,95%,98%,99%,99.9%,99.99%,100%,Total Request Count,Total Failure Count,Total Median Response Time,Total Average Response Time,Total Min Response Time,Total Max Response Time,Total Average Content Size
1789531723,0,,Aggregated,0.000000,0.000000,N/A,N/A,N/A,N/A,N/A,N/A,N/A,N/A,N/A,N/A,N/A,0,0,0,0.0,0,0,0
1789531724,5,,Aggregated,0.000000,0.000000,N/A,N/A,N/A,N/A,N/A,N/A,N/A,N/A,N/A,N/A,N/A,0,0,0,0.0,0,0,0
1789531725,5,,Aggregated,0.000000,0.000000,N/A,N/A,N/A,N/A,N/A,N/A,N/A,N/A,N/A,N/A,N/A,0,0,0,0.0,0,0,0
1789531726,5,,Aggregated,0.000000,0.000000,N/A,N/A,N/A,N/A,N/A,N/A,N/A,N/A,N/A,N/A,N/A,0,0,0,0.0,0,0,0
1789531727,5,,Aggregated,0.000000,0.000000,N/A,N/A,N/A,N/A,N/A,N/A,N/A,N/A,N/A,N/A,N/A,0,0,0,0.0,0,0,0
1789531728,5,GET,/api/find-carparks,0.000000,0.000000,0,0,0,0,0,0,0,0,0,0,0,1,0,4508.420999976806,4508.420999976806,4508.420999976806,4508.420999976806,532.0
1789531728,5,,Aggregated,0.000000,0.000000,4500,4500,4500,4500,4500,4500,4500,4500,4500,4500,4500,1,0,4508.420999976806,4508.420999976806,4508.420999976806,4508.420999976806,532.0
1789531729,5,GET,/api/find-carparks,0.000000,0.000000,0,0,0,0,0,0,0,0,0,0,0,1,0,4508.420999976806,4508.420999976806,4508.420999976806,4508.420999976806,532.0
1789531729,5,,Aggregated,0.000000,0.000000,4500,4500,4500,4500,4500,4500,4500,4500,4500,4500,4500,1,0,4508.420999976806,4508.420999976806,4508.420999976806,4508.420999976806,532.0
1789531730,5,GET,/api/find-carparks,0.000000,0.000000,4500,4500,4500,4500,4500,4500,4500,4500,4500,4500,4500,1,0,4508.420999976806,4508.420999976806,4508.420999976806,4508.420999976806,532.0
1789531730,5,,Aggregated,0.000000,0.000000,4500,4500,4500,4500,4500,4500,4500,4500,4500,4500,4500,1,0,4508.420999976806,4508.420999976806,4508.420999976806,4508.420999976806,532.0
1789531731,5,GET,/api/find-carparks,0.000000,0.000000,4500,4500,4500,4500,4500,4500,4500,4500,4500,4500,4500,1,0,4508.420999976806,4508.420999976806,4508.420999976806,4508.420999976806,532.0
1789531731,5,,Aggregated,0.000000,0.000000,4500,4500,4500,4500,4500,4500,4500,4500,4500,4500,4500,1,0,4508.420999976806,4508.420999976806,4508.420999976806,4508.420999976806,532.0
1789531732,5,GET,/api/find-carparks,0.166667,0.000000,8100,8100,8100,8100,8100,8100,8100,8100,8100,8100,8100,2,0,4508.420999976806,6304.607899975963,4508.420999976806,8100.7947999751195,533.0
1789531732,5,,Aggregated,0.166667,0.000000,8100,8100,8100,8100,8100,8100,8100,8100,8100,8100,8100,2,0,4508.420999976806,6304.607899975963,4508.420999976806,8100.7947999751195,533.0
1789531733,5,GET,/api/find-carparks,0.125000,0.000000,9700,9700,9800,9800,9800,9800,9800,9800,9800,9800,9800,4,0,8100.0,8022.7493249985855,4508.420999976806,9807.1418000618,536.5
1789531733,5,,Aggregated,0.125000,0.000000,9700,9700,9800,9800,9800,9800,9800,9800,9800,9800,9800,4,0,8100.0,8022.7493249985855,4508.420999976806,9807.1418000618,536.5
1789531734,5,GET,/api/find-carparks,0.125000,0.000000,9700,9700,9800,9800,9800,9800,9800,9800,9800,9800,9800,4,0,8100.0,8022.7493249985855,4508.420999976806,9807.1418000618,536.5
1789531734,5,,Aggregated,0.125000,0.000000,9700,9700,9800,9800,9800,9800,9800,9800,9800,9800,9800,4,0,8100.0,8022.7493249985855,4508.420999976806,9807.1418000618,536.5
1789531735,5,GET,/api/find-carparks,0.200000,0.000000,8100,9700,9700,9800,9800,9800,9800,9800,9800,9800,9800,5,0,8100.0,7470.18974001985,4508.420999976806,9807.1418000618,537.4
1789531735,5,,Aggregated,0.200000,0.000000,8100,9700,9700,9800,9800,9800,9800,9800,9800,9800,9800,5,0,8100.0,7470.18974001985,4508.420999976806,9807.1418000618,537.4
1789531736,5,GET,/api/find-carparks,0.200000,0.000000,8100,9700,9700,9800,9800,9800,9800,9800,9800,9800,9800,5,0,8100.0,7470.18974001985,4508.420999976806,9807.1418000618,537.4
1789531736,5,,Aggregated,0.200000,0.000000,8100,9700,9700,9800,9800,9800,9800,9800,9800,9800,9800,5,0,8100.0,7470.18974001985,4508.420999976806,9807.1418000618,537.4
1789531737,5,GET,/api/find-carparks,0.200000,0.000000,8100,9700,9700,9800,9800,9800,9800,9800,9800,9800,9800,5,0,8100.0,7470.18974001985,4508.420999976806,9807.1418000618,537.4
1789531737,5,,Aggregated,0.200000,0.000000,9700,9700,9800,9800,9800,9800,9800,9800,9800,9800,9800,5,0,8100.0,7470.18974001985,4508.420999976806,9807.1418000618,537.4
1789531738,5,GET,/api/find-carparks,0.400000,0.000000,9700,9700,9800,9800,14000,14000,14000,14000,14000,14000,14000,6,0,8100.0,8628.322650018768,4508.420999976806,14418.987200013362,537.5
1789531738,5,,Aggregated,0.400000,0.000000,9700,9800,9800,14000,14000,14000,14000,14000,14000,14000,14000,6,0,8100.0,8628.322650018768,4508.420999976806,14418.987200013362,537.5
1789531739,5,GET,/api/find-carparks,0.500000,0.000000,8100,9700,9800,9800,14000,14000,14000,14000,14000,14000,14000,7,0,8100.0,8120.651942877365,4508.420999976806,14418.987200013362,538.0
1789531739,5,,Aggregated,0.500000,0.000000,9700,9700,9800,9800,14000,14000,14000,14000,14000,14000,14000,7,0,8100.0,8120.651942877365,4508.420999976806,14418.987200013362,538.0
1789531740,5,GET,/api/find-carparks,0.500000,0.000000,9700,9700,9800,9800,14000,14000,14000,14000,14000,14000,14000,7,0,8100.0,8120.651942877365,4508.420999976806,14418.987200013362,538.0
1789531740,5,,Aggregated,0.500000,0.000000,9700,9700,9800,9800,14000,14000,14000,14000,14000,14000,14000,7,0,8100.0,8120.651942877365,4508.420999976806,14418.987200013362,538.0
1789531741,5,GET,/api/find-carparks,0.500000,0.000000,9700,9700,9800,9800,14000,14000,14000,14000,14000,14000,14000,7,0,8100.0,8120.651942877365,4508.420999976806,14418.987200013362,538.0
1789531741,5,,Aggregated,0.500000,0.000000,9700,9700,9800,9800,14000,14000,14000,14000,14000,14000,14000,7,0,8100.0,8120.651942877365,4508.420999976806,14418.987200013362,538.0
1789531742,5,GET,/api/find-carparks,0.600000,0.000000,6000,9700,9800,9800,14000,14000,14000,14000,14000,14000,14000,9,0,6000.0,7457.595633329927,4229.2254999047145,14418.987200013362,538.5555555555555
1789531742,5,,Aggregated,0.600000,0.000000,6000,9700,9800,9800,14000,14000,14000,14000,14000,14000,14000,9,0,6000.0,7457.595633329927,4229.2254999047145,14418.987200013362,538.5555555555555
1789531743,5,GET,/api/find-carparks,0.600000,0.000000,8000,9700,9800,9800,14000,14000,14000,14000,14000,14000,14000,10,0,6000.0,7508.637059992179,4229.2254999047145,14418.987200013362,538.3
1789531743,5,,Aggregated,0.600000,0.000000,8000,9700,9800,9800,14000,14000,14000,14000,14000,14000,14000,10,0,6000.0,7508.637059992179,4229.2254999047145,14418.987200013362,538.3
1789531744,5,GET,/api/find-carparks,0.600000,0.000000,6000,6000,8000,8000,14000,14000,14000,14000,14000,14000,14000,10,0,6000.0,7508.637059992179,4229.2254999047145,14418.987200013362,538.3
1789531744,5,,Aggregated,0.600000,0.000000,6000,6000,8000,8000,14000,14000,14000,14000,14000,14000,14000,10,0,6000.0,7508.637059992179,4229.2254999047145,14418.987200013362,538.3
1789531745,5,GET,/api/find-carparks,0.600000,0.000000,6000,6000,8000,8000,14000,14000,14000,14000,14000,14000,14000,10,0,6000.0,7508.637059992179,4229.2254999047145,14418.987200013362,538.3
1789531745,5,,Aggregated,0.600000,0.000000,6000,6000,8000,8000,14000,14000,14000,14000,14000,14000,14000,10,0,6000.0,7508.637059992179,4229.2254999047145,14418.987200013362,538.3
1789531746,5,GET,/api/annotate-carpark,0.000000,0.000000,0,0,0,0,0,0,0,0,0,0,0,1,0,2700.695800012909,2700.695800012909,2700.695800012909,2700.695800012909,247674.0
1789531746,5,GET,/api/find-carparks,0.600000,0.000000,6000,6000,8000,8000,14000,14000,14000,14000,14000,14000,14000,11,0,6000.0,7330.568290908228,4229.2254999047145,14418.987200013362,538.1818181818181
1789531746,5,,Aggregated,0.600000,0.000000,5500,6000,8000,8000,14000,14000,14000,14000,14000,14000,14000,12,0,5500.0,6944.745583333618,2700.695800012909,14418.987200013362,21132.833333333332
1789531747,5,GET,/api/annotate-carpark,0.000000,0.000000,0,0,0,0,0,0,0,0,0,0,0,1,0,2700.695800012909,2700.695800012909,2700.695800012909,2700.695800012909,247674.0
1789531747,5,GET,/api/find-carparks,0.600000,0.000000,5500,6000,6000,8000,8000,8000,8000,8000,8000,8000,8000,11,0,6000.0,7330.568290908228,4229.2254999047145,14418.987200013362,538.1818181818181
1789531747,5,,Aggregated,0.600000,0.000000,5500,5500,6000,6000,8000,8000,8000,8000,8000,8000,8000,12,0,5500.0,6944.745583333618,2700.695800012909,14418.987200013362,21132.833333333332
1789531748,5,GET,/api/annotate-carpark,0.000000,0.000000,2700,2700,2700,2700,2700,2700,2700,2700,2700,2700,2700,1,0,2700.695800012909,2700.695800012909,2700.695800012909,2700.695800012909,247674.0
1789531748,5,GET,/api/find-carparks,0.600000,0.000000,5500,6000,6000,8000,8000,8000,8000,8000,8000,8000,8000,11,0,6000.0,7330.568290908228,4229.2254999047145,14418.987200013362,538.1818181818181
1789531748,5,,Aggregated,0.600000,0.000000,5500,5500,6000,6000,8000,8000,8000,8000,8000,8000,8000,12,0,5500.0,6944.745583333618,2700.695800012909,14418.987200013362,21132.833333333332
1789531749,5,GET,/api/annotate-carpark,0.100000,0.000000,2700,2700,2700,2700,2700,2700,2700,2700,2700,2700,2700,1,0,2700.695800012909,2700.695800012909,2700.695800012909,2700.695800012909,247674.0
1789531749,5,GET,/api/find-carparks,0.600000,0.000000,6000,8000,8000,8800,8800,8800,8800,8800,8800,8800,8800,12,0,6000.0,7454.513300006511,4229.2254999047145,14418.987200013362,538.4166666666666
1789531749,5,,Aggregated,0.700000,0.000000,6000,6000,8000,8000,8800,8800,8800,8800,8800,8800,8800,13,0,6000.0,7088.835030776234,2700.695800012909,14418.987200013362,19548.846153846152
1789531750,5,GET,/api/annotate-carpark,0.100000,0.000000,2700,2700,2700,2700,2700,2700,2700,2700,2700,2700,2700,1,0,2700.695800012909,2700.695800012909,2700.695800012909,2700.695800012909,247674.0
1789531750,5,GET,/api/find-carparks,0.600000,0.000000,6000,8000,8000,8800,8800,8800,8800,8800,8800,8800,8800,12,0,6000.0,7454.513300006511,4229.2254999047145,14418.987200013362,538.4166666666666
1789531750,5,,Aggregated,0.700000,0.000000,6000,6000,8000,8000,8800,8800,8800,8800,8800,8800,8800,13,0,6000.0,7088.835030776234,2700.695800012909,14418.987200013362,19548.846153846152
1789531751,5,GET,/api/annotate-carpark,0.100000,0.000000,2700,2700,2700,2700,2700,2700,2700,2700,2700,2700,2700,1,0,2700.695800012909,2700.695800012909,2700.695800012909,2700.695800012909,247674.0
1789531751,5,GET,/api/find-carparks,0.400000,0.000000,5500,8000,8000,8800,8800,8800,8800,8800,8800,8800,8800,13,0,6000.0,7193.614276923025,4062.8259999211878,14418.987200013362,538.5384615384615
1789531751,5,,Aggregated,0.500000,0.000000,5500,5500,8000,8000,8800,8800,8800,8800,8800,8800,8800,14,0,5500.0,6872.691528572302,2700.695800012909,14418.987200013362,18191.071428571428
1789531752,5,GET,/api/annotate-carpark,0.100000,0.000000,2700,2700,2700,2700,2700,2700,2700,2700,2700,2700,2700,1,0,2700.695800012909,2700.695800012909,2700.695800012909,2700.695800012909,247674.0
1789531752,5,GET,/api/find-carparks,0.500000,0.000000,8000,8000,8000,8800,8800,8800,8800,8800,8800,8800,8800,14,0,6000.0,7249.163449999677,4062.8259999211878,14418.987200013362,538.4285714285714
1789531752,5,,Aggregated,0.600000,0.000000,8000,8000,8000,8000,8800,8800,8800,8800,8800,8800,8800,15,0,6000.0,6945.932273333892,2700.695800012909,14418.987200013362,17014.133333333335
1789531753,5,GET,/api/annotate-carpark,0.100000,0.000000,2700,2700,2700,2700,2700,2700,2700,2700,2700,2700,2700,1,0,2700.695800012909,2700.695800012909,2700.695800012909,2700.695800012909,247674.0
1789531753,5,GET,/api/find-carparks,0.500000,0.000000,8000,8000,8000,8800,8800,8800,8800,8800,8800,8800,8800,14,0,6000.0,7249.163449999677,4062.8259999211878,14418.987200013362,538.4285714285714
1789531753,5,,Aggregated,0.600000,0.000000,8000,8000,8000,8000,8800,8800,8800,8800,8800,8800,8800,15,0,6000.0,6945.932273333892,2700.695800012909,14418.987200013362,17014.133333333335
1789531754,5,GET,/api/annotate-carpark,0.100000,0.000000,2700,2700,2700,2700,2700,2700,2700,2700,2700,2700,2700,1,0,2700.695800012909,2700.695800012909,2700.695800012909,2700.695800012909,247674.0
1789531754,5,GET,/api/find-carparks,0.500000,0.000000,5800,8000,8000,8800,8800,8800,8800,8800,8800,8800,8800,15,0,6000.0,7152.104013327819,4062.8259999211878,14418.987200013362,538.2
1789531754,5,,Aggregated,0.600000,0.000000,5800,5800,8000,8000,8800,8800,8800,8800,8800,8800,8800,16,0,5800.0,6873.890999995638,2700.695800012909,14418.987200013362,15984.1875
1789531755,5,GET,/api/annotate-carpark,0.100000,0.000000,2800,2800,2800,2800,2800,2800,2800,2800,2800,2800,2800,2,0,2700.695800012909,2730.64720002003,2700.695800012909,2760.5986000271514,244242.0
1789531755,5,GET,/api/find-carparks,0.500000,0.000000,8000,8000,8800,8800,10000,10000,10000,10000,10000,10000,10000,16,0,6000.0,7358.04030624422,4062.8259999211878,14418.987200013362,538.125
1789531755,5,,Aggregated,0.600000,0.000000,5800,8000,8800,8800,10000,10000,10000,10000,10000,10000,10000,18,0,5800.0,6843.885516663755,2700.695800012909,14418.987200013362,27616.333333333332
1789531756,5,GET,/api/annotate-carpark,0.100000,0.000000,2800,2800,2800,2800,2800,2800,2800,2800,2800,2800,2800,2,0,2700.695800012909,2730.64720002003,2700.695800012909,2760.5986000271514,244242.0
1789531756,5,GET,/api/find-carparks,0.500000,0.000000,8000,8000,8800,8800,10000,10000,10000,10000,10000,10000,10000,16,0,6000.0,7358.04030624422,4062.8259999211878,14418.987200013362,538.125
1789531756,5,,Aggregated,0.600000,0.000000,5800,8000,8800,8800,10000,10000,10000,10000,10000,10000,10000,18,0,5800.0,6843.885516663755,2700.695800012909,14418.987200013362,27616.333333333332
1789531757,5,GET,/api/annotate-carpark,0.100000,0.000000,2800,2800,2800,2800,2800,2800,2800,2800,2800,2800,2800,2,0,2700.695800012909,2730.64720002003,2700.695800012909,2760.5986000271514,244242.0
1789531757,5,GET,/api/find-carparks,0.500000,0.000000,8000,8800,8800,10000,10000,10000,10000,10000,10000,10000,10000,16,0,6000.0,7358.04030624422,4062.8259999211878,14418.987200013362,538.125
1789531757,5,,Aggregated,0.600000,0.000000,8000,8000,8800,8800,10000,10000,10000,10000,10000,10000,10000,18,0,5800.0,6843.885516663755,2700.695800012909,14418.987200013362,27616.333333333332
1789531758,5,GET,/api/annotate-carpark,0.100000,0.000000,2800,2800,2800,2800,2800,2800,2800,2800,2800,2800,2800,2,0,2700.695800012909,2730.64720002003,2700.695800012909,2760.5986000271514,244242.0
1789531758,5,GET,/api/find-carparks,0.500000,0.000000,8000,8800,8800,10000,10000,10000,10000,10000,10000,10000,10000,16,0,6000.0,7358.04030624422,4062.8259999211878,14418.987200013362,538.125
1789531758,5,,Aggregated,0.600000,0.000000,8000,8000,8800,8800,10000,10000,10000,10000,10000,10000,10000,18,0,5800.0,6843.885516663755,2700.695800012909,14418.987200013362,27616.333333333332
1789531759,5,GET,/api/annotate-carpark,0.100000,0.000000,2800,2800,2800,2800,2800,2800,2800,2800,2800,2800,2800,2,0,2700.695800012909,2730.64720002003,2700.695800012909,2760.5986000271514,244242.0
1789531759,5,GET,/api/find-carparks,0.500000,0.000000,8000,8800,8800,10000,10000,10000,10000,10000,10000,10000,10000,16,0,6000.0,7358.04030624422,4062.8259999211878,14418.987200013362,538.125
1789531759,5,,Aggregated,0.600000,0.000000,8000,8000,8800,8800,10000,10000,10000,10000,10000,10000,10000,18,0,5800.0,6843.885516663755,2700.695800012909,14418.987200013362,27616.333333333332
1789531760,5,GET,/api/annotate-carpark,0.100000,0.000000,2800,2800,2800,2800,2800,2800,2800,2800,2800,2800,2800,2,0,2700.695800012909,2730.64720002003,2700.695800012909,2760.5986000271514,244242.0
1789531760,5,GET,/api/find-carparks,0.500000,0.000000,5800,8000,8000,10000,10000,10000,10000,10000,10000,10000,10000,17,0,6000.0,7146.754729404005,3766.1854999605566,14418.987200013362,538.4705882352941
1789531760,5,,Aggregated,0.600000,0.000000,5800,5800,8000,8000,10000,10000,10000,10000,10000,10000,10000,19,0,5800.0,6681.901305258323,2700.695800012909,14418.987200013362,26191.473684210527
1789531761,5,GET,/api/annotate-carpark,0.100000,0.000000,2800,2800,2800,2800,2800,2800,2800,2800,2800,2800,2800,2,0,2700.695800012909,2730.64720002003,2700.695800012909,2760.5986000271514,244242.0
1789531761,5,GET,/api/find-carparks,0.500000,0.000000,8000,8000,10000,10000,10000,10000,10000,10000,10000,10000,10000,17,0,6000.0,7146.754729404005,3766.1854999605566,14418.987200013362,538.4705882352941
1789531761,5,,Aggregated,0.600000,0.000000,5800,8000,8000,10000,10000,10000,10000,10000,10000,10000,10000,19,0,5800.0,6681.901305258323,2700.695800012909,14418.987200013362,26191.473684210527
1789531762,5,GET,/api/annotate-carpark,0.100000,0.000000,2800,2800,2800,2800,2800,2800,2800,2800,2800,2800,2800,2,0,2700.695800012909,2730.64720002003,2700.695800012909,2760.5986000271514,244242.0
1789531762,5,GET,/api/find-carparks,0.500000,0.000000,8000,8000,10000,10000,10000,10000,10000,10000,10000,10000,10000,17,0,6000.0,7146.754729404005,3766.1854999605566,14418.987200013362,538.4705882352941
1789531762,5,,Aggregated,0.600000,0.000000,5800,8000,8000,10000,10000,10000,10000,10000,10000,10000,10000,19,0,5800.0,6681.901305258323,2700.695800012909,14418.987200013362,26191.473684210527
1789531763,5,GET,/api/annotate-carpark,0.100000,0.000000,2800,2800,2800,2800,2800,2800,2800,2800,2800,2800,2800,2,0,2700.695800012909,2730.64720002003,2700.695800012909,2760.5986000271514,244242.0
1789531763,5,GET,/api/find-carparks,0.500000,0.000000,8600,10000,10000,12000,12000,12000,12000,12000,12000,12000,12000,19,0,8000.0,7464.601336843579,3766.1854999605566,14418.987200013362,538.2105263157895
1789531763,5,,Aggregated,0.600000,0.000000,8600,8600,10000,10000,12000,12000,12000,12000,12000,12000,12000,21,0,6000.0,7013.7485619080035,2700.695800012909,14418.987200013362,23748.095238095237
1789531764,5,GET,/api/annotate-carpark,0.100000,0.000000,2800,2800,2800,2800,2800,2800,2800,2800,2800,2800,2800,2,0,2700.695800012909,2730.64720002003,2700.695800012909,2760.5986000271514,244242.0
1789531764,5,GET,/api/find-carparks,0.500000,0.000000,8600,10000,10000,12000,12000,12000,12000,12000,12000,12000,12000,20,0,6000.0,7387.49446500442,3766.1854999605566,14418.987200013362,538.3
1789531764,5,,Aggregated,0.600000,0.000000,8600,8600,10000,10000,12000,12000,12000,12000,12000,12000,12000,22,0,5900.0,6964.144713642203,2700.695800012909,14418.987200013362,22693.18181818182
1789531765,5,GET,/api/annotate-carpark,0.100000,0.000000,2800,2800,2800,2800,2800,2800,2800,2800,2800,2800,2800,2,0,2700.695800012909,2730.64720002003,2700.695800012909,2760.5986000271514,244242.0
1789531765,5,GET,/api/find-carparks,0.500000,0.000000,8600,10000,10000,12000,12000,12000,12000,12000,12000,12000,12000,20,0,6000.0,7387.49446500442,3766.1854999605566,14418.987200013362,538.3
1789531765,5,,Aggregated,0.600000,0.000000,8600,8600,10000,10000,12000,12000,12000,12000,12000,12000,12000,22,0,5900.0,6964.144713642203,2700.695800012909,14418.987200013362,22693.18181818182
1789531766,5,GET,/api/annotate-carpark,0.100000,0.000000,2800,2800,2800,2800,2800,2800,2800,2800,2800,2800,2800,3,0,2700.0,2262.2642333541685,1325.4983000224456,2760.5986000271514,247154.0
1789531766,5,GET,/api/find-carparks,0.600000,0.000000,8600,10000,10000,12000,12000,12000,12000,12000,12000,12000,12000,20,0,6000.0,7387.49446500442,3766.1854999605566,14418.987200013362,538.3
1789531766,5,,Aggregated,0.700000,0.000000,5900,8600,10000,10000,12000,12000,12000,12000,12000,12000,12000,23,0,5900.0,6718.986173919605,1325.4983000224456,14418.987200013362,32705.565217391304
1789531767,5,GET,/api/annotate-carpark,0.100000,0.000000,2800,2800,2800,2800,2800,2800,2800,2800,2800,2800,2800,3,0,2700.0,2262.2642333541685,1325.4983000224456,2760.5986000271514,247154.0
1789531767,5,GET,/api/find-carparks,0.500000,0.000000,8600,8600,10000,10000,12000,12000,12000,12000,12000,12000,12000,22,0,6000.0,7408.575486365325,3766.1854999605566,14418.987200013362,538.5454545454545
1789531767,5,,Aggregated,0.600000,0.000000,5900,8600,10000,10000,12000,12000,12000,12000,12000,12000,12000,25,0,5900.0,6791.018136003986,1325.4983000224456,14418.987200013362,30132.4
1789531769,5,GET,/api/annotate-carpark,0.100000,0.000000,2800,2800,2800,2800,2800,2800,2800,2800,2800,2800,2800,3,0,2700.0,2262.2642333541685,1325.4983000224456,2760.5986000271514,247154.0
1789531769,5,GET,/api/find-carparks,0.500000,0.000000,8600,8600,10000,10000,12000,12000,12000,12000,12000,12000,12000,22,0,6000.0,7408.575486365325,3766.1854999605566,14418.987200013362,538.5454545454545
1789531769,5,,Aggregated,0.600000,0.000000,5900,8600,10000,10000,12000,12000,12000,12000,12000,12000,12000,25,0,5900.0,6791.018136003986,1325.4983000224456,14418.987200013362,30132.4
1789531770,5,GET,/api/annotate-carpark,0.100000,0.000000,1300,1300,1300,1300,1300,1300,1300,1300,1300,1300,1300,3,0,2700.0,2262.2642333541685,1325.4983000224456,2760.5986000271514,247154.0
1789531770,5,GET,/api/find-carparks,0.500000,0.000000,8600,8600,10000,10000,12000,12000,12000,12000,12000,12000,12000,22,0,6000.0,7408.575486365325,3766.1854999605566,14418.987200013362,538.5454545454545
1789531770,5,,Aggregated,0.600000,0.000000,5900,8600,10000,10000,12000,12000,12000,12000,12000,12000,12000,25,0,5900.0,6791.018136003986,1325.4983000224456,14418.987200013362,30132.4
1789531771,5,GET,/api/annotate-carpark,0.100000,0.000000,1300,1300,1300,1300,1300,1300,1300,1300,1300,1300,1300,4,0,1315.869600046426,2025.665575027233,1315.869600046426,2760.5986000271514,249445.25
1789531771,5,GET,/api/find-carparks,0.600000,0.000000,8600,8600,10000,10000,12000,12000,12000,12000,12000,12000,12000,23,0,6000.0,7343.104343481727,3766.1854999605566,14418.987200013362,538.4347826086956
1789531771,5,,Aggregated,0.700000,0.000000,5900,8600,10000,10000,12000,12000,12000,12000,12000,12000,12000,27,0,5900.0,6555.335637044023,1315.869600046426,14418.987200013362,37413.51851851852
1789531772,5,GET,/api/annotate-carpark,0.100000,0.000000,1300,1300,1300,1300,1300,1300,1300,1300,1300,1300,1300,4,0,1315.869600046426,2025.665575027233,1315.869600046426,2760.5986000271514,249445.25
1789531772,5,GET,/api/find-carparks,0.600000,0.000000,6400,8600,10000,10000,12000,12000,12000,12000,12000,12000,12000,24,0,6000.0,7303.228570837139,3766.1854999605566,14418.987200013362,538.3333333333334
1789531772,5,,Aggregated,0.700000,0.000000,5900,6400,8600,10000,12000,12000,12000,12000,12000,12000,12000,28,0,5900.0,6549.291000007152,1315.869600046426,14418.987200013362,36096.46428571428
1789531773,5,GET,/api/annotate-carpark,0.100000,0.000000,1300,1300,1300,1300,1300,1300,1300,1300,1300,1300,1300,4,0,1315.869600046426,2025.665575027233,1315.869600046426,2760.5986000271514,249445.25
1789531773,5,GET,/api/find-carparks,0.600000,0.000000,6400,8600,10000,10000,12000,12000,12000,12000,12000,12000,12000,24,0,6000.0,7303.228570837139,3766.1854999605566,14418.987200013362,538.3333333333334
1789531773,5,,Aggregated,0.700000,0.000000,5900,6400,8600,10000,12000,12000,12000,12000,12000,12000,12000,28,0,5900.0,6549.291000007152,1315.869600046426,14418.987200013362,36096.46428571428
1789531774,5,GET,/api/annotate-carpark,0.100000,0.000000,1300,1300,1300,1300,1300,1300,1300,1300,1300,1300,1300,4,0,1315.869600046426,2025.665575027233,1315.869600046426,2760.5986000271514,249445.25
1789531774,5,GET,/api/find-carparks,0.600000,0.000000,6400,8600,10000,10000,12000,12000,12000,12000,12000,12000,12000,24,0,6000.0,7303.228570837139,3766.1854999605566,14418.987200013362,538.3333333333334
1789531774,5,,Aggregated,0.700000,0.000000,5900,5900,6400,6400,10000,10000,10000,10000,10000,10000,10000,28,0,5900.0,6549.291000007152,1315.869600046426,14418.987200013362,36096.46428571428
1789531775,5,GET,/api/annotate-carpark,0.200000,0.000000,1300,1300,1300,1300,1300,1300,1300,1300,1300,1300,1300,4,0,1315.869600046426,2025.665575027233,1315.869600046426,2760.5986000271514,249445.25
1789531775,5,GET,/api/find-carparks,0.700000,0.000000,5900,6400,6400,10000,10000,10000,10000,10000,10000,10000,10000,25,0,6000.0,7210.205728001893,3766.1854999605566,14418.987200013362,538.28
1789531775,5,,Aggregated,0.900000,0.000000,5000,5900,6400,6400,10000,10000,10000,10000,10000,10000,10000,29,0,5900.0,6495.096741384698,1315.869600046426,14418.987200013362,34870.275862068964
1789531776,5,GET,/api/annotate-carpark,0.200000,0.000000,1300,1300,1300,1300,1300,1300,1300,1300,1300,1300,1300,4,0,1315.869600046426,2025.665575027233,1315.869600046426,2760.5986000271514,249445.25
1789531776,5,GET,/api/find-carparks,0.700000,0.000000,5900,6400,6400,10000,10000,10000,10000,10000,10000,10000,10000,25,0,6000.0,7210.205728001893,3766.1854999605566,14418.987200013362,538.28
1789531776,5,,Aggregated,0.900000,0.000000,5900,5900,6400,6400,10000,10000,10000,10000,10000,10000,10000,29,0,5900.0,6495.096741384698,1315.869600046426,14418.987200013362,34870.275862068964
1789531777,5,GET,/api/annotate-carpark,0.200000,0.000000,1300,1300,1300,1300,1300,1300,1300,1300,1300,1300,1300,4,0,1315.869600046426,2025.665575027233,1315.869600046426,2760.5986000271514,249445.25
1789531777,5,GET,/api/find-carparks,0.700000,0.000000,5900,6400,6400,10000,10000,10000,10000,10000,10000,10000,10000,25,0,6000.0,7210.205728001893,3766.1854999605566,14418.987200013362,538.28
1789531777,5,,Aggregated,0.900000,0.000000,5900,5900,6400,6400,10000,10000,10000,10000,10000,10000,10000,29,0,5900.0,6495.096741384698,1315.869600046426,14418.987200013362,34870.275862068964
1789531778,5,GET,/api/annotate-carpark,0.200000,0.000000,1300,1300,1300,1300,1300,1300,1300,1300,1300,1300,1300,4,0,1315.869600046426,2025.665575027233,1315.869600046426,2760.5986000271514,249445.25
1789531778,5,GET,/api/find-carparks,0.700000,0.000000,5900,5900,6400,6400,6400,6400,6400,6400,6400,6400,6400,25,0,6000.0,7210.205728001893,3766.1854999605566,14418.987200013362,538.28
1789531778,5,,Aggregated,0.900000,0.000000,5900,5900,6400,6400,6400,6400,6400,6400,6400,6400,6400,29,0,5900.0,6495.096741384698,1315.869600046426,14418.987200013362,34870.275862068964
1789531779,5,GET,/api/annotate-carpark,0.200000,0.000000,2300,2300,2300,2300,2300,2300,2300,2300,2300,2300,2300,5,0,2300.0,2080.498900008388,1315.869600046426,2760.5986000271514,253148.0
1789531779,5,GET,/api/find-carparks,0.500000,0.000000,6100,6100,6400,6400,6400,6400,6400,6400,6400,6400,6400,26,0,6000.0,7167.663146155134,3766.1854999605566,14418.987200013362,537.8846153846154
1789531779,5,,Aggregated,0.700000,0.000000,5900,5900,6100,6100,6400,6400,6400,6400,6400,6400,6400,31,0,5900.0,6347.152783873401,1315.869600046426,14418.987200013362,41281.45161290323
1789531780,5,GET,/api/annotate-carpark,0.100000,0.000000,2300,2300,2300,2300,2300,2300,2300,2300,2300,2300,2300,5,0,2300.0,2080.498900008388,1315.869600046426,2760.5986000271514,253148.0
1789531780,5,GET,/api/find-carparks,0.500000,0.000000,6400,6400,11000,11000,11000,11000,11000,11000,11000,11000,11000,27,0,6100.0,7312.831170374045,3766.1854999605566,14418.987200013362,537.925925925926
1789531780,5,,Aggregated,0.600000,0.000000,6100,6400,6400,11000,11000,11000,11000,11000,11000,11000,11000,32,0,5900.0,6495.279253129411,1315.869600046426,14418.987200013362,40008.25
1789531781,5,GET,/api/annotate-carpark,0.100000,0.000000,2300,2300,2300,2300,2300,2300,2300,2300,2300,2300,2300,5,0,2300.0,2080.498900008388,1315.869600046426,2760.5986000271514,253148.0
1789531781,5,GET,/api/find-carparks,0.500000,0.000000,6400,6400,11000,11000,11000,11000,11000,11000,11000,11000,11000,27,0,6100.0,7312.831170374045,3766.1854999605566,14418.987200013362,537.925925925926
1789531781,5,,Aggregated,0.600000,0.000000,6100,6400,6400,11000,11000,11000,11000,11000,11000,11000,11000,32,0,5900.0,6495.279253129411,1315.869600046426,14418.987200013362,40008.25
1789531782,5,GET,/api/annotate-carpark,0.200000,0.000000,1300,1300,2300,2300,2300,2300,2300,2300,2300,2300,2300,6,0,1300.0,1883.562900009565,898.882900015451,2760.5986000271514,257143.0
1789531782,5,GET,/api/find-carparks,0.400000,0.000000,8900,8900,11000,11000,11000,11000,11000,11000,11000,11000,11000,28,0,6100.0,7367.870478574851,3766.1854999605566,14418.987200013362,537.8928571428571
1789531782,5,,Aggregated,0.600000,0.000000,6100,6100,8900,8900,11000,11000,11000,11000,11000,11000,11000,34,0,5900.0,6400.0514941221545,898.882900015451,14418.987200013362,45821.14705882353
1789531783,5,GET,/api/annotate-carpark,0.200000,0.000000,1300,1300,2300,2300,2300,2300,2300,2300,2300,2300,2300,6,0,1300.0,1883.562900009565,898.882900015451,2760.5986000271514,257143.0
1789531783,5,GET,/api/find-carparks,0.400000,0.000000,8900,8900,11000,11000,11000,11000,11000,11000,11000,11000,11000,28,0,6100.0,7367.870478574851,3766.1854999605566,14418.987200013362,537.8928571428571
1789531783,5,,Aggregated,0.600000,0.000000,6100,6100,8900,8900,11000,11000,11000,11000,11000,11000,11000,34,0,5900.0,6400.0514941221545,898.882900015451,14418.987200013362,45821.14705882353
1789531784,5,GET,/api/annotate-carpark,0.200000,0.000000,2300,2300,2300,2300,2300,2300,2300,2300,2300,2300,2300,6,0,1300.0,1883.562900009565,898.882900015451,2760.5986000271514,257143.0
1789531784,5,GET,/api/find-carparks,0.400000,0.000000,8900,8900,11000,11000,11000,11000,11000,11000,11000,11000,11000,28,0,6100.0,7367.870478574851,3766.1854999605566,14418.987200013362,537.8928571428571
1789531784,5,,Aggregated,0.600000,0.000000,6100,6100,8900,8900,11000,11000,11000,11000,11000,11000,11000,34,0,5900.0,6400.0514941221545,898.882900015451,14418.987200013362,45821.14705882353
1789531785,5,GET,/api/annotate-carpark,0.200000,0.000000,2300,2300,2300,2300,2300,2300,2300,2300,2300,2300,2300,6,0,1300.0,1883.562900009565,898.882900015451,2760.5986000271514,257143.0
1789531785,5,GET,/api/find-carparks,0.400000,0.000000,8900,8900,11000,11000,11000,11000,11000,11000,11000,11000,11000,28,0,6100.0,7367.870478574851,3766.1854999605566,14418.987200013362,537.8928571428571
1789531785,5,,Aggregated,0.600000,0.000000,6100,6100,8900,8900,11000,11000,11000,11000,11000,11000,11000,34,0,5900.0,6400.0514941221545,898.882900015451,14418.987200013362,45821.14705882353
1789531786,5,GET,/api/annotate-carpark,0.200000,0.000000,2300,2300,2300,2300,2300,2300,2300,2300,2300,2300,2300,6,0,1300.0,1883.562900009565,898.882900015451,2760.5986000271514,257143.0
1789531786,5,GET,/api/find-carparks,0.400000,0.000000,8900,11000,11000,11000,11000,11000,11000,11000,11000,11000,11000,30,0,6100.0,7383.862143335864,3766.1854999605566,14418.987200013362,537.9666666666667
1789531786,5,,Aggregated,0.600000,0.000000,6100,8900,11000,11000,11000,11000,11000,11000,11000,11000,11000,36,0,5900.0,6467.145602781481,898.882900015451,14418.987200013362,43305.47222222222
1789531787,5,GET,/api/annotate-carpark,0.200000,0.000000,2300,2300,2300,2300,2300,2300,2300,2300,2300,2300,2300,6,0,1300.0,1883.562900009565,898.882900015451,2760.5986000271514,257143.0
1789531787,5,GET,/api/find-carparks,0.400000,0.000000,8900,11000,11000,11000,11000,11000,11000,11000,11000,11000,11000,30,0,6100.0,7383.862143335864,3766.1854999605566,14418.987200013362,537.9666666666667
1789531787,5,,Aggregated,0.600000,0.000000,6100,8900,11000,11000,11000,11000,11000,11000,11000,11000,11000,36,0,5900.0,6467.145602781481,898.882900015451,14418.987200013362,43305.47222222222
1789531788,5,GET,/api/annotate-carpark,0.200000,0.000000,2300,2300,2300,2300,2300,2300,2300,2300,2300,2300,2300,6,0,1300.0,1883.562900009565,898.882900015451,2760.5986000271514,257143.0
1789531788,5,GET,/api/find-carparks,0.400000,0.000000,11000,11000,11000,11000,11000,11000,11000,11000,11000,11000,11000,30,0,6100.0,7383.862143335864,3766.1854999605566,14418.987200013362,537.9666666666667
1789531788,5,,Aggregated,0.600000,0.000000,8900,11000,11000,11000,11000,11000,11000,11000,11000,11000,11000,36,0,5900.0,6467.145602781481,898.882900015451,14418.987200013362,43305.47222222222
1789531789,5,GET,/api/annotate-carpark,0.200000,0.000000,900,900,900,900,900,900,900,900,900,900,900,6,0,1300.0,1883.562900009565,898.882900015451,2760.5986000271514,257143.0
1789531789,5,GET,/api/find-carparks,0.500000,0.000000,8900,11000,11000,11000,11000,11000,11000,11000,11000,11000,11000,31,0,6100.0,7285.747641937867,3766.1854999605566,14418.987200013362,538.0967741935484
1789531789,5,,Aggregated,0.700000,0.000000,8900,8900,11000,11000,11000,11000,11000,11000,11000,11000,11000,37,0,5900.0,6409.717683787332,898.882900015451,14418.987200013362,42149.7027027027
1789531790,5,GET,/api/annotate-carpark,0.200000,0.000000,900,900,900,900,900,900,900,900,900,900,900,6,0,1300.0,1883.562900009565,898.882900015451,2760.5986000271514,257143.0
1789531790,5,GET,/api/find-carparks,0.500000,0.000000,6200,8900,8900,11000,11000,11000,11000,11000,11000,11000,11000,32,0,6100.0,7250.347903129295,3766.1854999605566,14418.987200013362,538.03125
1789531790,5,,Aggregated,0.700000,0.000000,6200,6200,8900,8900,11000,11000,11000,11000,11000,11000,11000,38,0,5900.0,6402.960797373548,898.882900015451,14418.987200013362,41054.60526315789
1789531791,5,GET,/api/annotate-carpark,0.200000,0.000000,900,900,900,900,900,900,900,900,900,900,900,6,0,1300.0,1883.562900009565,898.882900015451,2760.5986000271514,257143.0
1789531791,5,GET,/api/find-carparks,0.500000,0.000000,8900,8900,9100,9100,11000,11000,11000,11000,11000,11000,11000,33,0,6200.0,7305.346845458685,3766.1854999605566,14418.987200013362,537.969696969697
1789531791,5,,Aggregated,0.700000,0.000000,6200,8900,9100,9100,11000,11000,11000,11000,11000,11000,11000,39,0,5900.0,6471.226238466513,898.882900015451,14418.987200013362,40015.666666666664
1789531792,5,GET,/api/annotate-carpark,0.100000,0.000000,900,900,900,900,900,900,900,900,900,900,900,6,0,1300.0,1883.562900009565,898.882900015451,2760.5986000271514,257143.0
1789531792,5,GET,/api/find-carparks,0.500000,0.000000,6200,8900,9100,9100,11000,11000,11000,11000,11000,11000,11000,34,0,6100.0,7211.310385298395,3766.1854999605566,14418.987200013362,537.8823529411765
1789531792,5,,Aggregated,0.600000,0.000000,6200,8900,9100,9100,11000,11000,11000,11000,11000,11000,11000,40,0,5900.0,6412.14826250507,898.882900015451,14418.987200013362,39028.65
1789531793,5,GET,/api/annotate-carpark,0.100000,0.000000,900,900,900,900,900,900,900,900,900,900,900,6,0,1300.0,1883.562900009565,898.882900015451,2760.5986000271514,257143.0
1789531793,5,GET,/api/find-carparks,0.500000,0.000000,6200,6200,9100,9100,11000,11000,11000,11000,11000,11000,11000,34,0,6100.0,7211.310385298395,3766.1854999605566,14418.987200013362,537.8823529411765
1789531793,5,,Aggregated,0.600000,0.000000,6200,6200,9100,9100,11000,11000,11000,11000,11000,11000,11000,40,0,5900.0,6412.14826250507,898.882900015451,14418.987200013362,39028.65
1789531794,10,GET,/api/annotate-carpark,0.100000,0.000000,900,900,900,900,900,900,900,900,900,900,900,6,0,1300.0,1883.562900009565,898.882900015451,2760.5986000271514,257143.0
1789531794,10,GET,/api/find-carparks,0.500000,0.000000,6200,6200,9100,9100,11000,11000,11000,11000,11000,11000,11000,34,0,6100.0,7211.310385298395,3766.1854999605566,14418.987200013362,537.8823529411765
1789531794,10,,Aggregated,0.600000,0.000000,6200,6200,9100,9100,11000,11000,11000,11000,11000,11000,11000,40,0,5900.0,6412.14826250507,898.882900015451,14418.987200013362,39028.65
1789531795,10,GET,/api/annotate-carpark,0.100000,0.000000,900,900,900,900,900,900,900,900,900,900,900,6,0,1300.0,1883.562900009565,898.882900015451,2760.5986000271514,257143.0
1789531795,10,GET,/api/find-carparks,0.500000,0.000000,6200,6200,9100,9100,11000,11000,11000,11000,11000,11000,11000,34,0,6100.0,7211.310385298395,3766.1854999605566,14418.987200013362,537.8823529411765
1789531795,10,,Aggregated,0.600000,0.000000,6200,6200,9100,9100,11000,11000,11000,11000,11000,11000,11000,40,0,5900.0,6412.14826250507,898.882900015451,14418.987200013362,39028.65
1789531796,10,GET,/api/annotate-carpark,0.000000,0.000000,1100,1100,1100,1100,1100,1100,1100,1100,1100,1100,1100,7,0,1300.0,1776.2864714355342,898.882900015451,2760.5986000271514,256354.42857142858
1789531796,10,GET,/api/find-carparks,0.600000,0.000000,5400,6200,6200,9100,9100,9100,9100,9100,9100,9100,9100,35,0,6100.0,7160.825511430657,3766.1854999605566,14418.987200013362,537.8
1789531796,10,,Aggregated,0.600000,0.000000,5400,5400,6200,6200,9100,9100,9100,9100,9100,9100,9100,42,0,5800.0,6263.402338098136,898.882900015451,14418.987200013362,43173.90476190476
1789531797,10,GET,/api/annotate-carpark,0.000000,0.000000,1100,1100,1100,1100,1100,1100,1100,1100,1100,1100,1100,7,0,1300.0,1776.2864714355342,898.882900015451,2760.5986000271514,256354.42857142858
1789531797,10,GET,/api/find-carparks,0.600000,0.000000,6200,6200,9100,9100,9500,9500,9500,9500,9500,9500,9500,36,0,6100.0,7225.8669861120225,3766.1854999605566,14418.987200013362,537.6666666666666
1789531797,10,,Aggregated,0.600000,0.000000,5400,6200,9100,9100,9500,9500,9500,9500,9500,9500,9500,43,0,5900.0,6338.72597209492,898.882900015451,14418.987200013362,42182.25581395349
1789531798,10,GET,/api/annotate-carpark,0.000000,0.000000,1100,1100,1100,1100,1100,1100,1100,1100,1100,1100,1100,7,0,1300.0,1776.2864714355342,898.882900015451,2760.5986000271514,256354.42857142858
1789531798,10,GET,/api/find-carparks,0.600000,0.000000,6200,9100,9100,9500,9500,9500,9500,9500,9500,9500,9500,36,0,6100.0,7225.8669861120225,3766.1854999605566,14418.987200013362,537.6666666666666
1789531798,10,,Aggregated,0.600000,0.000000,6200,6200,9100,9100,9500,9500,9500,9500,9500,9500,9500,43,0,5900.0,6338.72597209492,898.882900015451,14418.987200013362,42182.25581395349
1789531799,10,GET,/api/annotate-carpark,0.100000,0.000000,1100,1100,1100,1100,1100,1100,1100,1100,1100,1100,1100,7,0,1300.0,1776.2864714355342,898.882900015451,2760.5986000271514,256354.42857142858
1789531799,10,GET,/api/find-carparks,0.500000,0.000000,6500,9100,9100,9500,9500,9500,9500,9500,9500,9500,9500,37,0,6200.0,7205.197908110111,3766.1854999605566,14418.987200013362,537.6216216216217
1789531799,10,,Aggregated,0.600000,0.000000,6500,6500,9100,9100,9500,9500,9500,9500,9500,9500,9500,44,0,5900.0,6341.507452275519,898.882900015451,14418.987200013362,41235.75
1789531800,10,GET,/api/annotate-carpark,0.100000,0.000000,1100,1100,1100,1100,1100,1100,1100,1100,1100,1100,1100,7,0,1300.0,1776.2864714355342,898.882900015451,2760.5986000271514,256354.42857142858
1789531800,10,GET,/api/find-carparks,0.600000,0.000000,6100,6500,9100,9100,9500,9500,9500,9500,9500,9500,9500,39,0,6100.0,7134.718210260288,3766.1854999605566,14418.987200013362,537.5384615384615
1789531800,10,,Aggregated,0.700000,0.000000,6100,6500,9100,9100,9500,9500,9500,9500,9500,9500,9500,46,0,5900.0,6319.304684786956,898.882900015451,14418.987200013362,39466.19565217391
1789531801,10,GET,/api/annotate-carpark,0.100000,0.000000,1100,1100,1100,1100,1100,1100,1100,1100,1100,1100,1100,7,0,1300.0,1776.2864714355342,898.882900015451,2760.5986000271514,256354.42857142858
1789531801,10,GET,/api/find-carparks,0.600000,0.000000,6100,6100,6500,6500,9500,9500,9500,9500,9500,9500,9500,39,0,6100.0,7134.718210260288,3766.1854999605566,14418.987200013362,537.5384615384615
1789531801,10,,Aggregated,0.700000,0.000000,5500,6100,6500,6500,9500,9500,9500,9500,9500,9500,9500,46,0,5900.0,6319.304684786956,898.882900015451,14418.987200013362,39466.19565217391
1789531802,10,GET,/api/annotate-carpark,0.100000,0.000000,1100,1100,1100,1100,1100,1100,1100,1100,1100,1100,1100,7,0,1300.0,1776.2864714355342,898.882900015451,2760.5986000271514,256354.42857142858
1789531802,10,GET,/api/find-carparks,0.600000,0.000000,6100,6100,6500,6500,9500,9500,9500,9500,9500,9500,9500,39,0,6100.0,7134.718210260288,3766.1854999605566,14418.987200013362,537.5384615384615
1789531802,10,,Aggregated,0.700000,0.000000,5500,6100,6500,6500,9500,9500,9500,9500,9500,9500,9500,46,0,5900.0,6319.304684786956,898.882900015451,14418.987200013362,39466.19565217391
1789531803,10,GET,/api/annotate-carpark,0.100000,0.000000,1100,1100,1100,1100,1100,1100,1100,1100,1100,1100,1100,7,0,1300.0,1776.2864714355342,898.882900015451,2760.5986000271514,256354.42857142858
1789531803,10,GET,/api/find-carparks,0.600000,0.000000,6500,6500,9500,9500,11000,11000,11000,11000,11000,11000,11000,40,0,6100.0,7228.758870004094,3766.1854999605566,14418.987200013362,537.475
1789531803,10,,Aggregated,0.700000,0.000000,6100,6500,9500,9500,11000,11000,11000,11000,11000,11000,11000,47,0,5900.0,6416.688512770479,898.882900015451,14418.987200013362,38637.87234042553
1789531804,10,GET,/api/annotate-carpark,0.100000,0.000000,1100,1100,1100,1100,1100,1100,1100,1100,1100,1100,1100,7,0,1300.0,1776.2864714355342,898.882900015451,2760.5986000271514,256354.42857142858
1789531804,10,GET,/api/find-carparks,0.600000,0.000000,6500,9500,10000,10000,11000,11000,11000,11000,11000,11000,11000,42,0,6100.0,7270.574702385125,3766.1854999605566,14418.987200013362,537.452380952381
1789531804,10,,Aggregated,0.700000,0.000000,6100,6500,9500,10000,11000,11000,11000,11000,11000,11000,11000,49,0,6000.0,6485.676383678041,898.882900015451,14418.987200013362,37082.73469387755
1789531805,10,GET,/api/annotate-carpark,0.100000,0.000000,1100,1100,1100,1100,1100,1100,1100,1100,1100,1100,1100,7,0,1300.0,1776.2864714355342,898.882900015451,2760.5986000271514,256354.42857142858
1789531805,10,GET,/api/find-carparks,0.600000,0.000000,9500,10000,10000,10000,11000,11000,11000,11000,11000,11000,11000,43,0,6200.0,7340.563534888937,3766.1854999605566,14418.987200013362,537.3720930232558
1789531805,10,,Aggregated,0.700000,0.000000,9500,10000,10000,10000,11000,11000,11000,11000,11000,11000,11000,50,0,6000.0,6561.564746005461,898.882900015451,14418.987200013362,36351.76
1789531806,10,GET,/api/annotate-carpark,0.100000,0.000000,1100,1100,1100,1100,1100,1100,1100,1100,1100,1100,1100,7,0,1300.0,1776.2864714355342,898.882900015451,2760.5986000271514,256354.42857142858
1789531806,10,GET,/api/find-carparks,0.600000,0.000000,9500,10000,10000,10000,11000,11000,11000,11000,11000,11000,11000,43,0,6200.0,7340.563534888937,3766.1854999605566,14418.987200013362,537.3720930232558
1789531806,10,,Aggregated,0.700000,0.000000,9500,10000,10000,10000,11000,11000,11000,11000,11000,11000,11000,50,0,6000.0,6561.564746005461,898.882900015451,14418.987200013362,36351.76
1789531807,10,GET,/api/annotate-carpark,0.100000,0.000000,1100,1100,1100,1100,1100,1100,1100,1100,1100,1100,1100,7,0,1300.0,1776.2864714355342,898.882900015451,2760.5986000271514,256354.42857142858
1789531807,10,GET,/api/find-carparks,0.600000,0.000000,6500,10000,10000,10000,11000,11000,11000,11000,11000,11000,11000,43,0,6200.0,7340.563534888937,3766.1854999605566,14418.987200013362,537.3720930232558
1789531807,10,,Aggregated,0.700000,0.000000,6500,10000,10000,10000,11000,11000,11000,11000,11000,11000,11000,50,0,6000.0,6561.564746005461,898.882900015451,14418.987200013362,36351.76
1789531808,10,GET,/api/annotate-carpark,0.100000,0.000000,1100,1100,1100,1100,1100,1100,1100,1100,1100,1100,1100,7,0,1300.0,1776.2864714355342,898.882900015451,2760.5986000271514,256354.42857142858
1789531808,10,GET,/api/find-carparks,0.600000,0.000000,10000,10000,10000,10000,11000,11000,11000,11000,11000,11000,11000,43,0,6200.0,7340.563534888937,3766.1854999605566,14418.987200013362,537.3720930232558
1789531808,10,,Aggregated,0.700000,0.000000,10000,10000,10000,10000,11000,11000,11000,11000,11000,11000,11000,50,0,6000.0,6561.564746005461,898.882900015451,14418.987200013362,36351.76
1789531809,10,GET,/api/annotate-carpark,0.000000,0.000000,1100,1100,1100,1100,1100,1100,1100,1100,1100,1100,1100,7,0,1300.0,1776.2864714355342,898.882900015451,2760.5986000271514,256354.42857142858
1789531809,10,GET,/api/find-carparks,0.800000,0.000000,10000,10000,11000,11000,11000,11000,11000,11000,11000,11000,11000,45,0,6300.0,7402.785764448345,3766.1854999605566,14418.987200013362,537.4222222222222
1789531809,10,,Aggregated,0.800000,0.000000,10000,10000,11000,11000,11000,11000,11000,11000,11000,11000,11000,52,0,6100.0,6645.372398081236,898.882900015451,14418.987200013362,34974.32692307692
1789531810,10,GET,/api/annotate-carpark,0.000000,0.000000,1100,1100,1100,1100,1100,1100,1100,1100,1100,1100,1100,7,0,1300.0,1776.2864714355342,898.882900015451,2760.5986000271514,256354.42857142858
1789531810,10,GET,/api/find-carparks,0.800000,0.000000,10000,10000,11000,11000,11000,11000,11000,11000,11000,11000,11000,45,0,6300.0,7402.785764448345,3766.1854999605566,14418.987200013362,537.4222222222222
1789531810,10,,Aggregated,0.800000,0.000000,10000,10000,11000,11000,11000,11000,11000,11000,11000,11000,11000,52,0,6100.0,6645.372398081236,898.882900015451,14418.987200013362,34974.32692307692
1789531811,10,GET,/api/annotate-carpark,0.000000,0.000000,1100,1100,1100,1100,1100,1100,1100,1100,1100,1100,1100,7,0,1300.0,1776.2864714355342,898.882900015451,2760.5986000271514,256354.42857142858
1789531811,10,GET,/api/find-carparks,0.700000,0.000000,10000,11000,11000,11000,16000,16000,16000,16000,16000,16000,16000,46,0,6300.0,7599.703584785027,3766.1854999605566,16461.00549993571,537.5652173913044
1789531811,10,,Aggregated,0.700000,0.000000,10000,11000,11000,11000,16000,16000,16000,16000,16000,16000,16000,53,0,6100.0,6830.573022644528,898.882900015451,16461.00549993571,34324.698113207545
1789531812,10,GET,/api/annotate-carpark,0.000000,0.000000,1100,1100,1100,1100,1100,1100,1100,1100,1100,1100,1100,7,0,1300.0,1776.2864714355342,898.882900015451,2760.5986000271514,256354.42857142858
1789531812,10,GET,/api/find-carparks,0.800000,0.000000,11000,11000,11000,11000,16000,16000,16000,16000,16000,16000,16000,47,0,6400.0,7673.458006386546,3766.1854999605566,16461.00549993571,537.6170212765958
1789531812,10,,Aggregated,0.800000,0.000000,11000,11000,11000,11000,16000,16000,16000,16000,16000,16000,16000,54,0,6100.0,6909.009844448452,898.882900015451,16461.00549993571,33699.055555555555
1789531813,10,GET,/api/annotate-carpark,0.000000,0.000000,0,0,0,0,0,0,0,0,0,0,0,7,0,1300.0,1776.2864714355342,898.882900015451,2760.5986000271514,256354.42857142858
1789531813,10,GET,/api/find-carparks,0.700000,0.000000,10000,10000,11000,11000,16000,16000,16000,16000,16000,16000,16000,49,0,6400.0,7685.636734699222,3766.1854999605566,16461.00549993571,537.4489795918367
1789531813,10,,Aggregated,0.700000,0.000000,10000,10000,11000,11000,16000,16000,16000,16000,16000,16000,16000,56,0,6100.0,6946.967951791261,898.882900015451,16461.00549993571,32514.571428571428
1789531814,10,GET,/api/annotate-carpark,0.000000,0.000000,0,0,0,0,0,0,0,0,0,0,0,7,0,1300.0,1776.2864714355342,898.882900015451,2760.5986000271514,256354.42857142858
1789531814,10,GET,/api/find-carparks,0.700000,0.000000,10000,10000,11000,11000,16000,16000,16000,16000,16000,16000,16000,49,0,6400.0,7685.636734699222,3766.1854999605566,16461.00549993571,537.4489795918367
1789531814,10,,Aggregated,0.700000,0.000000,10000,10000,11000,11000,16000,16000,16000,16000,16000,16000,16000,56,0,6100.0,6946.967951791261,898.882900015451,16461.00549993571,32514.571428571428
1789531815,10,GET,/api/annotate-carpark,0.000000,0.000000,0,0,0,0,0,0,0,0,0,0,0,7,0,1300.0,1776.2864714355342,898.882900015451,2760.5986000271514,256354.42857142858
1789531815,10,GET,/api/find-carparks,0.700000,0.000000,10000,10000,11000,11000,16000,16000,16000,16000,16000,16000,16000,49,0,6400.0,7685.636734699222,3766.1854999605566,16461.00549993571,537.4489795918367
1789531815,10,,Aggregated,0.700000,0.000000,10000,10000,11000,11000,16000,16000,16000,16000,16000,16000,16000,56,0,6100.0,6946.967951791261,898.882900015451,16461.00549993571,32514.571428571428
1789531816,10,GET,/api/annotate-carpark,0.000000,0.000000,0,0,0,0,0,0,0,0,0,0,0,7,0,1300.0,1776.2864714355342,898.882900015451,2760.5986000271514,256354.42857142858
1789531816,10,GET,/api/find-carparks,0.700000,0.000000,11000,11000,11000,11000,16000,16000,16000,16000,16000,16000,16000,49,0,6400.0,7685.636734699222,3766.1854999605566,16461.00549993571,537.4489795918367
1789531816,10,,Aggregated,0.700000,0.000000,11000,11000,11000,11000,16000,16000,16000,16000,16000,16000,16000,56,0,6100.0,6946.967951791261,898.882900015451,16461.00549993571,32514.571428571428
1789531817,10,GET,/api/annotate-carpark,0.000000,0.000000,0,0,0,0,0,0,0,0,0,0,0,7,0,1300.0,1776.2864714355342,898.882900015451,2760.5986000271514,256354.42857142858
1789531817,10,GET,/api/find-carparks,0.600000,0.000000,11000,11000,11000,11000,16000,16000,16000,16000,16000,16000,16000,51,0,6500.0,7744.157133336344,3766.1854999605566,16461.00549993571,537.6078431372549
1789531817,10,,Aggregated,0.600000,0.000000,11000,11000,11000,11000,16000,16000,16000,16000,16000,16000,16000,58,0,6100.0,7023.89688103797,898.882900015451,16461.00549993571,31412.05172413793
1789531818,10,GET,/api/annotate-carpark,0.000000,0.000000,0,0,0,0,0,0,0,0,0,0,0,7,0,1300.0,1776.2864714355342,898.882900015451,2760.5986000271514,256354.42857142858
1789531818,10,GET,/api/find-carparks,0.600000,0.000000,11000,11000,11000,11000,16000,16000,16000,16000,16000,16000,16000,51,0,6500.0,7744.157133336344,3766.1854999605566,16461.00549993571,537.6078431372549
1789531818,10,,Aggregated,0.600000,0.000000,11000,11000,11000,11000,16000,16000,16000,16000,16000,16000,16000,58,0,6100.0,7023.89688103797,898.882900015451,16461.00549993571,31412.05172413793
1789531819,10,GET,/api/annotate-carpark,0.000000,0.000000,0,0,0,0,0,0,0,0,0,0,0,7,0,1300.0,1776.2864714355342,898.882900015451,2760.5986000271514,256354.42857142858
1789531819,10,GET,/api/find-carparks,0.600000,0.000000,11000,11000,11000,11000,16000,16000,16000,16000,16000,16000,16000,51,0,6500.0,7744.157133336344,3766.1854999605566,16461.00549993571,537.6078431372549
1789531819,10,,Aggregated,0.600000,0.000000,11000,11000,11000,11000,16000,16000,16000,16000,16000,16000,16000,58,0,6100.0,7023.89688103797,898.882900015451,16461.00549993571,31412.05172413793
1789531820,10,GET,/api/annotate-carpark,0.000000,0.000000,0,0,0,0,0,0,0,0,0,0,0,7,0,1300.0,1776.2864714355342,898.882900015451,2760.5986000271514,256354.42857142858
1789531820,10,GET,/api/find-carparks,0.700000,0.000000,11000,11000,11000,11000,20000,20000,20000,20000,20000,20000,20000,52,0,6500.0,7986.841930770494,3766.1854999605566,20363.766599912196,537.6153846153846
1789531820,10,,Aggregated,0.700000,0.000000,11000,11000,11000,11000,20000,20000,20000,20000,20000,20000,20000,59,0,6200.0,7249.99636779855,898.882900015451,20363.766599912196,30888.762711864405
1789531821,10,GET,/api/annotate-carpark,0.000000,0.000000,0,0,0,0,0,0,0,0,0,0,0,7,0,1300.0,1776.2864714355342,898.882900015451,2760.5986000271514,256354.42857142858
1789531821,10,GET,/api/find-carparks,0.600000,0.000000,10000,11000,13000,13000,20000,20000,20000,20000,20000,20000,20000,55,0,7200.0,8095.785110909492,3766.1854999605566,20363.766599912196,537.4363636363636
1789531821,10,,Aggregated,0.600000,0.000000,10000,11000,13000,13000,20000,20000,20000,20000,20000,20000,20000,62,0,6300.0,7382.2933290333995,898.882900015451,20363.766599912196,29420.0
1789531822,10,GET,/api/annotate-carpark,0.000000,0.000000,0,0,0,0,0,0,0,0,0,0,0,7,0,1300.0,1776.2864714355342,898.882900015451,2760.5986000271514,256354.42857142858
1789531822,10,GET,/api/find-carparks,0.600000,0.000000,10000,11000,13000,13000,20000,20000,20000,20000,20000,20000,20000,55,0,7200.0,8095.785110909492,3766.1854999605566,20363.766599912196,537.4363636363636
1789531822,10,,Aggregated,0.600000,0.000000,10000,11000,13000,13000,20000,20000,20000,20000,20000,20000,20000,62,0,6300.0,7382.2933290333995,898.882900015451,20363.766599912196,29420.0
1789531823,10,GET,/api/annotate-carpark,0.000000,0.000000,0,0,0,0,0,0,0,0,0,0,0,7,0,1300.0,1776.2864714355342,898.882900015451,2760.5986000271514,256354.42857142858
1789531823,10,GET,/api/find-carparks,0.600000,0.000000,10000,11000,13000,13000,20000,20000,20000,20000,20000,20000,20000,55,0,7200.0,8095.785110909492,3766.1854999605566,20363.766599912196,537.4363636363636
1789531823,10,,Aggregated,0.600000,0.000000,10000,11000,13000,13000,20000,20000,20000,20000,20000,20000,20000,62,0,6300.0,7382.2933290333995,898.882900015451,20363.766599912196,29420.0
1789531824,10,GET,/api/annotate-carpark,0.000000,0.000000,0,0,0,0,0,0,0,0,0,0,0,7,0,1300.0,1776.2864714355342,898.882900015451,2760.5986000271514,256354.42857142858
1789531824,10,GET,/api/find-carparks,0.600000,0.000000,11000,11000,13000,13000,20000,20000,20000,20000,20000,20000,20000,55,0,7200.0,8095.785110909492,3766.1854999605566,20363.766599912196,537.4363636363636
1789531824,10,,Aggregated,0.600000,0.000000,11000,11000,13000,13000,20000,20000,20000,20000,20000,20000,20000,62,0,6300.0,7382.2933290333995,898.882900015451,20363.766599912196,29420.0
1789531825,10,GET,/api/annotate-carpark,0.000000,0.000000,0,0,0,0,0,0,0,0,0,0,0,7,0,1300.0,1776.2864714355342,898.882900015451,2760.5986000271514,256354.42857142858
1789531825,10,GET,/api/find-carparks,0.600000,0.000000,11000,11000,13000,13000,20000,20000,20000,20000,20000,20000,20000,55,0,7200.0,8095.785110909492,3766.1854999605566,20363.766599912196,537.4363636363636
1789531825,10,,Aggregated,0.600000,0.000000,11000,11000,13000,13000,20000,20000,20000,20000,20000,20000,20000,62,0,6300.0,7382.2933290333995,898.882900015451,20363.766599912196,29420.0
1789531826,10,GET,/api/annotate-carpark,0.000000,0.000000,0,0,0,0,0,0,0,0,0,0,0,7,0,1300.0,1776.2864714355342,898.882900015451,2760.5986000271514,256354.42857142858
1789531826,10,GET,/api/find-carparks,0.600000,0.000000,12000,13000,13000,20000,21000,21000,21000,21000,21000,21000,21000,59,0,8000.0,8415.987755933587,3766.1854999605566,20887.016399996355,537.5084745762712
1789531826,10,,Aggregated,0.600000,0.000000,12000,13000,13000,20000,21000,21000,21000,21000,21000,21000,21000,66,0,6400.0,7711.777013638339,898.882900015451,20887.016399996355,27669.60606060606
1789531827,10,GET,/api/annotate-carpark,0.000000,0.000000,0,0,0,0,0,0,0,0,0,0,0,8,0,1300.0,2071.282112505287,898.882900015451,4136.251599993557,256146.375
1789531827,10,GET,/api/find-carparks,0.600000,0.000000,12000,13000,13000,20000,21000,21000,21000,21000,21000,21000,21000,59,0,8000.0,8415.987755933587,3766.1854999605566,20887.016399996355,537.5084745762712
1789531827,10,,Aggregated,0.600000,0.000000,12000,13000,13000,20000,21000,21000,21000,21000,21000,21000,21000,67,0,6400.0,7658.4109626884165,898.882900015451,20887.016399996355,31057.97014925373
1789531828,10,GET,/api/annotate-carpark,0.000000,0.000000,4100,4100,4100,4100,4100,4100,4100,4100,4100,4100,4100,8,0,1300.0,2071.282112505287,898.882900015451,4136.251599993557,256146.375
1789531828,10,GET,/api/find-carparks,0.600000,0.000000,13000,13000,20000,20000,21000,21000,21000,21000,21000,21000,21000,59,0,8000.0,8415.987755933587,3766.1854999605566,20887.016399996355,537.5084745762712
1789531828,10,,Aggregated,0.600000,0.000000,12000,13000,13000,20000,21000,21000,21000,21000,21000,21000,21000,67,0,6400.0,7658.4109626884165,898.882900015451,20887.016399996355,31057.97014925373
1789531829,10,GET,/api/annotate-carpark,0.000000,0.000000,4100,4100,4100,4100,4100,4100,4100,4100,4100,4100,4100,8,0,1300.0,2071.282112505287,898.882900015451,4136.251599993557,256146.375
1789531829,10,GET,/api/find-carparks,0.600000,0.000000,12000,13000,13000,13000,21000,21000,21000,21000,21000,21000,21000,59,0,8000.0,8415.987755933587,3766.1854999605566,20887.016399996355,537.5084745762712
1789531829,10,,Aggregated,0.600000,0.000000,12000,13000,13000,13000,21000,21000,21000,21000,21000,21000,21000,67,0,6400.0,7658.4109626884165,898.882900015451,20887.016399996355,31057.97014925373
1789531830,10,GET,/api/annotate-carpark,0.100000,0.000000,4100,4100,4100,4100,4100,4100,4100,4100,4100,4100,4100,8,0,1300.0,2071.282112505287,898.882900015451,4136.251599993557,256146.375
1789531830,10,GET,/api/find-carparks,0.800000,0.000000,11000,12000,13000,13000,21000,21000,21000,21000,21000,21000,21000,61,0,8000.0,8438.715649182817,3766.1854999605566,20887.016399996355,537.4918032786885
1789531830,10,,Aggregated,0.900000,0.000000,9900,11000,12000,13000,21000,21000,21000,21000,21000,21000,21000,69,0,6500.0,7700.462485510059,898.882900015451,20887.016399996355,30173.304347826088
1789531831,10,GET,/api/annotate-carpark,0.100000,0.000000,4100,4100,4100,4100,4100,4100,4100,4100,4100,4100,4100,9,0,2300.0,2202.303333337315,898.882900015451,4136.251599993557,254520.11111111112
1789531831,10,GET,/api/find-carparks,0.800000,0.000000,11000,12000,13000,19000,21000,21000,21000,21000,21000,21000,21000,62,0,8000.0,8606.241864518397,3766.1854999605566,20887.016399996355,537.4354838709677
1789531831,10,,Aggregated,0.900000,0.000000,9900,12000,13000,13000,19000,21000,21000,21000,21000,21000,21000,71,0,6500.0,7794.47500845319,898.882900015451,20887.016399996355,32732.422535211266
1789531832,10,GET,/api/annotate-carpark,0.100000,0.000000,4100,4100,4100,4100,4100,4100,4100,4100,4100,4100,4100,9,0,2300.0,2202.303333337315,898.882900015451,4136.251599993557,254520.11111111112
1789531832,10,GET,/api/find-carparks,0.800000,0.000000,11000,12000,13000,19000,21000,21000,21000,21000,21000,21000,21000,62,0,8000.0,8606.241864518397,3766.1854999605566,20887.016399996355,537.4354838709677
1789531832,10,,Aggregated,0.900000,0.000000,9900,12000,13000,13000,19000,21000,21000,21000,21000,21000,21000,71,0,6500.0,7794.47500845319,898.882900015451,20887.016399996355,32732.422535211266
1789531833,10,GET,/api/annotate-carpark,0.100000,0.000000,4100,4100,4100,4100,4100,4100,4100,4100,4100,4100,4100,9,0,2300.0,2202.303333337315,898.882900015451,4136.251599993557,254520.11111111112
1789531833,10,GET,/api/find-carparks,0.800000,0.000000,12000,13000,19000,19000,21000,21000,21000,21000,21000,21000,21000,62,0,8000.0,8606.241864518397,3766.1854999605566,20887.016399996355,537.4354838709677
1789531833,10,,Aggregated,0.900000,0.000000,11000,12000,13000,19000,21000,21000,21000,21000,21000,21000,21000,71,0,6500.0,7794.47500845319,898.882900015451,20887.016399996355,32732.422535211266
1789531834,10,GET,/api/annotate-carpark,0.200000,0.000000,4100,4100,4100,4100,4100,4100,4100,4100,4100,4100,4100,9,0,2300.0,2202.303333337315,898.882900015451,4136.251599993557,254520.11111111112
1789531834,10,GET,/api/find-carparks,0.700000,0.000000,12000,13000,19000,19000,21000,21000,21000,21000,21000,21000,21000,63,0,8000.0,8564.340303177089,3766.1854999605566,20887.016399996355,537.5238095238095
1789531834,10,,Aggregated,0.900000,0.000000,11000,12000,13000,19000,21000,21000,21000,21000,21000,21000,21000,72,0,6400.0,7769.085681947116,898.882900015451,20887.016399996355,32285.347222222223
1789531835,10,GET,/api/annotate-carpark,0.200000,0.000000,4100,4100,5500,5500,5500,5500,5500,5500,5500,5500,5500,10,0,2300.0,2533.5237900028005,898.882900015451,5514.507899992168,259590.5
1789531835,10,GET,/api/find-carparks,0.700000,0.000000,12000,13000,19000,19000,21000,21000,21000,21000,21000,21000,21000,64,0,8000.0,8621.13181562745,3766.1854999605566,20887.016399996355,537.453125
1789531835,10,,Aggregated,0.900000,0.000000,11000,12000,13000,19000,21000,21000,21000,21000,21000,21000,21000,74,0,6400.0,7798.48208243493,898.882900015451,20887.016399996355,35544.62162162162
1789531836,10,GET,/api/annotate-carpark,0.200000,0.000000,4100,4100,5500,5500,5500,5500,5500,5500,5500,5500,5500,10,0,2300.0,2533.5237900028005,898.882900015451,5514.507899992168,259590.5
1789531836,10,GET,/api/find-carparks,0.700000,0.000000,12000,13000,19000,19000,21000,21000,21000,21000,21000,21000,21000,65,0,8000.0,8558.880987695347,3766.1854999605566,20887.016399996355,537.4769230769231
1789531836,10,,Aggregated,0.900000,0.000000,6000,7500,11000,12000,19000,19000,19000,19000,19000,19000,19000,75,0,6400.0,7755.500028003007,898.882900015451,20887.016399996355,35077.88
1789531837,10,GET,/api/annotate-carpark,0.200000,0.000000,4100,4100,5500,5500,5500,5500,5500,5500,5500,5500,5500,11,0,2700.0,2615.5955545519564,898.882900015451,5514.507899992168,259095.63636363635
1789531837,10,GET,/api/find-carparks,0.900000,0.000000,12000,13000,15000,19000,21000,21000,21000,21000,21000,21000,21000,66,0,8000.0,8654.188087882094,3766.1854999605566,20887.016399996355,537.4242424242424
1789531837,10,,Aggregated,1.100000,0.000000,6000,11000,12000,12000,15000,19000,19000,19000,19000,19000,19000,77,0,6400.0,7791.532011692074,898.882900015451,20887.016399996355,37474.31168831169
1789531838,10,GET,/api/annotate-carpark,0.200000,0.000000,3400,3400,5500,5500,5500,5500,5500,5500,5500,5500,5500,11,0,2700.0,2615.5955545519564,898.882900015451,5514.507899992168,259095.63636363635
1789531838,10,GET,/api/find-carparks,0.900000,0.000000,11000,12000,15000,15000,19000,19000,19000,19000,19000,19000,19000,66,0,8000.0,8654.188087882094,3766.1854999605566,20887.016399996355,537.4242424242424
1789531838,10,,Aggregated,1.100000,0.000000,7500,11000,12000,15000,19000,19000,19000,19000,19000,19000,19000,77,0,6400.0,7791.532011692074,898.882900015451,20887.016399996355,37474.31168831169
1789531839,10,GET,/api/annotate-carpark,0.300000,0.000000,3400,3400,5500,5500,5500,5500,5500,5500,5500,5500,5500,11,0,2700.0,2615.5955545519564,898.882900015451,5514.507899992168,259095.63636363635
1789531839,10,GET,/api/find-carparks,0.700000,0.000000,12000,12000,15000,15000,19000,19000,19000,19000,19000,19000,19000,67,0,8000.0,8699.866980599212,3766.1854999605566,20887.016399996355,537.4328358208955
1789531839,10,,Aggregated,1.000000,0.000000,7500,12000,12000,12000,15000,19000,19000,19000,19000,19000,19000,78,0,6400.0,7841.828702566906,898.882900015451,20887.016399996355,37000.769230769234
1789531840,10,GET,/api/annotate-carpark,0.300000,0.000000,3400,3400,5500,5500,5500,5500,5500,5500,5500,5500,5500,11,0,2700.0,2615.5955545519564,898.882900015451,5514.507899992168,259095.63636363635
1789531840,10,GET,/api/find-carparks,0.700000,0.000000,12000,12000,15000,15000,19000,19000,19000,19000,19000,19000,19000,67,0,8000.0,8699.866980599212,3766.1854999605566,20887.016399996355,537.4328358208955
1789531840,10,,Aggregated,1.000000,0.000000,12000,12000,15000,15000,19000,19000,19000,19000,19000,19000,19000,78,0,6400.0,7841.828702566906,898.882900015451,20887.016399996355,37000.769230769234
1789531841,10,GET,/api/annotate-carpark,0.300000,0.000000,3400,3400,5500,5500,5500,5500,5500,5500,5500,5500,5500,11,0,2700.0,2615.5955545519564,898.882900015451,5514.507899992168,259095.63636363635
1789531841,10,GET,/api/find-carparks,0.700000,0.000000,12000,12000,15000,15000,19000,19000,19000,19000,19000,19000,19000,67,0,8000.0,8699.866980599212,3766.1854999605566,20887.016399996355,537.4328358208955
1789531841,10,,Aggregated,1.000000,0.000000,12000,12000,15000,15000,19000,19000,19000,19000,19000,19000,19000,78,0,6400.0,7841.828702566906,898.882900015451,20887.016399996355,37000.769230769234
1789531842,10,GET,/api/annotate-carpark,0.300000,0.000000,5500,5500,5500,5500,5500,5500,5500,5500,5500,5500,5500,11,0,2700.0,2615.5955545519564,898.882900015451,5514.507899992168,259095.63636363635
1789531842,10,GET,/api/find-carparks,0.800000,0.000000,12000,12000,12000,12000,15000,15000,15000,15000,15000,15000,15000,68,0,8000.0,8664.658391178818,3766.1854999605566,20887.016399996355,537.4705882352941
1789531842,10,,Aggregated,1.100000,0.000000,6300,12000,12000,12000,15000,15000,15000,15000,15000,15000,15000,79,0,6400.0,7822.383818990268,898.882900015451,20887.016399996355,36539.240506329115
1789531843,10,GET,/api/annotate-carpark,0.200000,0.000000,5500,5500,5500,5500,5500,5500,5500,5500,5500,5500,5500,11,0,2700.0,2615.5955545519564,898.882900015451,5514.507899992168,259095.63636363635
1789531843,10,GET,/api/find-carparks,0.600000,0.000000,12000,12000,12000,14000,15000,15000,15000,15000,15000,15000,15000,71,0,8000.0,8727.693770425132,3766.1854999605566,20887.016399996355,537.5211267605633
1789531843,10,,Aggregated,0.800000,0.000000,6300,12000,12000,12000,14000,15000,15000,15000,15000,15000,15000,82,0,6400.0,7907.778156100681,898.882900015451,20887.016399996355,35222.14634146341
1789531844,10,GET,/api/annotate-carpark,0.200000,0.000000,5500,5500,11000,11000,11000,11000,11000,11000,11000,11000,11000,13,0,2800.0,3452.4294384665645,898.882900015451,11422.95599996578,257043.0
1789531844,10,GET,/api/find-carparks,0.500000,0.000000,12000,12000,12000,14000,15000,15000,15000,15000,15000,15000,15000,71,0,8000.0,8727.693770425132,3766.1854999605566,20887.016399996355,537.5211267605633
1789531844,10,,Aggregated,0.700000,0.000000,6300,12000,12000,12000,14000,15000,15000,15000,15000,15000,15000,84,0,6400.0,7911.283814288687,898.882900015451,20887.016399996355,40234.79761904762
1789531845,10,GET,/api/annotate-carpark,0.200000,0.000000,5500,5500,11000,11000,11000,11000,11000,11000,11000,11000,11000,13,0,2800.0,3452.4294384665645,898.882900015451,11422.95599996578,257043.0
1789531845,10,GET,/api/find-carparks,0.500000,0.000000,12000,12000,14000,14000,15000,15000,15000,15000,15000,15000,15000,71,0,8000.0,8727.693770425132,3766.1854999605566,20887.016399996355,537.5211267605633
1789531845,10,,Aggregated,0.700000,0.000000,11000,12000,12000,14000,15000,15000,15000,15000,15000,15000,15000,84,0,6400.0,7911.283814288687,898.882900015451,20887.016399996355,40234.79761904762
1789531846,10,GET,/api/annotate-carpark,0.200000,0.000000,4700,4700,11000,11000,11000,11000,11000,11000,11000,11000,11000,13,0,2800.0,3452.4294384665645,898.882900015451,11422.95599996578,257043.0
1789531846,10,GET,/api/find-carparks,0.500000,0.000000,12000,12000,14000,14000,15000,15000,15000,15000,15000,15000,15000,71,0,8000.0,8727.693770425132,3766.1854999605566,20887.016399996355,537.5211267605633
1789531846,10,,Aggregated,0.700000,0.000000,11000,12000,12000,12000,14000,14000,14000,14000,14000,14000,14000,84,0,6400.0,7911.283814288687,898.882900015451,20887.016399996355,40234.79761904762
1789531847,10,GET,/api/annotate-carpark,0.400000,0.000000,4700,4700,11000,11000,11000,11000,11000,11000,11000,11000,11000,13,0,2800.0,3452.4294384665645,898.882900015451,11422.95599996578,257043.0
1789531847,10,GET,/api/find-carparks,0.700000,0.000000,12000,12000,12000,12000,14000,14000,14000,14000,14000,14000,14000,72,0,8000.0,8759.42900000276,3766.1854999605566,20887.016399996355,537.5277777777778
1789531847,10,,Aggregated,1.100000,0.000000,11000,12000,12000,12000,14000,14000,14000,14000,14000,14000,14000,85,0,6500.0,7947.770243532517,898.882900015451,20887.016399996355,39767.77647058824
1789531848,10,GET,/api/annotate-carpark,0.300000,0.000000,4700,4700,11000,11000,11000,11000,11000,11000,11000,11000,11000,13,0,2800.0,3452.4294384665645,898.882900015451,11422.95599996578,257043.0
1789531848,10,GET,/api/find-carparks,0.700000,0.000000,11000,12000,12000,12000,14000,14000,14000,14000,14000,14000,14000,73,0,8100.0,8782.461139729106,3766.1854999605566,20887.016399996355,537.6164383561644
1789531848,10,,Aggregated,1.000000,0.000000,11000,11000,12000,12000,14000,14000,14000,14000,14000,14000,14000,86,0,6500.0,7976.758673259187,898.882900015451,20887.016399996355,39311.686046511626
1789531849,10,GET,/api/annotate-carpark,0.300000,0.000000,5000,5000,11000,11000,11000,11000,11000,11000,11000,11000,11000,14,0,2800.0,3565.9421142939077,898.882900015451,11422.95599996578,260522.7857142857
1789531849,10,GET,/api/find-carparks,0.500000,0.000000,11000,12000,12000,12000,14000,14000,14000,14000,14000,14000,14000,75,0,8100.0,8763.894084004374,3766.1854999605566,20887.016399996355,537.5866666666667
1789531849,10,,Aggregated,0.800000,0.000000,11000,11000,12000,12000,12000,14000,14000,14000,14000,14000,14000,89,0,6500.0,7946.238717982504,898.882900015451,20887.016399996355,41434.13483146067
1789531850,10,GET,/api/annotate-carpark,0.300000,0.000000,5000,5000,11000,11000,11000,11000,11000,11000,11000,11000,11000,14,0,2800.0,3565.9421142939077,898.882900015451,11422.95599996578,260522.7857142857
1789531850,10,GET,/api/find-carparks,0.500000,0.000000,11000,12000,12000,12000,14000,14000,14000,14000,14000,14000,14000,75,0,8100.0,8763.894084004374,3766.1854999605566,20887.016399996355,537.5866666666667
1789531850,10,,Aggregated,0.800000,0.000000,10000,11000,12000,12000,12000,14000,14000,14000,14000,14000,14000,89,0,6500.0,7946.238717982504,898.882900015451,20887.016399996355,41434.13483146067
1789531851,10,GET,/api/annotate-carpark,0.200000,0.000000,5000,5000,11000,11000,11000,11000,11000,11000,11000,11000,11000,14,0,2800.0,3565.9421142939077,898.882900015451,11422.95599996578,260522.7857142857
1789531851,10,GET,/api/find-carparks,0.600000,0.000000,10000,11000,12000,12000,14000,14000,14000,14000,14000,14000,14000,76,0,8100.0,8783.728257900006,3766.1854999605566,20887.016399996355,537.4868421052631
1789531851,10,,Aggregated,0.800000,0.000000,10000,11000,12000,12000,12000,14000,14000,14000,14000,14000,14000,90,0,6500.0,7972.07263556128,898.882900015451,20887.016399996355,40979.64444444444
1789531852,10,GET,/api/annotate-carpark,0.200000,0.000000,5000,5000,11000,11000,11000,11000,11000,11000,11000,11000,11000,14,0,2800.0,3565.9421142939077,898.882900015451,11422.95599996578,260522.7857142857
1789531852,10,GET,/api/find-carparks,0.600000,0.000000,10000,11000,12000,12000,12000,12000,12000,12000,12000,12000,12000,76,0,8100.0,8783.728257900006,3766.1854999605566,20887.016399996355,537.4868421052631
1789531852,10,,Aggregated,0.800000,0.000000,10000,11000,11000,12000,12000,12000,12000,12000,12000,12000,12000,90,0,6500.0,7972.07263556128,898.882900015451,20887.016399996355,40979.64444444444
1789531853,10,GET,/api/annotate-carpark,0.200000,0.000000,5000,5000,11000,11000,11000,11000,11000,11000,11000,11000,11000,14,0,2800.0,3565.9421142939077,898.882900015451,11422.95599996578,260522.7857142857
1789531853,10,GET,/api/find-carparks,0.600000,0.000000,10000,11000,12000,12000,12000,12000,12000,12000,12000,12000,12000,76,0,8100.0,8783.728257900006,3766.1854999605566,20887.016399996355,537.4868421052631
1789531853,10,,Aggregated,0.800000,0.000000,10000,11000,11000,11000,12000,12000,12000,12000,12000,12000,12000,90,0,6500.0,7972.07263556128,898.882900015451,20887.016399996355,40979.64444444444
1789531854,10,GET,/api/annotate-carpark,0.300000,0.000000,5000,5000,11000,11000,11000,11000,11000,11000,11000,11000,11000,14,0,2800.0,3565.9421142939077,898.882900015451,11422.95599996578,260522.7857142857
1789531854,10,GET,/api/find-carparks,0.900000,0.000000,10000,11000,12000,12000,12000,12000,12000,12000,12000,12000,12000,77,0,8600.0,8781.479531173389,3766.1854999605566,20887.016399996355,537.5584415584416
1789531854,10,,Aggregated,1.200000,0.000000,10000,10000,11000,11000,12000,12000,12000,12000,12000,12000,12000,91,0,6700.0,7979.089159345776,898.882900015451,20887.016399996355,40535.28571428572
1789531855,10,GET,/api/annotate-carpark,0.300000,0.000000,5000,5000,11000,11000,11000,11000,11000,11000,11000,11000,11000,14,0,2800.0,3565.9421142939077,898.882900015451,11422.95599996578,260522.7857142857
1789531855,10,GET,/api/find-carparks,0.900000,0.000000,10000,10000,11000,11000,12000,12000,12000,12000,12000,12000,12000,77,0,8600.0,8781.479531173389,3766.1854999605566,20887.016399996355,537.5584415584416
1789531855,10,,Aggregated,1.200000,0.000000,10000,10000,11000,11000,12000,12000,12000,12000,12000,12000,12000,91,0,6700.0,7979.089159345776,898.882900015451,20887.016399996355,40535.28571428572
1789531856,10,GET,/api/annotate-carpark,0.300000,0.000000,5000,5000,5000,5000,5000,5000,5000,5000,5000,5000,5000,14,0,2800.0,3565.9421142939077,898.882900015451,11422.95599996578,260522.7857142857
1789531856,10,GET,/api/find-carparks,0.500000,0.000000,10000,11000,11000,11000,12000,12000,12000,12000,12000,12000,12000,80,0,8600.0,8801.394440006698,3766.1854999605566,20887.016399996355,537.525
1789531856,10,,Aggregated,0.800000,0.000000,10000,11000,11000,11000,12000,12000,12000,12000,12000,12000,12000,94,0,6700.0,8021.646221283516,898.882900015451,20887.016399996355,39258.734042553195
1789531857,10,GET,/api/annotate-carpark,0.300000,0.000000,5000,5000,5000,5000,5000,5000,5000,5000,5000,5000,5000,14,0,2800.0,3565.9421142939077,898.882900015451,11422.95599996578,260522.7857142857
1789531857,10,GET,/api/find-carparks,0.500000,0.000000,10000,11000,11000,11000,12000,12000,12000,12000,12000,12000,12000,80,0,8600.0,8801.394440006698,3766.1854999605566,20887.016399996355,537.525
1789531857,10,,Aggregated,0.800000,0.000000,10000,10000,11000,11000,12000,12000,12000,12000,12000,12000,12000,94,0,6700.0,8021.646221283516,898.882900015451,20887.016399996355,39258.734042553195
1789531858,10,GET,/api/annotate-carpark,0.100000,0.000000,5000,5000,5000,5000,5000,5000,5000,5000,5000,5000,5000,14,0,2800.0,3565.9421142939077,898.882900015451,11422.95599996578,260522.7857142857
1789531858,10,GET,/api/find-carparks,0.700000,0.000000,10000,11000,11000,11000,12000,12000,12000,12000,12000,12000,12000,81,0,8600.0,8764.33148148849,3766.1854999605566,20887.016399996355,537.5802469135803
1789531858,10,,Aggregated,0.800000,0.000000,8600,10000,11000,11000,12000,12000,12000,12000,12000,12000,12000,95,0,6700.0,7998.253048428236,898.882900015451,20887.016399996355,38851.18947368421
1789531859,10,GET,/api/annotate-carpark,0.100000,0.000000,5000,5000,5000,5000,5000,5000,5000,5000,5000,5000,5000,14,0,2800.0,3565.9421142939077,898.882900015451,11422.95599996578,260522.7857142857
1789531859,10,GET,/api/find-carparks,0.700000,0.000000,10000,11000,11000,11000,12000,12000,12000,12000,12000,12000,12000,81,0,8600.0,8764.33148148849,3766.1854999605566,20887.016399996355,537.5802469135803
1789531859,10,,Aggregated,0.800000,0.000000,8600,10000,11000,11000,12000,12000,12000,12000,12000,12000,12000,95,0,6700.0,7998.253048428236,898.882900015451,20887.016399996355,38851.18947368421
1789531860,10,GET,/api/annotate-carpark,0.100000,0.000000,5000,5000,5000,5000,5000,5000,5000,5000,5000,5000,5000,14,0,2800.0,3565.9421142939077,898.882900015451,11422.95599996578,260522.7857142857
1789531860,10,GET,/api/find-carparks,0.800000,0.000000,10000,11000,11000,11000,11000,11000,11000,11000,11000,11000,11000,82,0,8600.0,8797.358957323722,3766.1854999605566,20887.016399996355,537.6341463414634
1789531860,10,,Aggregated,0.900000,0.000000,10000,11000,11000,11000,11000,11000,11000,11000,11000,11000,11000,96,0,6700.0,8034.444001048541,898.882900015451,20887.016399996355,38452.135416666664
1789531861,10,GET,/api/annotate-carpark,0.100000,0.000000,5000,5000,5000,5000,5000,5000,5000,5000,5000,5000,5000,14,0,2800.0,3565.9421142939077,898.882900015451,11422.95599996578,260522.7857142857
1789531861,10,GET,/api/find-carparks,0.800000,0.000000,11000,11000,11000,11000,11000,11000,11000,11000,11000,11000,11000,83,0,8600.0,8819.332957838616,3766.1854999605566,20887.016399996355,537.710843373494
1789531861,10,,Aggregated,0.900000,0.000000,11000,11000,11000,11000,11000,11000,11000,11000,11000,11000,11000,97,0,7200.0,8061.111598976494,898.882900015451,20887.016399996355,38061.32989690721
1789531863,10,GET,/api/annotate-carpark,0.000000,0.000000,5000,5000,5000,5000,5000,5000,5000,5000,5000,5000,5000,14,0,2800.0,3565.9421142939077,898.882900015451,11422.95599996578,260522.7857142857
1789531863,10,GET,/api/find-carparks,0.600000,0.000000,11000,11000,11000,11000,17000,17000,17000,17000,17000,17000,17000,85,0,8600.0,8890.566509418353,3766.1854999605566,20887.016399996355,537.7764705882353
1789531863,10,,Aggregated,0.600000,0.000000,11000,11000,11000,11000,17000,17000,17000,17000,17000,17000,17000,99,0,7200.0,8137.589322229038,898.882900015451,20887.016399996355,37303.333333333336
1789531864,15,GET,/api/annotate-carpark,0.000000,0.000000,5000,5000,5000,5000,5000,5000,5000,5000,5000,5000,5000,14,0,2800.0,3565.9421142939077,898.882900015451,11422.95599996578,260522.7857142857
1789531864,15,GET,/api/find-carparks,0.600000,0.000000,11000,11000,11000,11000,17000,17000,17000,17000,17000,17000,17000,85,0,8600.0,8890.566509418353,3766.1854999605566,20887.016399996355,537.7764705882353
1789531864,15,,Aggregated,0.600000,0.000000,11000,11000,11000,11000,17000,17000,17000,17000,17000,17000,17000,99,0,7200.0,8137.589322229038,898.882900015451,20887.016399996355,37303.333333333336
1789531865,20,GET,/api/annotate-carpark,0.000000,0.000000,5000,5000,5000,5000,5000,5000,5000,5000,5000,5000,5000,14,0,2800.0,3565.9421142939077,898.882900015451,11422.95599996578,260522.7857142857
1789531865,20,GET,/api/find-carparks,0.600000,0.000000,11000,11000,11000,11000,17000,17000,17000,17000,17000,17000,17000,85,0,8600.0,8890.566509418353,3766.1854999605566,20887.016399996355,537.7764705882353
1789531865,20,,Aggregated,0.600000,0.000000,11000,11000,11000,11000,17000,17000,17000,17000,17000,17000,17000,99,0,7200.0,8137.589322229038,898.882900015451,20887.016399996355,37303.333333333336
1789531866,20,GET,/api/annotate-carpark,0.000000,0.000000,5000,5000,5000,5000,5000,5000,5000,5000,5000,5000,5000,14,0,2800.0,3565.9421142939077,898.882900015451,11422.95599996578,260522.7857142857
1789531866,20,GET,/api/find-carparks,0.900000,0.000000,11000,11000,11000,11000,17000,17000,17000,17000,17000,17000,17000,86,0,8600.0,8918.692809308955,3766.1854999605566,20887.016399996355,537.7674418604652
1789531866,20,,Aggregated,0.900000,0.000000,11000,11000,11000,11000,17000,17000,17000,17000,17000,17000,17000,100,0,7200.0,8169.307712006848,898.882900015451,20887.016399996355,36935.67
1789531867,20,GET,/api/annotate-carpark,0.000000,0.000000,0,0,0,0,0,0,0,0,0,0,0,14,0,2800.0,3565.9421142939077,898.882900015451,11422.95599996578,260522.7857142857
1789531867,20,GET,/api/find-carparks,0.900000,0.000000,11000,11000,11000,11000,17000,17000,17000,17000,17000,17000,17000,86,0,8600.0,8918.692809308955,3766.1854999605566,20887.016399996355,537.7674418604652
1789531867,20,,Aggregated,0.900000,0.000000,11000,11000,11000,11000,17000,17000,17000,17000,17000,17000,17000,100,0,7200.0,8169.307712006848,898.882900015451,20887.016399996355,36935.67
1789531868,20,GET,/api/annotate-carpark,0.000000,0.000000,0,0,0,0,0,0,0,0,0,0,0,14,0,2800.0,3565.9421142939077,898.882900015451,11422.95599996578,260522.7857142857
1789531868,20,GET,/api/find-carparks,0.800000,0.000000,11000,11000,11000,11000,17000,17000,17000,17000,17000,17000,17000,87,0,8600.0,8886.910591959611,3766.1854999605566,20887.016399996355,537.7816091954023
1789531868,20,,Aggregated,0.800000,0.000000,11000,11000,11000,11000,17000,17000,17000,17000,17000,17000,17000,101,0,7200.0,8149.350604956444,898.882900015451,20887.016399996355,36575.30693069307
1789531869,20,GET,/api/annotate-carpark,0.000000,0.000000,4500,4500,4500,4500,4500,4500,4500,4500,4500,4500,4500,15,0,3300.0,3626.536846673116,898.882900015451,11422.95599996578,259275.06666666668
1789531869,20,GET,/api/find-carparks,0.800000,0.000000,11000,11000,12000,12000,17000,17000,17000,17000,17000,17000,17000,88,0,8600.0,8918.914905688407,3766.1854999605566,20887.016399996355,537.7727272727273
1789531869,20,,Aggregated,0.800000,0.000000,11000,11000,12000,12000,17000,17000,17000,17000,17000,17000,17000,103,0,7200.0,8148.180236899773,898.882900015451,20887.016399996355,38217.961165048546
1789531870,20,GET,/api/annotate-carpark,0.000000,0.000000,4500,4500,4500,4500,4500,4500,4500,4500,4500,4500,4500,15,0,3300.0,3626.536846673116,898.882900015451,11422.95599996578,259275.06666666668
1789531870,20,GET,/api/find-carparks,0.600000,0.000000,12000,12000,17000,17000,18000,18000,18000,18000,18000,18000,18000,90,0,8800.0,9055.487982228968,3766.1854999605566,20887.016399996355,537.8555555555556
1789531870,20,,Aggregated,0.600000,0.000000,11000,12000,12000,17000,18000,18000,18000,18000,18000,18000,18000,105,0,7500.0,8279.923534292417,898.882900015451,20887.016399996355,37500.31428571429
1789531871,20,GET,/api/annotate-carpark,0.000000,0.000000,4500,4500,4500,4500,4500,4500,4500,4500,4500,4500,4500,15,0,3300.0,3626.536846673116,898.882900015451,11422.95599996578,259275.06666666668
1789531871,20,GET,/api/find-carparks,0.600000,0.000000,12000,12000,17000,17000,18000,18000,18000,18000,18000,18000,18000,90,0,8800.0,9055.487982228968,3766.1854999605566,20887.016399996355,537.8555555555556
1789531871,20,,Aggregated,0.600000,0.000000,12000,12000,17000,17000,18000,18000,18000,18000,18000,18000,18000,105,0,7500.0,8279.923534292417,898.882900015451,20887.016399996355,37500.31428571429
1789531872,20,GET,/api/annotate-carpark,0.000000,0.000000,4500,4500,4500,4500,4500,4500,4500,4500,4500,4500,4500,15,0,3300.0,3626.536846673116,898.882900015451,11422.95599996578,259275.06666666668
1789531872,20,GET,/api/find-carparks,0.600000,0.000000,12000,12000,17000,17000,18000,18000,18000,18000,18000,18000,18000,90,0,8800.0,9055.487982228968,3766.1854999605566,20887.016399996355,537.8555555555556
1789531872,20,,Aggregated,0.600000,0.000000,12000,12000,17000,17000,18000,18000,18000,18000,18000,18000,18000,105,0,7500.0,8279.923534292417,898.882900015451,20887.016399996355,37500.31428571429
1789531873,20,GET,/api/annotate-carpark,0.100000,0.000000,4500,4500,4500,4500,4500,4500,4500,4500,4500,4500,4500,15,0,3300.0,3626.536846673116,898.882900015451,11422.95599996578,259275.06666666668
1789531873,20,GET,/api/find-carparks,0.900000,0.000000,12000,12000,12000,12000,18000,18000,18000,18000,18000,18000,18000,91,0,8800.0,9051.741991215129,3766.1854999605566,20887.016399996355,537.8901098901099
1789531873,20,,Aggregated,1.000000,0.000000,11000,12000,12000,12000,18000,18000,18000,18000,18000,18000,18000,106,0,7500.0,8284.024282081826,898.882900015451,20887.016399996355,37151.64150943396
1789531874,20,GET,/api/annotate-carpark,0.100000,0.000000,4500,4500,4500,4500,4500,4500,4500,4500,4500,4500,4500,15,0,3300.0,3626.536846673116,898.882900015451,11422.95599996578,259275.06666666668
1789531874,20,GET,/api/find-carparks,0.900000,0.000000,12000,12000,12000,12000,18000,18000,18000,18000,18000,18000,18000,91,0,8800.0,9051.741991215129,3766.1854999605566,20887.016399996355,537.8901098901099
1789531874,20,,Aggregated,1.000000,0.000000,11000,12000,12000,12000,18000,18000,18000,18000,18000,18000,18000,106,0,7500.0,8284.024282081826,898.882900015451,20887.016399996355,37151.64150943396
1789531875,20,GET,/api/annotate-carpark,0.100000,0.000000,4500,4500,4500,4500,4500,4500,4500,4500,4500,4500,4500,15,0,3300.0,3626.536846673116,898.882900015451,11422.95599996578,259275.06666666668
1789531875,20,GET,/api/find-carparks,0.700000,0.000000,12000,12000,12000,12000,18000,18000,18000,18000,18000,18000,18000,93,0,8900.0,9108.719207534206,3766.1854999605566,20887.016399996355,537.9354838709677
1789531875,20,,Aggregated,0.800000,0.000000,11000,12000,12000,12000,18000,18000,18000,18000,18000,18000,18000,108,0,8000.0,8347.304990747944,898.882900015451,20887.016399996355,36473.648148148146
1789531876,20,GET,/api/annotate-carpark,0.100000,0.000000,4500,4500,4500,4500,4500,4500,4500,4500,4500,4500,4500,15,0,3300.0,3626.536846673116,898.882900015451,11422.95599996578,259275.06666666668
1789531876,20,GET,/api/find-carparks,0.600000,0.000000,12000,12000,17000,17000,18000,18000,18000,18000,18000,18000,18000,94,0,8900.0,9197.841239368612,3766.1854999605566,20887.016399996355,537.8723404255319
1789531876,20,,Aggregated,0.700000,0.000000,12000,12000,12000,17000,18000,18000,18000,18000,18000,18000,18000,109,0,8000.0,8431.147974318774,898.882900015451,20887.016399996355,36143.908256880735
1789531877,20,GET,/api/annotate-carpark,0.100000,0.000000,4500,4500,4500,4500,4500,4500,4500,4500,4500,4500,4500,15,0,3300.0,3626.536846673116,898.882900015451,11422.95599996578,259275.06666666668
1789531877,20,GET,/api/find-carparks,0.600000,0.000000,12000,13000,17000,17000,18000,18000,18000,18000,18000,18000,18000,95,0,9100.0,9234.595662111564,3766.1854999605566,20887.016399996355,537.8105263157895
1789531877,20,,Aggregated,0.700000,0.000000,12000,12000,13000,17000,18000,18000,18000,18000,18000,18000,18000,110,0,8000.0,8469.86036909723,898.882900015451,20887.016399996355,35820.163636363635
1789531878,20,GET,/api/annotate-carpark,0.100000,0.000000,4500,4500,4500,4500,4500,4500,4500,4500,4500,4500,4500,15,0,3300.0,3626.536846673116,898.882900015451,11422.95599996578,259275.06666666668
1789531878,20,GET,/api/find-carparks,0.600000,0.000000,12000,13000,17000,17000,18000,18000,18000,18000,18000,18000,18000,95,0,9100.0,9234.595662111564,3766.1854999605566,20887.016399996355,537.8105263157895
1789531878,20,,Aggregated,0.700000,0.000000,12000,13000,17000,17000,18000,18000,18000,18000,18000,18000,18000,110,0,8000.0,8469.86036909723,898.882900015451,20887.016399996355,35820.163636363635
1789531879,20,GET,/api/annotate-carpark,0.100000,0.000000,4500,4500,4500,4500,4500,4500,4500,4500,4500,4500,4500,15,0,3300.0,3626.536846673116,898.882900015451,11422.95599996578,259275.06666666668
1789531879,20,GET,/api/find-carparks,0.700000,0.000000,12000,13000,17000,17000,18000,18000,18000,18000,18000,18000,18000,96,0,9100.0,9264.637594797628,3766.1854999605566,20887.016399996355,537.84375
1789531879,20,,Aggregated,0.800000,0.000000,12000,13000,17000,17000,18000,18000,18000,18000,18000,18000,18000,111,0,8100.0,8502.732088294317,898.882900015451,20887.016399996355,35502.333333333336
1789531880,20,GET,/api/annotate-carpark,0.100000,0.000000,4500,4500,4500,4500,4500,4500,4500,4500,4500,4500,4500,15,0,3300.0,3626.536846673116,898.882900015451,11422.95599996578,259275.06666666668
1789531880,20,GET,/api/find-carparks,0.700000,0.000000,12000,12000,13000,13000,17000,17000,17000,17000,17000,17000,17000,96,0,9100.0,9264.637594797628,3766.1854999605566,20887.016399996355,537.84375
1789531880,20,,Aggregated,0.800000,0.000000,12000,12000,13000,13000,17000,17000,17000,17000,17000,17000,17000,111,0,8100.0,8502.732088294317,898.882900015451,20887.016399996355,35502.333333333336
1789531881,20,GET,/api/annotate-carpark,0.000000,0.000000,4500,4500,4500,4500,4500,4500,4500,4500,4500,4500,4500,15,0,3300.0,3626.536846673116,898.882900015451,11422.95599996578,259275.06666666668
1789531881,20,GET,/api/find-carparks,0.800000,0.000000,13000,16000,17000,17000,17000,17000,17000,17000,17000,17000,17000,98,0,9500.0,9413.83333571911,3766.1854999605566,20887.016399996355,537.8571428571429
1789531881,20,,Aggregated,0.800000,0.000000,13000,16000,17000,17000,17000,17000,17000,17000,17000,17000,17000,113,0,8600.0,8645.608138058136,898.882900015451,20887.016399996355,34883.50442477876
1789531882,20,GET,/api/annotate-carpark,0.000000,0.000000,4500,4500,4500,4500,4500,4500,4500,4500,4500,4500,4500,15,0,3300.0,3626.536846673116,898.882900015451,11422.95599996578,259275.06666666668
1789531882,20,GET,/api/find-carparks,0.800000,0.000000,13000,16000,17000,17000,17000,17000,17000,17000,17000,17000,17000,98,0,9500.0,9413.83333571911,3766.1854999605566,20887.016399996355,537.8571428571429
1789531882,20,,Aggregated,0.800000,0.000000,13000,16000,17000,17000,17000,17000,17000,17000,17000,17000,17000,113,0,8600.0,8645.608138058136,898.882900015451,20887.016399996355,34883.50442477876
1789531883,20,GET,/api/annotate-carpark,0.000000,0.000000,4500,4500,4500,4500,4500,4500,4500,4500,4500,4500,4500,15,0,3300.0,3626.536846673116,898.882900015451,11422.95599996578,259275.06666666668
1789531883,20,GET,/api/find-carparks,0.700000,0.000000,13000,16000,17000,17000,19000,19000,19000,19000,19000,19000,19000,100,0,9700.0,9525.567676005885,3766.1854999605566,20887.016399996355,537.81
1789531883,20,,Aggregated,0.700000,0.000000,13000,16000,17000,17000,19000,19000,19000,19000,19000,19000,19000,115,0,8600.0,8756.128872179872,898.882900015451,20887.016399996355,34286.147826086955
1789531884,20,GET,/api/annotate-carpark,0.000000,0.000000,7900,7900,7900,7900,7900,7900,7900,7900,7900,7900,7900,16,0,3300.0,3895.550343753712,898.882900015451,11422.95599996578,258678.8125
1789531884,20,GET,/api/find-carparks,0.800000,0.000000,13000,16000,17000,17000,19000,19000,19000,19000,19000,19000,19000,100,0,9700.0,9525.567676005885,3766.1854999605566,20887.016399996355,537.81
1789531884,20,,Aggregated,0.800000,0.000000,13000,16000,17000,17000,19000,19000,19000,19000,19000,19000,19000,116,0,8600.0,8749.013561212481,898.882900015451,20887.016399996355,36143.46551724138
1789531885,20,GET,/api/annotate-carpark,0.000000,0.000000,7900,7900,7900,7900,7900,7900,7900,7900,7900,7900,7900,16,0,3300.0,3895.550343753712,898.882900015451,11422.95599996578,258678.8125
1789531885,20,GET,/api/find-carparks,0.800000,0.000000,16000,17000,17000,17000,19000,19000,19000,19000,19000,19000,19000,100,0,9700.0,9525.567676005885,3766.1854999605566,20887.016399996355,537.81
1789531885,20,,Aggregated,0.800000,0.000000,16000,17000,17000,17000,19000,19000,19000,19000,19000,19000,19000,116,0,8600.0,8749.013561212481,898.882900015451,20887.016399996355,36143.46551724138
1789531886,20,GET,/api/annotate-carpark,0.000000,0.000000,7900,7900,7900,7900,7900,7900,7900,7900,7900,7900,7900,16,0,3300.0,3895.550343753712,898.882900015451,11422.95599996578,258678.8125
1789531886,20,GET,/api/find-carparks,0.800000,0.000000,17000,17000,19000,19000,20000,20000,20000,20000,20000,20000,20000,101,0,9800.0,9634.183345549269,3766.1854999605566,20887.016399996355,537.8613861386139
1789531886,20,,Aggregated,0.800000,0.000000,16000,17000,17000,19000,20000,20000,20000,20000,20000,20000,20000,117,0,8600.0,8849.413020517399,898.882900015451,20887.016399996355,35839.18803418803
1789531887,20,GET,/api/annotate-carpark,0.000000,0.000000,7900,7900,7900,7900,7900,7900,7900,7900,7900,7900,7900,16,0,3300.0,3895.550343753712,898.882900015451,11422.95599996578,258678.8125
1789531887,20,GET,/api/find-carparks,0.900000,0.000000,17000,19000,20000,20000,22000,22000,22000,22000,22000,22000,22000,102,0,9800.0,9755.101225495238,3766.1854999605566,21967.807100038044,537.8333333333334
1789531887,20,,Aggregated,0.900000,0.000000,17000,19000,20000,20000,22000,22000,22000,22000,22000,22000,22000,118,0,8600.0,8960.585851699776,898.882900015451,21967.807100038044,35540.0
1789531888,20,GET,/api/annotate-carpark,0.100000,0.000000,7900,7900,7900,7900,7900,7900,7900,7900,7900,7900,7900,16,0,3300.0,3895.550343753712,898.882900015451,11422.95599996578,258678.8125
1789531888,20,GET,/api/find-carparks,0.800000,0.000000,19000,20000,22000,22000,23000,23000,23000,23000,23000,23000,23000,103,0,9900.0,9886.461714567455,3766.1854999605566,23285.231599933468,537.8349514563107
1789531888,20,,Aggregated,0.900000,0.000000,17000,19000,20000,22000,23000,23000,23000,23000,23000,23000,23000,119,0,8700.0,9080.961026054681,898.882900015451,23285.231599933468,35245.86554621849
1789531889,20,GET,/api/annotate-carpark,0.100000,0.000000,7900,7900,7900,7900,7900,7900,7900,7900,7900,7900,7900,16,0,3300.0,3895.550343753712,898.882900015451,11422.95599996578,258678.8125
1789531889,20,GET,/api/find-carparks,0.800000,0.000000,19000,20000,22000,22000,23000,23000,23000,23000,23000,23000,23000,104,0,9800.0,9856.743180772844,3766.1854999605566,23285.231599933468,537.7788461538462
1789531889,20,,Aggregated,0.900000,0.000000,17000,19000,20000,22000,23000,23000,23000,23000,23000,23000,23000,120,0,8600.0,9061.917469170294,898.882900015451,23285.231599933468,34956.583333333336
1789531890,20,GET,/api/annotate-carpark,0.100000,0.000000,7900,7900,7900,7900,7900,7900,7900,7900,7900,7900,7900,16,0,3300.0,3895.550343753712,898.882900015451,11422.95599996578,258678.8125
1789531890,20,GET,/api/find-carparks,0.700000,0.000000,20000,22000,23000,23000,25000,25000,25000,25000,25000,25000,25000,105,0,9900.0,9999.264938099353,3766.1854999605566,24821.527700056322,537.7809523809524
1789531890,20,,Aggregated,0.800000,0.000000,19000,20000,22000,23000,25000,25000,25000,25000,25000,25000,25000,121,0,8700.0,9192.162181822245,898.882900015451,24821.527700056322,34672.13223140496
1789531891,20,GET,/api/annotate-carpark,0.100000,0.000000,20000,20000,20000,20000,20000,20000,20000,20000,20000,20000,20000,17,0,3400.0,4870.75775882284,898.882900015451,20474.07639992889,258352.0
1789531891,20,GET,/api/find-carparks,0.700000,0.000000,20000,22000,23000,23000,25000,25000,25000,25000,25000,25000,25000,105,0,9900.0,9999.264938099353,3766.1854999605566,24821.527700056322,537.7809523809524
1789531891,20,,Aggregated,0.800000,0.000000,20000,20000,22000,23000,25000,25000,25000,25000,25000,25000,25000,122,0,8700.0,9284.636888528037,898.882900015451,24821.527700056322,36462.7131147541
1789531892,20,GET,/api/annotate-carpark,0.100000,0.000000,20000,20000,20000,20000,20000,20000,20000,20000,20000,20000,20000,17,0,3400.0,4870.75775882284,898.882900015451,20474.07639992889,258352.0
1789531892,20,GET,/api/find-carparks,0.700000,0.000000,22000,22000,23000,23000,25000,25000,25000,25000,25000,25000,25000,105,0,9900.0,9999.264938099353,3766.1854999605566,24821.527700056322,537.7809523809524
1789531892,20,,Aggregated,0.800000,0.000000,20000,22000,23000,23000,25000,25000,25000,25000,25000,25000,25000,122,0,8700.0,9284.636888528037,898.882900015451,24821.527700056322,36462.7131147541
1789531893,20,GET,/api/annotate-carpark,0.100000,0.000000,20000,20000,20000,20000,20000,20000,20000,20000,20000,20000,20000,17,0,3400.0,4870.75775882284,898.882900015451,20474.07639992889,258352.0
1789531893,20,GET,/api/find-carparks,0.900000,0.000000,22000,23000,25000,25000,28000,28000,28000,28000,28000,28000,28000,107,0,9900.0,10153.247870097946,3766.1854999605566,27818.956200033426,537.7757009345794
1789531893,20,,Aggregated,1.000000,0.000000,20000,22000,23000,25000,28000,28000,28000,28000,28000,28000,28000,124,0,8700.0,9429.035516132812,898.882900015451,27818.956200033426,35883.27419354839
1789531894,20,GET,/api/annotate-carpark,0.100000,0.000000,20000,20000,20000,20000,20000,20000,20000,20000,20000,20000,20000,17,0,3400.0,4870.75775882284,898.882900015451,20474.07639992889,258352.0
1789531894,20,GET,/api/find-carparks,0.900000,0.000000,22000,23000,25000,25000,28000,28000,28000,28000,28000,28000,28000,107,0,9900.0,10153.247870097946,3766.1854999605566,27818.956200033426,537.7757009345794
1789531894,20,,Aggregated,1.000000,0.000000,22000,23000,25000,25000,28000,28000,28000,28000,28000,28000,28000,124,0,8700.0,9429.035516132812,898.882900015451,27818.956200033426,35883.27419354839
1789531895,20,GET,/api/annotate-carpark,0.200000,0.000000,20000,20000,20000,20000,20000,20000,20000,20000,20000,20000,20000,17,0,3400.0,4870.75775882284,898.882900015451,20474.07639992889,258352.0
1789531895,20,GET,/api/find-carparks,0.700000,0.000000,23000,24000,25000,25000,28000,28000,28000,28000,28000,28000,28000,109,0,10000.0,10396.680093582916,3766.1854999605566,27818.956200033426,537.7798165137615
1789531895,20,,Aggregated,0.900000,0.000000,22000,23000,24000,25000,28000,28000,28000,28000,28000,28000,28000,126,0,8800.0,9651.119143654969,898.882900015451,27818.956200033426,35322.23809523809
1789531896,20,GET,/api/annotate-carpark,0.200000,0.000000,20000,20000,21000,21000,21000,21000,21000,21000,21000,21000,21000,18,0,3400.0,5789.045883329689,898.882900015451,21399.943999946117,257697.44444444444
1789531896,20,GET,/api/find-carparks,0.800000,0.000000,23000,24000,25000,25000,28000,28000,28000,28000,28000,28000,28000,109,0,10000.0,10396.680093582916,3766.1854999605566,27818.956200033426,537.7798165137615
1789531896,20,,Aggregated,1.000000,0.000000,22000,23000,24000,25000,28000,28000,28000,28000,28000,28000,28000,127,0,8900.0,9743.62957559427,898.882900015451,27818.956200033426,36985.606299212595
1789531897,20,GET,/api/annotate-carpark,0.100000,0.000000,21000,21000,21000,21000,21000,21000,21000,21000,21000,21000,21000,18,0,3400.0,5789.045883329689,898.882900015451,21399.943999946117,257697.44444444444
1789531897,20,GET,/api/find-carparks,0.900000,0.000000,23000,24000,25000,25000,28000,28000,28000,28000,28000,28000,28000,110,0,10000.0,10404.699581822339,3766.1854999605566,27818.956200033426,537.709090909091
1789531897,20,,Aggregated,1.000000,0.000000,22000,23000,24000,25000,28000,28000,28000,28000,28000,28000,28000,128,0,8900.0,9755.62328047181,898.882900015451,27818.956200033426,36700.796875
1789531898,20,GET,/api/annotate-carpark,0.200000,0.000000,20000,20000,21000,21000,21000,21000,21000,21000,21000,21000,21000,19,0,4100.0,5850.571652629265,898.882900015451,21399.943999946117,256936.63157894736
1789531898,20,GET,/api/find-carparks,0.800000,0.000000,24000,24000,25000,25000,28000,28000,28000,28000,28000,28000,28000,110,0,10000.0,10404.699581822339,3766.1854999605566,27818.956200033426,537.709090909091
1789531898,20,,Aggregated,1.000000,0.000000,21000,22000,24000,25000,28000,28000,28000,28000,28000,28000,28000,129,0,8900.0,9733.936553491576,898.882900015451,27818.956200033426,38301.891472868214
1789531899,20,GET,/api/annotate-carpark,0.200000,0.000000,20000,20000,21000,21000,21000,21000,21000,21000,21000,21000,21000,20,0,3600.0,5735.585644998355,898.882900015451,21399.943999946117,256704.75
1789531899,20,GET,/api/find-carparks,0.700000,0.000000,24000,25000,28000,28000,34000,34000,34000,34000,34000,34000,34000,111,0,10000.0,10617.17066126519,3766.1854999605566,33988.98939997889,537.7117117117117
1789531899,20,,Aggregated,0.900000,0.000000,21000,22000,24000,28000,34000,34000,34000,34000,34000,34000,34000,131,0,8900.0,9871.890506109949,898.882900015451,33988.98939997889,39647.18320610687
1789531900,20,GET,/api/annotate-carpark,0.200000,0.000000,20000,20000,21000,21000,21000,21000,21000,21000,21000,21000,21000,20,0,3600.0,5735.585644998355,898.882900015451,21399.943999946117,256704.75
1789531900,20,GET,/api/find-carparks,0.700000,0.000000,22000,24000,28000,28000,34000,34000,34000,34000,34000,34000,34000,112,0,10000.0,10704.916719646591,3766.1854999605566,33988.98939997889,537.7142857142857
1789531900,20,,Aggregated,0.900000,0.000000,20000,22000,24000,24000,28000,34000,34000,34000,34000,34000,34000,132,0,8900.0,9951.987768942314,898.882900015451,33988.98939997889,39350.90151515151
1789531901,20,GET,/api/annotate-carpark,0.200000,0.000000,20000,20000,21000,21000,21000,21000,21000,21000,21000,21000,21000,20,0,3600.0,5735.585644998355,898.882900015451,21399.943999946117,256704.75
1789531901,20,GET,/api/find-carparks,0.800000,0.000000,23000,24000,28000,28000,34000,34000,34000,34000,34000,34000,34000,113,0,10000.0,10810.00465487101,3766.1854999605566,33988.98939997889,537.6902654867257
1789531901,20,,Aggregated,1.000000,0.000000,21000,23000,24000,24000,28000,34000,34000,34000,34000,34000,34000,133,0,9100.0,10046.934127070612,898.882900015451,33988.98939997889,39059.05263157895
1789531902,20,GET,/api/annotate-carpark,0.200000,0.000000,7000,7000,21000,21000,21000,21000,21000,21000,21000,21000,21000,20,0,3600.0,5735.585644998355,898.882900015451,21399.943999946117,256704.75
1789531902,20,GET,/api/find-carparks,0.800000,0.000000,23000,24000,28000,28000,34000,34000,34000,34000,34000,34000,34000,113,0,10000.0,10810.00465487101,3766.1854999605566,33988.98939997889,537.6902654867257
1789531902,20,,Aggregated,1.000000,0.000000,21000,23000,24000,24000,28000,34000,34000,34000,34000,34000,34000,133,0,9100.0,10046.934127070612,898.882900015451,33988.98939997889,39059.05263157895
1789531903,20,GET,/api/annotate-carpark,0.300000,0.000000,7000,7000,21000,21000,21000,21000,21000,21000,21000,21000,21000,20,0,3600.0,5735.585644998355,898.882900015451,21399.943999946117,256704.75
1789531903,20,GET,/api/find-carparks,0.800000,0.000000,22000,23000,24000,24000,34000,34000,34000,34000,34000,34000,34000,114,0,10000.0,10757.999465793673,3766.1854999605566,33988.98939997889,537.6929824561404
1789531903,20,,Aggregated,1.100000,0.000000,21000,22000,23000,24000,34000,34000,34000,34000,34000,34000,34000,134,0,8900.0,10008.385462689894,898.882900015451,33988.98939997889,38771.58208955224
1789531904,20,GET,/api/annotate-carpark,0.300000,0.000000,7000,7000,21000,21000,21000,21000,21000,21000,21000,21000,21000,20,0,3600.0,5735.585644998355,898.882900015451,21399.943999946117,256704.75
1789531904,20,GET,/api/find-carparks,0.800000,0.000000,22000,23000,24000,33000,34000,34000,34000,34000,34000,34000,34000,116,0,10000.0,11042.199045693671,3766.1854999605566,33988.98939997889,537.7327586206897
1789531904,20,,Aggregated,1.100000,0.000000,21000,22000,23000,33000,34000,34000,34000,34000,34000,34000,34000,136,0,9100.0,10261.814722062007,898.882900015451,33988.98939997889,38209.35294117647
1789531905,20,GET,/api/annotate-carpark,0.300000,0.000000,21000,21000,28000,28000,28000,28000,28000,28000,28000,28000,28000,21,0,4100.0,6805.75207619196,898.882900015451,28209.080700064078,255746.14285714287
1789531905,20,GET,/api/find-carparks,0.600000,0.000000,22000,23000,33000,33000,34000,34000,34000,34000,34000,34000,34000,117,0,10000.0,11122.403622225811,3766.1854999605566,33988.98939997889,537.7606837606837
1789531905,20,,Aggregated,0.900000,0.000000,21000,22000,28000,28000,33000,34000,34000,34000,34000,34000,34000,138,0,9500.0,10465.521865220659,898.882900015451,33988.98939997889,39373.81884057971
1789531906,20,GET,/api/annotate-carpark,0.300000,0.000000,7000,7000,28000,28000,28000,28000,28000,28000,28000,28000,28000,21,0,4100.0,6805.75207619196,898.882900015451,28209.080700064078,255746.14285714287
1789531906,20,GET,/api/find-carparks,0.600000,0.000000,22000,23000,33000,33000,34000,34000,34000,34000,34000,34000,34000,117,0,10000.0,11122.403622225811,3766.1854999605566,33988.98939997889,537.7606837606837
1789531906,20,,Aggregated,0.900000,0.000000,20000,23000,28000,28000,33000,34000,34000,34000,34000,34000,34000,138,0,9500.0,10465.521865220659,898.882900015451,33988.98939997889,39373.81884057971
1789531907,20,GET,/api/annotate-carpark,0.300000,0.000000,7000,7000,28000,28000,28000,28000,28000,28000,28000,28000,28000,21,0,4100.0,6805.75207619196,898.882900015451,28209.080700064078,255746.14285714287
1789531907,20,GET,/api/find-carparks,0.600000,0.000000,22000,23000,33000,33000,34000,34000,34000,34000,34000,34000,34000,117,0,10000.0,11122.403622225811,3766.1854999605566,33988.98939997889,537.7606837606837
1789531907,20,,Aggregated,0.900000,0.000000,22000,23000,28000,33000,34000,34000,34000,34000,34000,34000,34000,138,0,9500.0,10465.521865220659,898.882900015451,33988.98939997889,39373.81884057971
1789531908,20,GET,/api/annotate-carpark,0.300000,0.000000,28000,28000,28000,28000,28000,28000,28000,28000,28000,28000,28000,21,0,4100.0,6805.75207619196,898.882900015451,28209.080700064078,255746.14285714287
1789531908,20,GET,/api/find-carparks,0.800000,0.000000,22000,22000,23000,23000,33000,33000,33000,33000,33000,33000,33000,119,0,10000.0,11189.78479160035,3766.1854999605566,33988.98939997889,537.8235294117648
1789531908,20,,Aggregated,1.100000,0.000000,22000,22000,23000,28000,33000,33000,33000,33000,33000,33000,33000,140,0,9500.0,10532.179884289091,898.882900015451,33988.98939997889,38819.07142857143
1789531909,20,GET,/api/annotate-carpark,0.300000,0.000000,28000,28000,28000,28000,28000,28000,28000,28000,28000,28000,28000,21,0,4100.0,6805.75207619196,898.882900015451,28209.080700064078,255746.14285714287
1789531909,20,GET,/api/find-carparks,0.800000,0.000000,22000,23000,26000,26000,33000,33000,33000,33000,33000,33000,33000,120,0,10000.0,11314.539895837273,3766.1854999605566,33988.98939997889,537.8583333333333
1789531909,20,,Aggregated,1.100000,0.000000,22000,23000,26000,28000,33000,33000,33000,33000,33000,33000,33000,141,0,9700.0,10643.018305677333,898.882900015451,33988.98939997889,38547.602836879436
1789531910,20,GET,/api/annotate-carpark,0.300000,0.000000,28000,28000,28000,28000,28000,28000,28000,28000,28000,28000,28000,21,0,4100.0,6805.75207619196,898.882900015451,28209.080700064078,255746.14285714287
1789531910,20,GET,/api/find-carparks,0.800000,0.000000,22000,22000,23000,26000,33000,33000,33000,33000,33000,33000,33000,121,0,10000.0,11377.675504136007,3766.1854999605566,33988.98939997889,537.9173553719008
1789531910,20,,Aggregated,1.100000,0.000000,22000,23000,26000,28000,33000,33000,33000,33000,33000,33000,33000,142,0,9700.0,10701.545983102029,898.882900015451,33988.98939997889,38279.97887323944
1789531911,20,GET,/api/annotate-carpark,0.300000,0.000000,28000,28000,28000,28000,28000,28000,28000,28000,28000,28000,28000,21,0,4100.0,6805.75207619196,898.882900015451,28209.080700064078,255746.14285714287
1789531911,20,GET,/api/find-carparks,0.800000,0.000000,22000,22000,26000,26000,33000,33000,33000,33000,33000,33000,33000,121,0,10000.0,11377.675504136007,3766.1854999605566,33988.98939997889,537.9173553719008
1789531911,20,,Aggregated,1.100000,0.000000,22000,22000,26000,28000,33000,33000,33000,33000,33000,33000,33000,142,0,9700.0,10701.545983102029,898.882900015451,33988.98939997889,38279.97887323944
1789531912,20,GET,/api/annotate-carpark,0.100000,0.000000,28000,28000,28000,28000,28000,28000,28000,28000,28000,28000,28000,21,0,4100.0,6805.75207619196,898.882900015451,28209.080700064078,255746.14285714287
1789531912,20,GET,/api/find-carparks,0.900000,0.000000,20000,22000,22000,26000,33000,33000,33000,33000,33000,33000,33000,122,0,10000.0,11385.2627213155,3766.1854999605566,33988.98939997889,537.9426229508197
1789531912,20,,Aggregated,1.000000,0.000000,22000,22000,26000,28000,33000,33000,33000,33000,33000,33000,33000,143,0,9800.0,10712.747172031623,898.882900015451,33988.98939997889,38016.06993006993
1789531913,20,GET,/api/annotate-carpark,0.100000,0.000000,28000,28000,28000,28000,28000,28000,28000,28000,28000,28000,28000,21,0,4100.0,6805.75207619196,898.882900015451,28209.080700064078,255746.14285714287
1789531913,20,GET,/api/find-carparks,0.900000,0.000000,21000,22000,22000,26000,33000,33000,33000,33000,33000,33000,33000,123,0,10000.0,11460.295348785008,3766.1854999605566,33988.98939997889,537.9512195121952
1789531913,20,,Aggregated,1.000000,0.000000,22000,22000,26000,28000,33000,33000,33000,33000,33000,33000,33000,144,0,9800.0,10781.507788198522,898.882900015451,33988.98939997889,37755.8125
1789531914,20,GET,/api/annotate-carpark,0.100000,0.000000,28000,28000,28000,28000,28000,28000,28000,28000,28000,28000,28000,22,0,4100.0,7413.183868185363,898.882900015451,28209.080700064078,255432.13636363635
1789531914,20,GET,/api/find-carparks,0.800000,0.000000,20000,21000,22000,25000,26000,26000,26000,26000,26000,26000,26000,125,0,10000.0,11614.897104003467,3766.1854999605566,33988.98939997889,537.984
1789531914,20,,Aggregated,0.900000,0.000000,20000,22000,25000,25000,26000,28000,28000,28000,28000,28000,28000,147,0,10000.0,10986.069272792594,898.882900015451,33988.98939997889,38685.4081632653
1789531915,20,GET,/api/annotate-carpark,0.100000,0.000000,20000,20000,28000,28000,28000,28000,28000,28000,28000,28000,28000,23,0,4500.0,7672.879213047133,898.882900015451,28209.080700064078,254826.8260869565
1789531915,20,GET,/api/find-carparks,1.000000,0.000000,20000,21000,22000,25000,26000,26000,26000,26000,26000,26000,26000,125,0,10000.0,11614.897104003467,3766.1854999605566,33988.98939997889,537.984
1789531915,20,,Aggregated,1.100000,0.000000,20000,21000,25000,25000,26000,28000,28000,28000,28000,28000,28000,148,0,10000.0,11002.286215544036,898.882900015451,33988.98939997889,40055.84459459459
1789531916,20,GET,/api/annotate-carpark,0.100000,0.000000,20000,20000,28000,28000,28000,28000,28000,28000,28000,28000,28000,23,0,4500.0,7672.879213047133,898.882900015451,28209.080700064078,254826.8260869565
1789531916,20,GET,/api/find-carparks,1.000000,0.000000,21000,22000,25000,25000,26000,26000,26000,26000,26000,26000,26000,125,0,10000.0,11614.897104003467,3766.1854999605566,33988.98939997889,537.984
1789531916,20,,Aggregated,1.100000,0.000000,20000,21000,22000,25000,26000,26000,26000,26000,26000,26000,26000,148,0,10000.0,11002.286215544036,898.882900015451,33988.98939997889,40055.84459459459
1789531917,20,GET,/api/annotate-carpark,0.200000,0.000000,20000,20000,28000,28000,28000,28000,28000,28000,28000,28000,28000,23,0,4500.0,7672.879213047133,898.882900015451,28209.080700064078,254826.8260869565
1789531917,20,GET,/api/find-carparks,0.900000,0.000000,21000,22000,25000,25000,26000,26000,26000,26000,26000,26000,26000,127,0,11000.0,11724.213999215748,3766.1854999605566,33988.98939997889,537.992125984252
1789531917,20,,Aggregated,1.100000,0.000000,20000,22000,25000,25000,25000,26000,26000,26000,26000,26000,26000,150,0,10000.0,11103.009332003227,898.882900015451,33988.98939997889,39528.94666666666
1789531918,20,GET,/api/annotate-carpark,0.200000,0.000000,20000,20000,28000,28000,28000,28000,28000,28000,28000,28000,28000,24,0,4500.0,7640.9637458370225,898.882900015451,28209.080700064078,254086.625
1789531918,20,GET,/api/find-carparks,0.900000,0.000000,21000,25000,25000,25000,26000,26000,26000,26000,26000,26000,26000,127,0,11000.0,11724.213999215748,3766.1854999605566,33988.98939997889,537.992125984252
1789531918,20,,Aggregated,1.100000,0.000000,19000,21000,25000,25000,25000,26000,26000,26000,26000,26000,26000,151,0,10000.0,11075.22058146019,898.882900015451,33988.98939997889,40837.112582781454
1789531919,20,GET,/api/annotate-carpark,0.200000,0.000000,13000,13000,20000,20000,20000,20000,20000,20000,20000,20000,20000,24,0,4500.0,7640.9637458370225,898.882900015451,28209.080700064078,254086.625
1789531919,20,GET,/api/find-carparks,0.800000,0.000000,19000,21000,25000,25000,26000,26000,26000,26000,26000,26000,26000,128,0,11000.0,11775.540509377606,3766.1854999605566,33988.98939997889,538.015625
1789531919,20,,Aggregated,1.000000,0.000000,19000,20000,25000,25000,25000,26000,26000,26000,26000,26000,26000,152,0,10000.0,11122.712599344883,898.882900015451,33988.98939997889,40572.00657894737
1789531920,20,GET,/api/annotate-carpark,0.200000,0.000000,13000,13000,20000,20000,20000,20000,20000,20000,20000,20000,20000,24,0,4500.0,7640.9637458370225,898.882900015451,28209.080700064078,254086.625
1789531920,20,GET,/api/find-carparks,0.900000,0.000000,18000,21000,25000,25000,25000,25000,25000,25000,25000,25000,25000,129,0,11000.0,11772.797507754629,3766.1854999605566,33988.98939997889,538.031007751938
1789531920,20,,Aggregated,1.100000,0.000000,17000,20000,21000,21000,25000,25000,25000,25000,25000,25000,25000,153,0,10000.0,11124.666721571475,898.882900015451,33988.98939997889,40310.359477124184
1789531921,20,GET,/api/annotate-carpark,0.300000,0.000000,13000,13000,20000,20000,20000,20000,20000,20000,20000,20000,20000,24,0,4500.0,7640.9637458370225,898.882900015451,28209.080700064078,254086.625
1789531921,20,GET,/api/find-carparks,0.900000,0.000000,18000,21000,24000,25000,25000,25000,25000,25000,25000,25000,25000,130,0,11000.0,11866.859683849347,3766.1854999605566,33988.98939997889,538.0230769230769
1789531921,20,,Aggregated,1.200000,0.000000,18000,20000,24000,24000,25000,25000,25000,25000,25000,25000,25000,154,0,10000.0,11208.278498704569,898.882900015451,33988.98939997889,40052.09090909091
1789531922,20,GET,/api/annotate-carpark,0.300000,0.000000,20000,20000,25000,25000,25000,25000,25000,25000,25000,25000,25000,25,0,4700.0,8326.066704005934,898.882900015451,28209.080700064078,254074.16
1789531922,20,GET,/api/find-carparks,0.800000,0.000000,18000,24000,25000,25000,25000,25000,25000,25000,25000,25000,25000,131,0,11000.0,11839.5658488588,3766.1854999605566,33988.98939997889,538.0534351145038
1789531922,20,,Aggregated,1.100000,0.000000,18000,20000,25000,25000,25000,25000,25000,25000,25000,25000,25000,156,0,10000.0,11276.505088465712,898.882900015451,33988.98939997889,41168.83974358974
1789531923,20,GET,/api/annotate-carpark,0.300000,0.000000,20000,20000,25000,25000,25000,25000,25000,25000,25000,25000,25000,25,0,4700.0,8326.066704005934,898.882900015451,28209.080700064078,254074.16
1789531923,20,GET,/api/find-carparks,0.800000,0.000000,17000,18000,24000,24000,25000,25000,25000,25000,25000,25000,25000,132,0,11000.0,11879.947727276223,3766.1854999605566,33988.98939997889,537.9924242424242
1789531923,20,,Aggregated,1.100000,0.000000,17000,18000,24000,24000,25000,25000,25000,25000,25000,25000,25000,157,0,10000.0,11314.04310573637,898.882900015451,33988.98939997889,40909.99363057325
1789531924,20,GET,/api/annotate-carpark,0.300000,0.000000,17000,17000,25000,25000,25000,25000,25000,25000,25000,25000,25000,26,0,4700.0,8670.567626930559,898.882900015451,28209.080700064078,253656.1923076923
1789531924,20,GET,/api/find-carparks,0.900000,0.000000,17000,17000,18000,24000,25000,25000,25000,25000,25000,25000,25000,133,0,11000.0,11881.903460153897,3766.1854999605566,33988.98939997889,538.0225563909775
1789531924,20,,Aggregated,1.200000,0.000000,17000,17000,24000,24000,25000,25000,25000,25000,25000,25000,25000,159,0,10000.0,11356.779361639388,898.882900015451,33988.98939997889,41928.41509433962
1789531925,20,GET,/api/annotate-carpark,0.300000,0.000000,17000,17000,25000,25000,25000,25000,25000,25000,25000,25000,25000,26,0,4700.0,8670.567626930559,898.882900015451,28209.080700064078,253656.1923076923
1789531925,20,GET,/api/find-carparks,0.900000,0.000000,17000,18000,24000,24000,25000,25000,25000,25000,25000,25000,25000,133,0,11000.0,11881.903460153897,3766.1854999605566,33988.98939997889,538.0225563909775
1789531925,20,,Aggregated,1.200000,0.000000,17000,18000,24000,24000,25000,25000,25000,25000,25000,25000,25000,159,0,10000.0,11356.779361639388,898.882900015451,33988.98939997889,41928.41509433962
1789531926,20,GET,/api/annotate-carpark,0.400000,0.000000,17000,17000,25000,25000,25000,25000,25000,25000,25000,25000,25000,26,0,4700.0,8670.567626930559,898.882900015451,28209.080700064078,253656.1923076923
1789531926,20,GET,/api/find-carparks,0.800000,0.000000,17000,18000,24000,25000,26000,26000,26000,26000,26000,26000,26000,135,0,11000.0,11958.576845188833,3766.1854999605566,33988.98939997889,538.0074074074074
1789531926,20,,Aggregated,1.200000,0.000000,17000,18000,25000,25000,25000,26000,26000,26000,26000,26000,26000,161,0,10000.0,11427.593990066378,898.882900015451,33988.98939997889,41414.23602484472
1789531927,20,GET,/api/annotate-carpark,0.400000,0.000000,21000,21000,25000,25000,25000,25000,25000,25000,25000,25000,25000,27,0,5000.0,9125.323251859905,898.882900015451,28209.080700064078,252925.59259259258
1789531927,20,GET,/api/find-carparks,0.800000,0.000000,17000,18000,24000,24000,26000,26000,26000,26000,26000,26000,26000,135,0,11000.0,11958.576845188833,3766.1854999605566,33988.98939997889,538.0074074074074
1789531927,20,,Aggregated,1.200000,0.000000,17000,21000,24000,24000,25000,26000,26000,26000,26000,26000,26000,162,0,10000.0,11486.367912967344,898.882900015451,33988.98939997889,42602.60493827161
1789531928,20,GET,/api/annotate-carpark,0.300000,0.000000,21000,21000,25000,25000,25000,25000,25000,25000,25000,25000,25000,27,0,5000.0,9125.323251859905,898.882900015451,28209.080700064078,252925.59259259258
1789531928,20,GET,/api/find-carparks,0.800000,0.000000,17000,18000,24000,24000,26000,26000,26000,26000,26000,26000,26000,136,0,11000.0,11999.7446080918,3766.1854999605566,33988.98939997889,538.0294117647059
1789531928,20,,Aggregated,1.100000,0.000000,17000,21000,24000,24000,25000,26000,26000,26000,26000,26000,26000,163,0,10000.0,11523.613463194491,898.882900015451,33988.98939997889,42344.55828220859
1789531929,20,GET,/api/annotate-carpark,0.300000,0.000000,21000,21000,25000,25000,25000,25000,25000,25000,25000,25000,25000,27,0,5000.0,9125.323251859905,898.882900015451,28209.080700064078,252925.59259259258
1789531929,20,GET,/api/find-carparks,0.800000,0.000000,12000,17000,18000,24000,26000,26000,26000,26000,26000,26000,26000,137,0,11000.0,11997.340509492094,3766.1854999605566,33988.98939997889,537.992700729927
1789531929,20,,Aggregated,1.100000,0.000000,17000,18000,24000,24000,25000,26000,26000,26000,26000,26000,26000,164,0,10000.0,11524.50840000387,898.882900015451,33988.98939997889,42089.60975609756
1789531930,20,GET,/api/annotate-carpark,0.300000,0.000000,21000,21000,25000,25000,25000,25000,25000,25000,25000,25000,25000,27,0,5000.0,9125.323251859905,898.882900015451,28209.080700064078,252925.59259259258
1789531930,20,GET,/api/find-carparks,0.800000,0.000000,17000,18000,24000,24000,26000,26000,26000,26000,26000,26000,26000,137,0,11000.0,11997.340509492094,3766.1854999605566,33988.98939997889,537.992700729927
1789531930,20,,Aggregated,1.100000,0.000000,17000,21000,24000,24000,25000,26000,26000,26000,26000,26000,26000,164,0,10000.0,11524.50840000387,898.882900015451,33988.98939997889,42089.60975609756
1789531931,20,GET,/api/annotate-carpark,0.300000,0.000000,21000,21000,25000,25000,25000,25000,25000,25000,25000,25000,25000,27,0,5000.0,9125.323251859905,898.882900015451,28209.080700064078,252925.59259259258
1789531931,20,GET,/api/find-carparks,0.900000,0.000000,12000,17000,18000,21000,26000,26000,26000,26000,26000,26000,26000,139,0,11000.0,12055.377287772591,3766.1854999605566,33988.98939997889,537.8920863309353
1789531931,20,,Aggregated,1.200000,0.000000,17000,18000,21000,21000,25000,26000,26000,26000,26000,26000,26000,166,0,10000.0,11578.802233738601,898.882900015451,33988.98939997889,41588.903614457835
1789531932,20,GET,/api/annotate-carpark,0.300000,0.000000,21000,21000,25000,25000,25000,25000,25000,25000,25000,25000,25000,28,0,5000.0,9405.855835723092,898.882900015451,28209.080700064078,253382.9642857143
1789531932,20,GET,/api/find-carparks,0.800000,0.000000,17000,18000,21000,21000,26000,26000,26000,26000,26000,26000,26000,139,0,11000.0,12055.377287772591,3766.1854999605566,33988.98939997889,537.8920863309353
1789531932,20,,Aggregated,1.100000,0.000000,17000,18000,21000,21000,21000,26000,26000,26000,26000,26000,26000,167,0,11000.0,11611.146146111598,898.882900015451,33988.98939997889,42931.077844311374
1789531933,20,GET,/api/annotate-carpark,0.300000,0.000000,17000,17000,21000,21000,21000,21000,21000,21000,21000,21000,21000,28,0,5000.0,9405.855835723092,898.882900015451,28209.080700064078,253382.9642857143
1789531933,20,GET,/api/find-carparks,0.800000,0.000000,15000,17000,18000,21000,26000,26000,26000,26000,26000,26000,26000,141,0,11000.0,12110.098201421531,3766.1854999605566,33988.98939997889,537.9078014184397
1789531933,20,,Aggregated,1.100000,0.000000,17000,17000,21000,21000,21000,26000,26000,26000,26000,26000,26000,169,0,11000.0,11662.058046157885,898.882900015451,33988.98939997889,42429.396449704145
1789531934,25,GET,/api/annotate-carpark,0.300000,0.000000,17000,17000,21000,21000,21000,21000,21000,21000,21000,21000,21000,28,0,5000.0,9405.855835723092,898.882900015451,28209.080700064078,253382.9642857143
1789531934,25,GET,/api/find-carparks,0.800000,0.000000,15000,17000,18000,21000,26000,26000,26000,26000,26000,26000,26000,141,0,11000.0,12110.098201421531,3766.1854999605566,33988.98939997889,537.9078014184397
1789531934,25,,Aggregated,1.100000,0.000000,17000,17000,21000,21000,21000,26000,26000,26000,26000,26000,26000,169,0,11000.0,11662.058046157885,898.882900015451,33988.98939997889,42429.396449704145
1789531935,30,GET,/api/annotate-carpark,0.300000,0.000000,21000,21000,21000,21000,21000,21000,21000,21000,21000,21000,21000,28,0,5000.0,9405.855835723092,898.882900015451,28209.080700064078,253382.9642857143
1789531935,30,GET,/api/find-carparks,0.800000,0.000000,15000,17000,18000,21000,26000,26000,26000,26000,26000,26000,26000,142,0,11000.0,12106.3789000028,3766.1854999605566,33988.98939997889,537.9295774647887
1789531935,30,,Aggregated,1.100000,0.000000,17000,18000,21000,21000,21000,26000,26000,26000,26000,26000,26000,170,0,11000.0,11661.586865886142,898.882900015451,33988.98939997889,42182.99411764706
1789531936,35,GET,/api/annotate-carpark,0.300000,0.000000,21000,21000,21000,21000,21000,21000,21000,21000,21000,21000,21000,28,0,5000.0,9405.855835723092,898.882900015451,28209.080700064078,253382.9642857143
1789531936,35,GET,/api/find-carparks,0.900000,0.000000,17000,17000,18000,21000,26000,26000,26000,26000,26000,26000,26000,143,0,11000.0,12141.519734267978,3766.1854999605566,33988.98939997889,537.8881118881119
1789531936,35,,Aggregated,1.200000,0.000000,17000,17000,18000,21000,21000,21000,21000,21000,21000,21000,21000,171,0,11000.0,11693.574768424372,898.882900015451,33988.98939997889,41939.42105263158
1789531937,40,GET,/api/annotate-carpark,0.200000,0.000000,21000,21000,21000,21000,21000,21000,21000,21000,21000,21000,21000,28,0,5000.0,9405.855835723092,898.882900015451,28209.080700064078,253382.9642857143
1789531937,40,GET,/api/find-carparks,0.800000,0.000000,17000,17000,18000,21000,21000,21000,21000,21000,21000,21000,21000,144,0,11000.0,12203.190139585382,3766.1854999605566,33988.98939997889,537.9236111111111
1789531937,40,,Aggregated,1.000000,0.000000,17000,17000,18000,21000,21000,21000,21000,21000,21000,21000,21000,172,0,11000.0,11747.810136631055,898.882900015451,33988.98939997889,41698.74418604651
1789531938,40,GET,/api/annotate-carpark,0.200000,0.000000,21000,21000,21000,21000,21000,21000,21000,21000,21000,21000,21000,28,0,5000.0,9405.855835723092,898.882900015451,28209.080700064078,253382.9642857143
1789531938,40,GET,/api/find-carparks,0.800000,0.000000,17000,17000,18000,21000,21000,21000,21000,21000,21000,21000,21000,145,0,11000.0,12224.976024140025,3766.1854999605566,33988.98939997889,537.9103448275862
1789531938,40,,Aggregated,1.000000,0.000000,17000,17000,18000,18000,21000,21000,21000,21000,21000,21000,21000,173,0,11000.0,11768.702236419365,898.882900015451,33988.98939997889,41460.80924855491
1789531939,40,GET,/api/annotate-carpark,0.200000,0.000000,17000,17000,17000,17000,17000,17000,17000,17000,17000,17000,17000,28,0,5000.0,9405.855835723092,898.882900015451,28209.080700064078,253382.9642857143
1789531939,40,GET,/api/find-carparks,0.800000,0.000000,17000,17000,21000,21000,21000,21000,21000,21000,21000,21000,21000,145,0,11000.0,12224.976024140025,3766.1854999605566,33988.98939997889,537.9103448275862
1789531939,40,,Aggregated,1.000000,0.000000,17000,17000,17000,21000,21000,21000,21000,21000,21000,21000,21000,173,0,11000.0,11768.702236419365,898.882900015451,33988.98939997889,41460.80924855491
1789531940,40,GET,/api/annotate-carpark,0.100000,0.000000,17000,17000,17000,17000,17000,17000,17000,17000,17000,17000,17000,28,0,5000.0,9405.855835723092,898.882900015451,28209.080700064078,253382.9642857143
1789531940,40,GET,/api/find-carparks,1.000000,0.000000,17000,17000,17000,21000,21000,21000,21000,21000,21000,21000,21000,147,0,11000.0,12250.941084355723,3766.1854999605566,33988.98939997889,537.8775510204082
1789531940,40,,Aggregated,1.100000,0.000000,17000,17000,17000,17000,21000,21000,21000,21000,21000,21000,21000,175,0,11000.0,11795.727444574502,898.882900015451,33988.98939997889,40993.09142857143
1789531941,40,GET,/api/annotate-carpark,0.100000,0.000000,17000,17000,17000,17000,17000,17000,17000,17000,17000,17000,17000,28,0,5000.0,9405.855835723092,898.882900015451,28209.080700064078,253382.9642857143
1789531941,40,GET,/api/find-carparks,1.000000,0.000000,17000,17000,17000,21000,21000,21000,21000,21000,21000,21000,21000,147,0,11000.0,12250.941084355723,3766.1854999605566,33988.98939997889,537.8775510204082
1789531941,40,,Aggregated,1.100000,0.000000,17000,17000,17000,17000,21000,21000,21000,21000,21000,21000,21000,175,0,11000.0,11795.727444574502,898.882900015451,33988.98939997889,40993.09142857143
1789531942,40,GET,/api/annotate-carpark,0.100000,0.000000,17000,17000,17000,17000,17000,17000,17000,17000,17000,17000,17000,28,0,5000.0,9405.855835723092,898.882900015451,28209.080700064078,253382.9642857143
1789531942,40,GET,/api/find-carparks,0.900000,0.000000,17000,17000,17000,21000,21000,21000,21000,21000,21000,21000,21000,149,0,11000.0,12340.330336914842,3766.1854999605566,33988.98939997889,537.8724832214765
1789531942,40,,Aggregated,1.000000,0.000000,17000,17000,17000,21000,21000,21000,21000,21000,21000,21000,21000,177,0,11000.0,11876.119681359085,898.882900015451,33988.98939997889,40535.96610169492
1789531943,40,GET,/api/annotate-carpark,0.100000,0.000000,17000,17000,17000,17000,17000,17000,17000,17000,17000,17000,17000,28,0,5000.0,9405.855835723092,898.882900015451,28209.080700064078,253382.9642857143
1789531943,40,GET,/api/find-carparks,0.900000,0.000000,17000,17000,17000,21000,21000,21000,21000,21000,21000,21000,21000,149,0,11000.0,12340.330336914842,3766.1854999605566,33988.98939997889,537.8724832214765
1789531943,40,,Aggregated,1.000000,0.000000,17000,17000,17000,21000,21000,21000,21000,21000,21000,21000,21000,177,0,11000.0,11876.119681359085,898.882900015451,33988.98939997889,40535.96610169492
1789531944,40,GET,/api/annotate-carpark,0.100000,0.000000,17000,17000,17000,17000,17000,17000,17000,17000,17000,17000,17000,28,0,5000.0,9405.855835723092,898.882900015451,28209.080700064078,253382.9642857143
1789531944,40,GET,/api/find-carparks,0.800000,0.000000,17000,17000,21000,21000,21000,21000,21000,21000,21000,21000,21000,151,0,11000.0,12384.163595366736,3766.1854999605566,33988.98939997889,537.8874172185431
1789531944,40,,Aggregated,0.900000,0.000000,17000,17000,21000,21000,21000,21000,21000,21000,21000,21000,21000,179,0,11000.0,11918.283051958791,898.882900015451,33988.98939997889,40089.072625698325
1789531945,40,GET,/api/annotate-carpark,0.100000,0.000000,17000,17000,17000,17000,17000,17000,17000,17000,17000,17000,17000,28,0,5000.0,9405.855835723092,898.882900015451,28209.080700064078,253382.9642857143
1789531945,40,GET,/api/find-carparks,0.800000,0.000000,17000,17000,21000,21000,21000,21000,21000,21000,21000,21000,21000,151,0,11000.0,12384.163595366736,3766.1854999605566,33988.98939997889,537.8874172185431
1789531945,40,,Aggregated,0.900000,0.000000,17000,17000,21000,21000,21000,21000,21000,21000,21000,21000,21000,179,0,11000.0,11918.283051958791,898.882900015451,33988.98939997889,40089.072625698325
1789531946,40,GET,/api/annotate-carpark,0.000000,0.000000,17000,17000,17000,17000,17000,17000,17000,17000,17000,17000,17000,28,0,5000.0,9405.855835723092,898.882900015451,28209.080700064078,253382.9642857143
1789531946,40,GET,/api/find-carparks,0.800000,0.000000,17000,21000,21000,21000,21000,21000,21000,21000,21000,21000,21000,152,0,11000.0,12442.881977634419,3766.1854999605566,33988.98939997889,537.8421052631579
1789531946,40,,Aggregated,0.800000,0.000000,17000,21000,21000,21000,21000,21000,21000,21000,21000,21000,21000,180,0,11000.0,11970.455688892656,898.882900015451,33988.98939997889,39869.305555555555
1789531947,40,GET,/api/annotate-carpark,0.000000,0.000000,17000,17000,17000,17000,17000,17000,17000,17000,17000,17000,17000,28,0,5000.0,9405.855835723092,898.882900015451,28209.080700064078,253382.9642857143
1789531947,40,GET,/api/find-carparks,0.800000,0.000000,17000,21000,21000,21000,21000,21000,21000,21000,21000,21000,21000,153,0,11000.0,12470.341900656505,3766.1854999605566,33988.98939997889,537.8692810457517
1789531947,40,,Aggregated,0.800000,0.000000,17000,21000,21000,21000,21000,21000,21000,21000,21000,21000,21000,181,0,11000.0,11996.277758014872,898.882900015451,33988.98939997889,39652.02762430939
1789531948,40,GET,/api/annotate-carpark,0.000000,0.000000,17000,17000,17000,17000,17000,17000,17000,17000,17000,17000,17000,28,0,5000.0,9405.855835723092,898.882900015451,28209.080700064078,253382.9642857143
1789531948,40,GET,/api/find-carparks,0.900000,0.000000,17000,21000,21000,21000,21000,21000,21000,21000,21000,21000,21000,155,0,11000.0,12539.563264519787,3766.1854999605566,33988.98939997889,537.9096774193548
1789531948,40,,Aggregated,0.900000,0.000000,17000,21000,21000,21000,21000,21000,21000,21000,21000,21000,21000,183,0,11000.0,12060.088903829583,898.882900015451,33988.98939997889,39224.58469945355
1789531949,40,GET,/api/annotate-carpark,0.000000,0.000000,17000,17000,17000,17000,17000,17000,17000,17000,17000,17000,17000,28,0,5000.0,9405.855835723092,898.882900015451,28209.080700064078,253382.9642857143
1789531949,40,GET,/api/find-carparks,0.900000,0.000000,17000,21000,21000,21000,21000,21000,21000,21000,21000,21000,21000,155,0,11000.0,12539.563264519787,3766.1854999605566,33988.98939997889,537.9096774193548
1789531949,40,,Aggregated,0.900000,0.000000,17000,21000,21000,21000,21000,21000,21000,21000,21000,21000,21000,183,0,11000.0,12060.088903829583,898.882900015451,33988.98939997889,39224.58469945355
1789531950,40,GET,/api/annotate-carpark,0.000000,0.000000,0,0,0,0,0,0,0,0,0,0,0,28,0,5000.0,9405.855835723092,898.882900015451,28209.080700064078,253382.9642857143
1789531950,40,GET,/api/find-carparks,0.900000,0.000000,17000,21000,21000,21000,21000,21000,21000,21000,21000,21000,21000,155,0,11000.0,12539.563264519787,3766.1854999605566,33988.98939997889,537.9096774193548
1789531950,40,,Aggregated,0.900000,0.000000,17000,21000,21000,21000,21000,21000,21000,21000,21000,21000,21000,183,0,11000.0,12060.088903829583,898.882900015451,33988.98939997889,39224.58469945355
1789531951,40,GET,/api/annotate-carpark,0.000000,0.000000,0,0,0,0,0,0,0,0,0,0,0,28,0,5000.0,9405.855835723092,898.882900015451,28209.080700064078,253382.9642857143
1789531951,40,GET,/api/find-carparks,1.000000,0.000000,21000,21000,21000,21000,25000,25000,25000,25000,25000,25000,25000,157,0,11000.0,12647.440727391566,3766.1854999605566,33988.98939997889,537.891719745223
1789531951,40,,Aggregated,1.000000,0.000000,21000,21000,21000,21000,25000,25000,25000,25000,25000,25000,25000,185,0,11000.0,12156.822473517417,898.882900015451,33988.98939997889,38806.33513513514
1789531952,40,GET,/api/annotate-carpark,0.000000,0.000000,0,0,0,0,0,0,0,0,0,0,0,28,0,5000.0,9405.855835723092,898.882900015451,28209.080700064078,253382.9642857143
1789531952,40,GET,/api/find-carparks,0.900000,0.000000,21000,21000,21000,21000,23000,25000,25000,25000,25000,25000,25000,158,0,11000.0,12711.721089876351,3766.1854999605566,33988.98939997889,537.8544303797469
1789531952,40,,Aggregated,0.900000,0.000000,21000,21000,21000,21000,23000,25000,25000,25000,25000,25000,25000,186,0,11000.0,12214.063954842528,898.882900015451,33988.98939997889,38600.55913978495
1789531953,40,GET,/api/annotate-carpark,0.000000,0.000000,0,0,0,0,0,0,0,0,0,0,0,28,0,5000.0,9405.855835723092,898.882900015451,28209.080700064078,253382.9642857143
1789531953,40,GET,/api/find-carparks,0.800000,0.000000,21000,21000,21000,23000,25000,25000,25000,25000,25000,25000,25000,159,0,11000.0,12743.413277361366,3766.1854999605566,33988.98939997889,537.874213836478
1789531953,40,,Aggregated,0.800000,0.000000,21000,21000,21000,23000,25000,25000,25000,25000,25000,25000,25000,187,0,11000.0,12243.672056153497,898.882900015451,33988.98939997889,38397.0320855615
1789531954,40,GET,/api/annotate-carpark,0.000000,0.000000,0,0,0,0,0,0,0,0,0,0,0,28,0,5000.0,9405.855835723092,898.882900015451,28209.080700064078,253382.9642857143
1789531954,40,GET,/api/find-carparks,0.800000,0.000000,21000,21000,21000,23000,25000,25000,25000,25000,25000,25000,25000,159,0,11000.0,12743.413277361366,3766.1854999605566,33988.98939997889,537.874213836478
1789531954,40,,Aggregated,0.800000,0.000000,21000,21000,21000,23000,25000,25000,25000,25000,25000,25000,25000,187,0,11000.0,12243.672056153497,898.882900015451,33988.98939997889,38397.0320855615
1789531955,40,GET,/api/annotate-carpark,0.000000,0.000000,0,0,0,0,0,0,0,0,0,0,0,28,0,5000.0,9405.855835723092,898.882900015451,28209.080700064078,253382.9642857143
1789531955,40,GET,/api/find-carparks,0.900000,0.000000,21000,21000,23000,25000,25000,25000,25000,25000,25000,25000,25000,160,0,11000.0,12819.181138127897,3766.1854999605566,33988.98939997889,537.8875
1789531955,40,,Aggregated,0.900000,0.000000,21000,21000,23000,25000,25000,25000,25000,25000,25000,25000,25000,188,0,11000.0,12310.813539897394,898.882900015451,33988.98939997889,38195.664893617024
1789531956,40,GET,/api/annotate-carpark,0.000000,0.000000,0,0,0,0,0,0,0,0,0,0,0,28,0,5000.0,9405.855835723092,898.882900015451,28209.080700064078,253382.9642857143
1789531956,40,GET,/api/find-carparks,1.000000,0.000000,21000,22000,23000,25000,25000,25000,25000,25000,25000,25000,25000,161,0,11000.0,12873.585772673854,3766.1854999605566,33988.98939997889,537.9006211180124
1789531956,40,,Aggregated,1.000000,0.000000,21000,22000,23000,25000,25000,25000,25000,25000,25000,25000,25000,189,0,11000.0,12359.848004236705,898.882900015451,33988.98939997889,37996.42857142857
1789531957,40,GET,/api/annotate-carpark,0.000000,0.000000,0,0,0,0,0,0,0,0,0,0,0,28,0,5000.0,9405.855835723092,898.882900015451,28209.080700064078,253382.9642857143
1789531957,40,GET,/api/find-carparks,0.800000,0.000000,22000,23000,24000,25000,25000,25000,25000,25000,25000,25000,25000,163,0,11000.0,13001.290199389692,3766.1854999605566,33988.98939997889,537.9141104294479
1789531957,40,,Aggregated,0.800000,0.000000,22000,23000,24000,25000,25000,25000,25000,25000,25000,25000,25000,191,0,11000.0,12474.21081623438,898.882900015451,33988.98939997889,37604.20418848168
1789531958,40,GET,/api/annotate-carpark,0.000000,0.000000,0,0,0,0,0,0,0,0,0,0,0,29,0,5500.0,9931.571865526574,898.882900015451,28209.080700064078,253307.6551724138
1789531958,40,GET,/api/find-carparks,0.900000,0.000000,22000,23000,24000,25000,25000,25000,25000,25000,25000,25000,25000,163,0,11000.0,13001.290199389692,3766.1854999605566,33988.98939997889,537.9141104294479
1789531958,40,,Aggregated,0.900000,0.000000,22000,24000,25000,25000,25000,25000,25000,25000,25000,25000,25000,192,0,11000.0,12537.634826045783,898.882900015451,33988.98939997889,38716.677083333336
1789531959,40,GET,/api/annotate-carpark,0.000000,0.000000,25000,25000,25000,25000,25000,25000,25000,25000,25000,25000,25000,29,0,5500.0,9931.571865526574,898.882900015451,28209.080700064078,253307.6551724138
1789531959,40,GET,/api/find-carparks,0.900000,0.000000,23000,24000,25000,25000,25000,25000,25000,25000,25000,25000,25000,163,0,11000.0,13001.290199389692,3766.1854999605566,33988.98939997889,537.9141104294479
1789531959,40,,Aggregated,0.900000,0.000000,23000,24000,25000,25000,25000,25000,25000,25000,25000,25000,25000,192,0,11000.0,12537.634826045783,898.882900015451,33988.98939997889,38716.677083333336
1789531961,40,GET,/api/annotate-carpark,0.000000,0.000000,25000,25000,25000,25000,25000,25000,25000,25000,25000,25000,25000,29,0,5500.0,9931.571865526574,898.882900015451,28209.080700064078,253307.6551724138
1789531961,40,GET,/api/find-carparks,1.000000,0.000000,24000,25000,25000,25000,26000,26000,26000,26000,26000,26000,26000,165,0,11000.0,13152.874492125049,3766.1854999605566,33988.98939997889,537.9454545454546
1789531961,40,,Aggregated,1.000000,0.000000,24000,25000,25000,25000,26000,26000,26000,26000,26000,26000,26000,194,0,11000.0,12671.33956340672,898.882900015451,33988.98939997889,38323.10824742268
1789531962,40,GET,/api/annotate-carpark,0.100000,0.000000,25000,25000,25000,25000,25000,25000,25000,25000,25000,25000,25000,30,0,5500.0,10433.389230006529,898.882900015451,28209.080700064078,253087.46666666667
1789531962,40,GET,/api/find-carparks,0.800000,0.000000,24000,25000,25000,25000,26000,26000,26000,26000,26000,26000,26000,165,0,11000.0,13152.874492125049,3766.1854999605566,33988.98939997889,537.9454545454546
1789531962,40,,Aggregated,0.900000,0.000000,25000,25000,25000,25000,26000,26000,26000,26000,26000,26000,26000,195,0,11000.0,12734.492144106816,898.882900015451,33988.98939997889,39391.717948717946
1789531963,40,GET,/api/annotate-carpark,0.100000,0.000000,25000,25000,25000,25000,25000,25000,25000,25000,25000,25000,25000,30,0,5500.0,10433.389230006529,898.882900015451,28209.080700064078,253087.46666666667
1789531963,40,GET,/api/find-carparks,0.800000,0.000000,25000,25000,26000,26000,28000,28000,28000,28000,28000,28000,28000,167,0,11000.0,13315.639745512375,3766.1854999605566,33988.98939997889,537.9401197604791
1789531963,40,,Aggregated,0.900000,0.000000,25000,25000,26000,26000,26000,28000,28000,28000,28000,28000,28000,197,0,11000.0,12876.718347211992,898.882900015451,33988.98939997889,38997.25888324873
1789531964,40,GET,/api/annotate-carpark,0.100000,0.000000,25000,25000,28000,28000,28000,28000,28000,28000,28000,28000,28000,31,0,6900.0,10988.550764523567,898.882900015451,28209.080700064078,254213.32258064515
1789531964,40,GET,/api/find-carparks,1.000000,0.000000,25000,26000,26000,26000,28000,28000,28000,28000,28000,28000,28000,167,0,11000.0,13315.639745512375,3766.1854999605566,33988.98939997889,537.9401197604791
1789531964,40,,Aggregated,1.100000,0.000000,25000,26000,26000,26000,28000,28000,28000,28000,28000,28000,28000,198,0,11000.0,12951.297531317157,898.882900015451,33988.98939997889,40254.792929292926
1789531965,40,GET,/api/annotate-carpark,0.200000,0.000000,25000,25000,28000,28000,28000,28000,28000,28000,28000,28000,28000,31,0,6900.0,10988.550764523567,898.882900015451,28209.080700064078,254213.32258064515
1789531965,40,GET,/api/find-carparks,0.800000,0.000000,26000,26000,28000,28000,30000,30000,30000,30000,30000,30000,30000,168,0,11000.0,13416.64830476553,3766.1854999605566,33988.98939997889,537.8928571428571
1789531965,40,,Aggregated,1.000000,0.000000,25000,26000,28000,28000,28000,30000,30000,30000,30000,30000,30000,199,0,11000.0,13038.401954275574,898.882900015451,33988.98939997889,40055.17085427135
1789531966,40,GET,/api/annotate-carpark,0.200000,0.000000,25000,25000,28000,28000,28000,28000,28000,28000,28000,28000,28000,31,0,6900.0,10988.550764523567,898.882900015451,28209.080700064078,254213.32258064515
1789531966,40,GET,/api/find-carparks,0.900000,0.000000,26000,28000,29000,29000,30000,30000,30000,30000,30000,30000,30000,169,0,11000.0,13510.874224263905,3766.1854999605566,33988.98939997889,537.9230769230769
1789531966,40,,Aggregated,1.100000,0.000000,26000,28000,28000,28000,29000,30000,30000,30000,30000,30000,30000,200,0,11000.0,13119.914088004152,898.882900015451,33988.98939997889,39857.61
1789531967,40,GET,/api/annotate-carpark,0.300000,0.000000,25000,25000,28000,28000,28000,28000,28000,28000,28000,28000,28000,31,0,6900.0,10988.550764523567,898.882900015451,28209.080700064078,254213.32258064515
1789531967,40,GET,/api/find-carparks,0.800000,0.000000,26000,28000,29000,30000,30000,30000,30000,30000,30000,30000,30000,170,0,11000.0,13608.682990003625,3766.1854999605566,33988.98939997889,537.9411764705883
1789531967,40,,Aggregated,1.100000,0.000000,28000,28000,29000,30000,30000,30000,30000,30000,30000,30000,30000,201,0,11000.0,13204.582995029088,898.882900015451,33988.98939997889,39662.00497512438
1789531968,40,GET,/api/annotate-carpark,0.300000,0.000000,25000,25000,28000,28000,28000,28000,28000,28000,28000,28000,28000,31,0,6900.0,10988.550764523567,898.882900015451,28209.080700064078,254213.32258064515
1789531968,40,GET,/api/find-carparks,0.900000,0.000000,29000,30000,30000,30000,30000,30000,30000,30000,30000,30000,30000,171,0,12000.0,13702.788988308033,3766.1854999605566,33988.98939997889,537.9883040935673
1789531968,40,,Aggregated,1.200000,0.000000,28000,29000,30000,30000,30000,30000,30000,30000,30000,30000,30000,202,0,11000.0,13286.247478717349,898.882900015451,33988.98939997889,39468.36138613861
1789531969,40,GET,/api/annotate-carpark,0.300000,0.000000,28000,28000,28000,28000,28000,28000,28000,28000,28000,28000,28000,31,0,6900.0,10988.550764523567,898.882900015451,28209.080700064078,254213.32258064515
1789531969,40,GET,/api/find-carparks,0.900000,0.000000,29000,30000,30000,30000,30000,30000,30000,30000,30000,30000,30000,171,0,12000.0,13702.788988308033,3766.1854999605566,33988.98939997889,537.9883040935673
1789531969,40,,Aggregated,1.200000,0.000000,28000,29000,30000,30000,30000,30000,30000,30000,30000,30000,30000,202,0,11000.0,13286.247478717349,898.882900015451,33988.98939997889,39468.36138613861
1789531970,40,GET,/api/annotate-carpark,0.300000,0.000000,28000,28000,28000,28000,28000,28000,28000,28000,28000,28000,28000,31,0,6900.0,10988.550764523567,898.882900015451,28209.080700064078,254213.32258064515
1789531970,40,GET,/api/find-carparks,0.900000,0.000000,29000,30000,30000,30000,34000,34000,34000,34000,34000,34000,34000,172,0,12000.0,13819.395956980623,3766.1854999605566,33988.98939997889,537.9709302325581
1789531970,40,,Aggregated,1.200000,0.000000,29000,30000,30000,30000,34000,34000,34000,34000,34000,34000,34000,203,0,11000.0,13387.099400497033,898.882900015451,33988.98939997889,39276.57142857143
1789531971,40,GET,/api/annotate-carpark,0.200000,0.000000,28000,28000,28000,28000,28000,28000,28000,28000,28000,28000,28000,31,0,6900.0,10988.550764523567,898.882900015451,28209.080700064078,254213.32258064515
1789531971,40,GET,/api/find-carparks,0.800000,0.000000,30000,30000,34000,34000,34000,34000,34000,34000,34000,34000,34000,174,0,12000.0,14050.27926954422,3766.1854999605566,34006.858699955046,537.948275862069
1789531971,40,,Aggregated,1.000000,0.000000,30000,30000,34000,34000,34000,34000,34000,34000,34000,34000,34000,205,0,11000.0,13587.286178541097,898.882900015451,34006.858699955046,38898.61463414634
1789531972,40,GET,/api/annotate-carpark,0.200000,0.000000,34000,34000,34000,34000,34000,34000,34000,34000,34000,34000,34000,32,0,6900.0,11721.602043759049,898.882900015451,34446.19170005899,253914.84375
1789531972,40,GET,/api/find-carparks,0.800000,0.000000,30000,34000,34000,34000,34000,34000,34000,34000,34000,34000,34000,175,0,12000.0,14163.395843432683,3766.1854999605566,34006.858699955046,537.9085714285715
1789531972,40,,Aggregated,1.000000,0.000000,34000,34000,34000,34000,34000,34000,34000,34000,34000,34000,34000,207,0,11000.0,13785.920473434828,898.882900015451,34446.19170005899,39707.289855072464
1789531973,40,GET,/api/annotate-carpark,0.200000,0.000000,34000,34000,34000,34000,34000,34000,34000,34000,34000,34000,34000,32,0,6900.0,11721.602043759049,898.882900015451,34446.19170005899,253914.84375
1789531973,40,GET,/api/find-carparks,0.800000,0.000000,34000,34000,34000,34000,34000,34000,34000,34000,34000,34000,34000,175,0,12000.0,14163.395843432683,3766.1854999605566,34006.858699955046,537.9085714285715
1789531973,40,,Aggregated,1.000000,0.000000,34000,34000,34000,34000,34000,34000,34000,34000,34000,34000,34000,207,0,11000.0,13785.920473434828,898.882900015451,34446.19170005899,39707.289855072464
1789531974,40,GET,/api/annotate-carpark,0.200000,0.000000,34000,34000,34000,34000,34000,34000,34000,34000,34000,34000,34000,32,0,6900.0,11721.602043759049,898.882900015451,34446.19170005899,253914.84375
1789531974,40,GET,/api/find-carparks,0.800000,0.000000,34000,34000,34000,34000,38000,38000,38000,38000,38000,38000,38000,176,0,12000.0,14299.836817617523,3766.1854999605566,38177.007299964316,537.9034090909091
1789531974,40,,Aggregated,1.000000,0.000000,34000,34000,34000,34000,38000,38000,38000,38000,38000,38000,38000,208,0,11000.0,13903.185313946988,898.882900015451,38177.007299964316,39518.971153846156
1789531975,40,GET,/api/annotate-carpark,0.200000,0.000000,34000,34000,34000,34000,34000,34000,34000,34000,34000,34000,34000,32,0,6900.0,11721.602043759049,898.882900015451,34446.19170005899,253914.84375
1789531975,40,GET,/api/find-carparks,1.000000,0.000000,34000,34000,36000,36000,38000,38000,38000,38000,38000,38000,38000,177,0,12000.0,14420.766320907627,3766.1854999605566,38177.007299964316,537.8644067796611
1789531975,40,,Aggregated,1.200000,0.000000,34000,34000,34000,36000,38000,38000,38000,38000,38000,38000,38000,209,0,12000.0,14007.497149286792,898.882900015451,38177.007299964316,39332.425837320574
1789531976,40,GET,/api/annotate-carpark,0.200000,0.000000,31000,31000,34000,34000,34000,34000,34000,34000,34000,34000,34000,33,0,7000.0,12312.787518187455,898.882900015451,34446.19170005899,253992.21212121213
1789531976,40,GET,/api/find-carparks,0.800000,0.000000,34000,36000,38000,38000,38000,38000,38000,38000,38000,38000,38000,178,0,12000.0,14553.57190000359,3766.1854999605566,38177.007299964316,537.8651685393259
1789531976,40,,Aggregated,1.000000,0.000000,34000,34000,36000,38000,38000,38000,38000,38000,38000,38000,38000,211,0,12000.0,14203.117470620024,898.882900015451,38177.007299964316,40177.644549763034
1789531977,40,GET,/api/annotate-carpark,0.100000,0.000000,34000,34000,34000,34000,34000,34000,34000,34000,34000,34000,34000,33,0,7000.0,12312.787518187455,898.882900015451,34446.19170005899,253992.21212121213
1789531977,40,GET,/api/find-carparks,0.900000,0.000000,34000,36000,38000,38000,39000,39000,39000,39000,39000,39000,39000,179,0,12000.0,14689.451824584923,3766.1854999605566,38876.0784000624,537.8435754189944
1789531977,40,,Aggregated,1.000000,0.000000,34000,36000,38000,38000,38000,39000,39000,39000,39000,39000,39000,212,0,12000.0,14319.49936179664,898.882900015451,38876.0784000624,39990.6462264151
1789531978,40,GET,/api/annotate-carpark,0.200000,0.000000,34000,34000,34000,34000,34000,34000,34000,34000,34000,34000,34000,33,0,7000.0,12312.787518187455,898.882900015451,34446.19170005899,253992.21212121213
1789531978,40,GET,/api/find-carparks,0.900000,0.000000,36000,38000,38000,38000,39000,39000,39000,39000,39000,39000,39000,180,0,12000.0,14818.443450003784,3766.1854999605566,38876.0784000624,537.8555555555556
1789531978,40,,Aggregated,1.100000,0.000000,34000,38000,38000,38000,38000,39000,39000,39000,39000,39000,39000,213,0,12000.0,14430.24323521534,898.882900015451,38876.0784000624,39805.43192488263
1789531979,40,GET,/api/annotate-carpark,0.200000,0.000000,34000,34000,35000,35000,35000,35000,35000,35000,35000,35000,35000,34,0,7000.0,12967.652970592848,898.882900015451,34578.21289997082,253769.82352941178
1789531979,40,GET,/api/find-carparks,0.900000,0.000000,38000,38000,38000,38000,39000,39000,39000,39000,39000,39000,39000,180,0,12000.0,14818.443450003784,3766.1854999605566,38876.0784000624,537.8555555555556
1789531979,40,,Aggregated,1.100000,0.000000,35000,38000,38000,38000,38000,39000,39000,39000,39000,39000,39000,214,0,12000.0,14524.39262617214,898.882900015451,38876.0784000624,40770.97196261682
1789531980,40,GET,/api/annotate-carpark,0.200000,0.000000,34000,34000,35000,35000,35000,35000,35000,35000,35000,35000,35000,34,0,7000.0,12967.652970592848,898.882900015451,34578.21289997082,253769.82352941178
1789531980,40,GET,/api/find-carparks,0.800000,0.000000,38000,38000,38000,39000,42000,42000,42000,42000,42000,42000,42000,182,0,12000.0,15056.438104399853,3766.1854999605566,42446.079100016505,537.8076923076923
1789531980,40,,Aggregated,1.000000,0.000000,36000,38000,38000,38000,39000,42000,42000,42000,42000,42000,42000,216,0,12000.0,14727.647851856158,898.882900015451,42446.079100016505,40398.40277777778
1789531981,40,GET,/api/annotate-carpark,0.200000,0.000000,34000,34000,35000,35000,35000,35000,35000,35000,35000,35000,35000,34,0,7000.0,12967.652970592848,898.882900015451,34578.21289997082,253769.82352941178
1789531981,40,GET,/api/find-carparks,0.800000,0.000000,38000,38000,39000,39000,42000,42000,42000,42000,42000,42000,42000,183,0,12000.0,15187.113668856751,3766.1854999605566,42446.079100016505,537.8251366120219
1789531981,40,,Aggregated,1.000000,0.000000,36000,38000,38000,39000,39000,42000,42000,42000,42000,42000,42000,217,0,12000.0,14839.364066363789,898.882900015451,42446.079100016505,40214.72811059908
1789531982,40,GET,/api/annotate-carpark,0.200000,0.000000,34000,34000,35000,35000,35000,35000,35000,35000,35000,35000,35000,34,0,7000.0,12967.652970592848,898.882900015451,34578.21289997082,253769.82352941178
1789531982,40,GET,/api/find-carparks,0.800000,0.000000,38000,39000,39000,39000,42000,42000,42000,42000,42000,42000,42000,183,0,12000.0,15187.113668856751,3766.1854999605566,42446.079100016505,537.8251366120219
1789531982,40,,Aggregated,1.000000,0.000000,38000,38000,39000,39000,42000,42000,42000,42000,42000,42000,42000,217,0,12000.0,14839.364066363789,898.882900015451,42446.079100016505,40214.72811059908
1789531983,40,GET,/api/annotate-carpark,0.200000,0.000000,35000,35000,35000,35000,35000,35000,35000,35000,35000,35000,35000,34,0,7000.0,12967.652970592848,898.882900015451,34578.21289997082,253769.82352941178
1789531983,40,GET,/api/find-carparks,0.800000,0.000000,38000,39000,39000,39000,42000,42000,42000,42000,42000,42000,42000,183,0,12000.0,15187.113668856751,3766.1854999605566,42446.079100016505,537.8251366120219
1789531983,40,,Aggregated,1.000000,0.000000,38000,38000,39000,39000,42000,42000,42000,42000,42000,42000,42000,217,0,12000.0,14839.364066363789,898.882900015451,42446.079100016505,40214.72811059908
1789531984,40,GET,/api/annotate-carpark,0.300000,0.000000,35000,35000,35000,35000,35000,35000,35000,35000,35000,35000,35000,34,0,7000.0,12967.652970592848,898.882900015451,34578.21289997082,253769.82352941178
1789531984,40,GET,/api/find-carparks,1.000000,0.000000,38000,39000,39000,39000,42000,42000,42000,42000,42000,42000,42000,184,0,12000.0,15295.8763141347,3766.1854999605566,42446.079100016505,537.7826086956521
1789531984,40,,Aggregated,1.300000,0.000000,38000,38000,39000,39000,42000,42000,42000,42000,42000,42000,42000,218,0,12000.0,14932.758911930927,898.882900015451,42446.079100016505,40032.68807339449
1789531985,40,GET,/api/annotate-carpark,0.200000,0.000000,35000,35000,38000,38000,38000,38000,38000,38000,38000,38000,38000,35,0,7900.0,13682.2823057184,898.882900015451,37979.67969998717,253392.25714285715
1789531985,40,GET,/api/find-carparks,0.800000,0.000000,39000,39000,42000,42000,42000,42000,42000,42000,42000,42000,42000,186,0,12000.0,15516.512891939235,3766.1854999605566,42446.079100016505,537.7204301075269
1789531985,40,,Aggregated,1.000000,0.000000,38000,39000,39000,42000,42000,42000,42000,42000,42000,42000,42000,221,0,12000.0,15226.023885071681,898.882900015451,42446.079100016505,40582.55656108597
1789531986,40,GET,/api/annotate-carpark,0.200000,0.000000,35000,35000,38000,38000,38000,38000,38000,38000,38000,38000,38000,36,0,7900.0,14261.031072227828,898.882900015451,37979.67969998717,253167.44444444444
1789531986,40,GET,/api/find-carparks,0.800000,0.000000,39000,39000,40000,42000,42000,42000,42000,42000,42000,42000,42000,187,0,12000.0,15646.382610698947,3766.1854999605566,42446.079100016505,537.7005347593583
1789531986,40,,Aggregated,1.000000,0.000000,38000,39000,40000,40000,42000,42000,42000,42000,42000,42000,42000,223,0,12000.0,15422.738416147557,898.882900015451,42446.079100016505,41320.97757847534
1789531987,40,GET,/api/annotate-carpark,0.200000,0.000000,35000,35000,38000,38000,38000,38000,38000,38000,38000,38000,38000,36,0,7900.0,14261.031072227828,898.882900015451,37979.67969998717,253167.44444444444
1789531987,40,GET,/api/find-carparks,0.800000,0.000000,39000,40000,42000,42000,42000,42000,42000,42000,42000,42000,42000,187,0,12000.0,15646.382610698947,3766.1854999605566,42446.079100016505,537.7005347593583
1789531987,40,,Aggregated,1.000000,0.000000,38000,39000,40000,40000,42000,42000,42000,42000,42000,42000,42000,223,0,12000.0,15422.738416147557,898.882900015451,42446.079100016505,41320.97757847534
1789531988,40,GET,/api/annotate-carpark,0.200000,0.000000,35000,35000,38000,38000,38000,38000,38000,38000,38000,38000,38000,36,0,7900.0,14261.031072227828,898.882900015451,37979.67969998717,253167.44444444444
1789531988,40,GET,/api/find-carparks,0.900000,0.000000,39000,40000,42000,42000,42000,42000,42000,42000,42000,42000,42000,188,0,12000.0,15743.74798457807,3766.1854999605566,42446.079100016505,537.718085106383
1789531988,40,,Aggregated,1.100000,0.000000,38000,39000,40000,42000,42000,42000,42000,42000,42000,42000,42000,224,0,12000.0,15505.454195093209,898.882900015451,42446.079100016505,41138.924107142855
1789531989,40,GET,/api/annotate-carpark,0.300000,0.000000,35000,35000,38000,38000,38000,38000,38000,38000,38000,38000,38000,36,0,7900.0,14261.031072227828,898.882900015451,37979.67969998717,253167.44444444444
1789531989,40,GET,/api/find-carparks,0.800000,0.000000,35000,38000,39000,40000,42000,42000,42000,42000,42000,42000,42000,190,0,12000.0,15940.328520003362,3766.1854999605566,42446.079100016505,537.7526315789473
1789531989,40,,Aggregated,1.100000,0.000000,35000,38000,39000,39000,40000,42000,42000,42000,42000,42000,42000,226,0,12000.0,15672.829811508145,898.882900015451,42446.079100016505,40779.650442477876
1789531990,40,GET,/api/annotate-carpark,0.300000,0.000000,35000,35000,38000,38000,38000,38000,38000,38000,38000,38000,38000,37,0,11000.0,14625.03088108654,898.882900015451,37979.67969998717,252915.62162162163
1789531990,40,GET,/api/find-carparks,0.900000,0.000000,35000,38000,39000,40000,42000,42000,42000,42000,42000,42000,42000,191,0,12000.0,16040.73625864188,3766.1854999605566,42446.079100016505,537.6858638743455
1789531990,40,,Aggregated,1.200000,0.000000,35000,38000,38000,39000,40000,42000,42000,42000,42000,42000,42000,228,0,12000.0,15810.994596494742,898.882900015451,42446.079100016505,41493.754385964916
1789531991,40,GET,/api/annotate-carpark,0.300000,0.000000,35000,35000,38000,38000,38000,38000,38000,38000,38000,38000,38000,37,0,11000.0,14625.03088108654,898.882900015451,37979.67969998717,252915.62162162163
1789531991,40,GET,/api/find-carparks,0.900000,0.000000,35000,38000,40000,40000,42000,42000,42000,42000,42000,42000,42000,191,0,12000.0,16040.73625864188,3766.1854999605566,42446.079100016505,537.6858638743455
1789531991,40,,Aggregated,1.200000,0.000000,35000,38000,38000,38000,40000,42000,42000,42000,42000,42000,42000,228,0,12000.0,15810.994596494742,898.882900015451,42446.079100016505,41493.754385964916
1789531992,40,GET,/api/annotate-carpark,0.300000,0.000000,35000,35000,38000,38000,38000,38000,38000,38000,38000,38000,38000,37,0,11000.0,14625.03088108654,898.882900015451,37979.67969998717,252915.62162162163
1789531992,40,GET,/api/find-carparks,0.900000,0.000000,35000,38000,40000,40000,42000,42000,42000,42000,42000,42000,42000,191,0,12000.0,16040.73625864188,3766.1854999605566,42446.079100016505,537.6858638743455
1789531992,40,,Aggregated,1.200000,0.000000,35000,38000,38000,38000,40000,42000,42000,42000,42000,42000,42000,228,0,12000.0,15810.994596494742,898.882900015451,42446.079100016505,41493.754385964916
1789531993,40,GET,/api/annotate-carpark,0.300000,0.000000,35000,35000,38000,38000,38000,38000,38000,38000,38000,38000,38000,37,0,11000.0,14625.03088108654,898.882900015451,37979.67969998717,252915.62162162163
1789531993,40,GET,/api/find-carparks,0.900000,0.000000,35000,38000,38000,40000,42000,42000,42000,42000,42000,42000,42000,193,0,12000.0,16251.095461143408,3766.1854999605566,42446.079100016505,537.720207253886
1789531993,40,,Aggregated,1.200000,0.000000,35000,38000,38000,38000,40000,42000,42000,42000,42000,42000,42000,230,0,12000.0,15989.51115913426,898.882900015451,42446.079100016505,41137.64347826087
1789531994,40,GET,/api/annotate-carpark,0.300000,0.000000,35000,35000,38000,38000,38000,38000,38000,38000,38000,38000,38000,37,0,11000.0,14625.03088108654,898.882900015451,37979.67969998717,252915.62162162163
1789531994,40,GET,/api/find-carparks,0.800000,0.000000,35000,38000,38000,38000,40000,40000,40000,40000,40000,40000,40000,194,0,12000.0,16327.549880931572,3766.1854999605566,42446.079100016505,537.7061855670103
1789531994,40,,Aggregated,1.100000,0.000000,35000,38000,38000,38000,38000,40000,40000,40000,40000,40000,40000,231,0,12000.0,16054.852032471545,898.882900015451,42446.079100016505,40961.87445887446
1789531995,40,GET,/api/annotate-carpark,0.300000,0.000000,35000,35000,38000,38000,38000,38000,38000,38000,38000,38000,38000,37,0,11000.0,14625.03088108654,898.882900015451,37979.67969998717,252915.62162162163
1789531995,40,GET,/api/find-carparks,0.800000,0.000000,35000,35000,38000,38000,40000,40000,40000,40000,40000,40000,40000,195,0,12000.0,16423.54359231137,3766.1854999605566,42446.079100016505,537.7128205128205
1789531995,40,,Aggregated,1.100000,0.000000,35000,35000,38000,38000,38000,40000,40000,40000,40000,40000,40000,232,0,12000.0,16136.711823710859,898.882900015451,42446.079100016505,40787.637931034486
1789531996,40,GET,/api/annotate-carpark,0.300000,0.000000,35000,35000,38000,38000,38000,38000,38000,38000,38000,38000,38000,37,0,11000.0,14625.03088108654,898.882900015451,37979.67969998717,252915.62162162163
1789531996,40,GET,/api/find-carparks,0.800000,0.000000,35000,35000,38000,38000,38000,38000,38000,38000,38000,38000,38000,195,0,12000.0,16423.54359231137,3766.1854999605566,42446.079100016505,537.7128205128205
1789531996,40,,Aggregated,1.100000,0.000000,34000,35000,35000,38000,38000,38000,38000,38000,38000,38000,38000,232,0,12000.0,16136.711823710859,898.882900015451,42446.079100016505,40787.637931034486
1789531997,40,GET,/api/annotate-carpark,0.300000,0.000000,28000,28000,28000,28000,28000,28000,28000,28000,28000,28000,28000,37,0,11000.0,14625.03088108654,898.882900015451,37979.67969998717,252915.62162162163
1789531997,40,GET,/api/find-carparks,0.900000,0.000000,35000,35000,38000,38000,38000,38000,38000,38000,38000,38000,38000,197,0,12000.0,16624.201191374133,3766.1854999605566,42446.079100016505,537.730964467005
1789531997,40,,Aggregated,1.200000,0.000000,35000,35000,38000,38000,38000,38000,38000,38000,38000,38000,38000,234,0,12000.0,16308.093065388488,898.882900015451,42446.079100016505,40443.63675213675
1789531998,40,GET,/api/annotate-carpark,0.300000,0.000000,31000,31000,31000,31000,31000,31000,31000,31000,31000,31000,31000,38,0,11000.0,15047.017507898425,898.882900015451,37979.67969998717,252858.02631578947
1789531998,40,GET,/api/find-carparks,0.900000,0.000000,35000,35000,38000,38000,38000,38000,38000,38000,38000,38000,38000,197,0,12000.0,16624.201191374133,3766.1854999605566,42446.079100016505,537.730964467005
1789531998,40,,Aggregated,1.200000,0.000000,34000,35000,35000,38000,38000,38000,38000,38000,38000,38000,38000,235,0,12000.0,16369.167234046146,898.882900015451,42446.079100016505,41338.459574468085
1789531999,40,GET,/api/annotate-carpark,0.100000,0.000000,28000,28000,31000,31000,31000,31000,31000,31000,31000,31000,31000,39,0,13000.0,15372.561628207899,898.882900015451,37979.67969998717,253194.94871794872
1789531999,40,GET,/api/find-carparks,0.800000,0.000000,35000,35000,38000,38000,38000,38000,38000,38000,38000,38000,38000,199,0,12000.0,16805.106507541714,3766.1854999605566,42446.079100016505,537.7587939698492
1789531999,40,,Aggregated,0.900000,0.000000,34000,35000,38000,38000,38000,38000,38000,38000,38000,38000,38000,238,0,12000.0,16570.361758407184,898.882900015451,42446.079100016505,41939.56722689076
1789532000,40,GET,/api/annotate-carpark,0.200000,0.000000,28000,31000,35000,35000,36000,36000,36000,36000,36000,36000,36000,43,0,17000.0,16577.40095814116,898.882900015451,37979.67969998717,254050.13953488372
1789532000,40,GET,/api/find-carparks,0.900000,0.000000,35000,35000,38000,38000,38000,38000,38000,38000,38000,38000,38000,199,0,12000.0,16805.106507541714,3766.1854999605566,42446.079100016505,537.7587939698492
1789532000,40,,Aggregated,1.100000,0.000000,34000,35000,36000,38000,38000,38000,38000,38000,38000,38000,38000,242,0,13000.0,16764.646430582114,898.882900015451,42446.079100016505,45583.347107438014
1789532001,40,GET,/api/annotate-carpark,0.300000,0.000000,31000,32000,35000,35000,36000,36000,36000,36000,36000,36000,36000,44,0,17000.0,16917.523988639005,898.882900015451,37979.67969998717,255310.72727272726
1789532001,40,GET,/api/find-carparks,1.000000,0.000000,35000,38000,38000,38000,38000,38000,38000,38000,38000,38000,38000,199,0,12000.0,16805.106507541714,3766.1854999605566,42446.079100016505,537.7587939698492
1789532001,40,,Aggregated,1.300000,0.000000,34000,35000,36000,38000,38000,38000,38000,38000,38000,38000,38000,243,0,13000.0,16825.461936217765,898.882900015451,42446.079100016505,46669.489711934155
