Timestamp,User Count,Type,Name,Requests/s,Failures/s,50%,66%,75%,80%,90%,95%,98%,99%,99.9%,99.99%,100%,Total Request Count,Total Failure Count,Total Median Response Time,Total Average Response Time,Total Min Response Time,Total Max Response Time,Total Average Content Size
1789531369,0,,Aggregated,0.000000,0.000000,N/A,N/A,N/A,N/A,N/A,N/A,N/A,N/A,N/A,N/A,N/A,0,0,0,0.0,0,0,0
1789531370,5,,Aggregated,0.000000,0.000000,N/A,N/A,N/A,N/A,N/A,N/A,N/A,N/A,N/A,N/A,N/A,0,0,0,0.0,0,0,0
1789531371,5,,Aggregated,0.000000,0.000000,N/A,N/A,N/A,N/A,N/A,N/A,N/A,N/A,N/A,N/A,N/A,0,0,0,0.0,0,0,0
1789531372,5,,Aggregated,0.000000,0.000000,N/A,N/A,N/A,N/A,N/A,N/A,N/A,N/A,N/A,N/A,N/A,0,0,0,0.0,0,0,0
1789531373,5,,Aggregated,0.000000,0.000000,N/A,N/A,N/A,N/A,N/A,N/A,N/A,N/A,N/A,N/A,N/A,0,0,0,0.0,0,0,0
1789531374,5,,Aggregated,0.000000,0.000000,N/A,N/A,N/A,N/A,N/A,N/A,N/A,N/A,N/A,N/A,N/A,0,0,0,0.0,0,0,0
1789531375,5,,Aggregated,0.000000,0.000000,N/A,N/A,N/A,N/A,N/A,N/A,N/A,N/A,N/A,N/A,N/A,0,0,0,0.0,0,0,0
1789531376,5,,Aggregated,0.000000,0.000000,N/A,N/A,N/A,N/A,N/A,N/A,N/A,N/A,N/A,N/A,N/A,0,0,0,0.0,0,0,0
1789531377,5,,Aggregated,0.000000,0.000000,N/A,N/A,N/A,N/A,N/A,N/A,N/A,N/A,N/A,N/A,N/A,0,0,0,0.0,0,0,0
1789531378,5,GET,/api/find-carparks,0.000000,0.000000,0,0,0,0,0,0,0,0,0,0,0,1,0,8786.343999905512,8786.343999905512,8786.343999905512,8786.343999905512,531.0
1789531378,5,,Aggregated,0.000000,0.000000,8800,8800,8800,8800,8800,8800,8800,8800,8800,8800,8800,1,0,8786.343999905512,8786.343999905512,8786.343999905512,8786.343999905512,531.0
1789531379,5,GET,/api/find-carparks,0.000000,0.000000,0,0,0,0,0,0,0,0,0,0,0,1,0,8786.343999905512,8786.343999905512,8786.343999905512,8786.343999905512,531.0
1789531379,5,,Aggregated,0.000000,0.000000,8800,8800,8800,8800,8800,8800,8800,8800,8800,8800,8800,1,0,8786.343999905512,8786.343999905512,8786.343999905512,8786.343999905512,531.0
1789531380,5,GET,/api/find-carparks,0.000000,0.000000,8800,8800,8800,8800,8800,8800,8800,8800,8800,8800,8800,1,0,8786.343999905512,8786.343999905512,8786.343999905512,8786.343999905512,531.0
1789531380,5,,Aggregated,0.000000,0.000000,8800,8800,8800,8800,8800,8800,8800,8800,8800,8800,8800,1,0,8786.343999905512,8786.343999905512,8786.343999905512,8786.343999905512,531.0
1789531381,5,GET,/api/find-carparks,0.000000,0.000000,8800,8800,8800,8800,8800,8800,8800,8800,8800,8800,8800,1,0,8786.343999905512,8786.343999905512,8786.343999905512,8786.343999905512,531.0
1789531381,5,,Aggregated,0.000000,0.000000,8800,8800,8800,8800,8800,8800,8800,8800,8800,8800,8800,1,0,8786.343999905512,8786.343999905512,8786.343999905512,8786.343999905512,531.0
1789531382,5,GET,/api/find-carparks,0.000000,0.000000,8800,8800,8800,8800,8800,8800,8800,8800,8800,8800,8800,1,0,8786.343999905512,8786.343999905512,8786.343999905512,8786.343999905512,531.0
1789531382,5,,Aggregated,0.000000,0.000000,8800,8800,8800,8800,8800,8800,8800,8800,8800,8800,8800,1,0,8786.343999905512,8786.343999905512,8786.343999905512,8786.343999905512,531.0
1789531383,5,GET,/api/find-carparks,0.100000,0.000000,14000,14000,14000,14000,14000,14000,14000,14000,14000,14000,14000,2,0,8800.0,11188.018999935593,8786.343999905512,13589.693999965675,533.0
1789531383,5,,Aggregated,0.100000,0.000000,14000,14000,14000,14000,14000,14000,14000,14000,14000,14000,14000,2,0,8800.0,11188.018999935593,8786.343999905512,13589.693999965675,533.0
1789531384,5,GET,/api/find-carparks,0.100000,0.000000,14000,14000,14000,14000,14000,14000,14000,14000,14000,14000,14000,2,0,8800.0,11188.018999935593,8786.343999905512,13589.693999965675,533.0
1789531384,5,,Aggregated,0.100000,0.000000,14000,14000,14000,14000,14000,14000,14000,14000,14000,14000,14000,2,0,8800.0,11188.018999935593,8786.343999905512,13589.693999965675,533.0
1789531385,5,GET,/api/find-carparks,0.100000,0.000000,14000,14000,14000,14000,14000,14000,14000,14000,14000,14000,14000,2,0,8800.0,11188.018999935593,8786.343999905512,13589.693999965675,533.0
1789531385,5,,Aggregated,0.100000,0.000000,14000,14000,14000,14000,14000,14000,14000,14000,14000,14000,14000,2,0,8800.0,11188.018999935593,8786.343999905512,13589.693999965675,533.0
1789531386,5,GET,/api/find-carparks,0.100000,0.000000,14000,14000,14000,14000,14000,14000,14000,14000,14000,14000,14000,2,0,8800.0,11188.018999935593,8786.343999905512,13589.693999965675,533.0
1789531386,5,,Aggregated,0.100000,0.000000,14000,14000,14000,14000,14000,14000,14000,14000,14000,14000,14000,2,0,8800.0,11188.018999935593,8786.343999905512,13589.693999965675,533.0
1789531387,5,GET,/api/find-carparks,0.100000,0.000000,14000,14000,14000,14000,14000,14000,14000,14000,14000,14000,14000,2,0,8800.0,11188.018999935593,8786.343999905512,13589.693999965675,533.0
1789531387,5,,Aggregated,0.100000,0.000000,14000,14000,14000,14000,14000,14000,14000,14000,14000,14000,14000,2,0,8800.0,11188.018999935593,8786.343999905512,13589.693999965675,533.0
1789531388,5,GET,/api/find-carparks,0.200000,0.000000,14000,14000,19000,19000,19000,19000,19000,19000,19000,19000,19000,3,0,14000.0,13756.143899944922,8786.343999905512,18892.393699963577,536.0
1789531388,5,,Aggregated,0.200000,0.000000,19000,19000,19000,19000,19000,19000,19000,19000,19000,19000,19000,3,0,14000.0,13756.143899944922,8786.343999905512,18892.393699963577,536.0
1789531389,5,GET,/api/find-carparks,0.200000,0.000000,14000,14000,19000,19000,19000,19000,19000,19000,19000,19000,19000,3,0,14000.0,13756.143899944922,8786.343999905512,18892.393699963577,536.0
1789531389,5,,Aggregated,0.200000,0.000000,19000,19000,19000,19000,19000,19000,19000,19000,19000,19000,19000,3,0,14000.0,13756.143899944922,8786.343999905512,18892.393699963577,536.0
1789531390,5,GET,/api/find-carparks,0.200000,0.000000,14000,14000,19000,19000,19000,19000,19000,19000,19000,19000,19000,3,0,14000.0,13756.143899944922,8786.343999905512,18892.393699963577,536.0
1789531390,5,,Aggregated,0.200000,0.000000,19000,19000,19000,19000,19000,19000,19000,19000,19000,19000,19000,3,0,14000.0,13756.143899944922,8786.343999905512,18892.393699963577,536.0
1789531391,5,GET,/api/find-carparks,0.200000,0.000000,19000,19000,19000,19000,19000,19000,19000,19000,19000,19000,19000,3,0,14000.0,13756.143899944922,8786.343999905512,18892.393699963577,536.0
1789531391,5,,Aggregated,0.200000,0.000000,19000,19000,19000,19000,19000,19000,19000,19000,19000,19000,19000,3,0,14000.0,13756.143899944922,8786.343999905512,18892.393699963577,536.0
1789531392,5,GET,/api/find-carparks,0.200000,0.000000,19000,19000,19000,19000,19000,19000,19000,19000,19000,19000,19000,3,0,14000.0,13756.143899944922,8786.343999905512,18892.393699963577,536.0
1789531392,5,,Aggregated,0.200000,0.000000,19000,19000,19000,19000,19000,19000,19000,19000,19000,19000,19000,3,0,14000.0,13756.143899944922,8786.343999905512,18892.393699963577,536.0
1789531393,5,GET,/api/find-carparks,0.200000,0.000000,14000,14000,19000,19000,19000,19000,19000,19000,19000,19000,19000,4,0,12000.0,13424.777474952862,8786.343999905512,18892.393699963577,537.0
1789531393,5,,Aggregated,0.200000,0.000000,14000,14000,19000,19000,19000,19000,19000,19000,19000,19000,19000,4,0,12000.0,13424.777474952862,8786.343999905512,18892.393699963577,537.0
1789531394,5,GET,/api/annotate-carpark,0.000000,0.000000,0,0,0,0,0,0,0,0,0,0,0,1,0,9936.343299923465,9936.343299923465,9936.343299923465,9936.343299923465,285074.0
1789531394,5,GET,/api/find-carparks,0.200000,0.000000,14000,14000,19000,19000,19000,19000,19000,19000,19000,19000,19000,4,0,12000.0,13424.777474952862,8786.343999905512,18892.393699963577,537.0
1789531394,5,,Aggregated,0.200000,0.000000,14000,14000,19000,19000,19000,19000,19000,19000,19000,19000,19000,5,0,12000.0,12727.090639946982,8786.343999905512,18892.393699963577,57444.4
1789531395,5,GET,/api/annotate-carpark,0.000000,0.000000,0,0,0,0,0,0,0,0,0,0,0,1,0,9936.343299923465,9936.343299923465,9936.343299923465,9936.343299923465,285074.0
1789531395,5,GET,/api/find-carparks,0.200000,0.000000,19000,19000,19000,19000,19000,19000,19000,19000,19000,19000,19000,4,0,12000.0,13424.777474952862,8786.343999905512,18892.393699963577,537.0
1789531395,5,,Aggregated,0.200000,0.000000,12000,12000,19000,19000,19000,19000,19000,19000,19000,19000,19000,5,0,12000.0,12727.090639946982,8786.343999905512,18892.393699963577,57444.4
1789531396,5,GET,/api/annotate-carpark,0.000000,0.000000,9900,9900,9900,9900,9900,9900,9900,9900,9900,9900,9900,1,0,9936.343299923465,9936.343299923465,9936.343299923465,9936.343299923465,285074.0
1789531396,5,GET,/api/find-carparks,0.200000,0.000000,19000,19000,19000,19000,19000,19000,19000,19000,19000,19000,19000,4,0,12000.0,13424.777474952862,8786.343999905512,18892.393699963577,537.0
1789531396,5,,Aggregated,0.200000,0.000000,12000,12000,19000,19000,19000,19000,19000,19000,19000,19000,19000,5,0,12000.0,12727.090639946982,8786.343999905512,18892.393699963577,57444.4
1789531397,5,GET,/api/annotate-carpark,0.000000,0.000000,9900,9900,9900,9900,9900,9900,9900,9900,9900,9900,9900,1,0,9936.343299923465,9936.343299923465,9936.343299923465,9936.343299923465,285074.0
1789531397,5,GET,/api/find-carparks,0.200000,0.000000,19000,19000,19000,19000,19000,19000,19000,19000,19000,19000,19000,4,0,12000.0,13424.777474952862,8786.343999905512,18892.393699963577,537.0
1789531397,5,,Aggregated,0.200000,0.000000,12000,12000,19000,19000,19000,19000,19000,19000,19000,19000,19000,5,0,12000.0,12727.090639946982,8786.343999905512,18892.393699963577,57444.4
1789531398,5,GET,/api/annotate-carpark,0.100000,0.000000,9900,9900,9900,9900,9900,9900,9900,9900,9900,9900,9900,1,0,9936.343299923465,9936.343299923465,9936.343299923465,9936.343299923465,285074.0
1789531398,5,GET,/api/find-carparks,0.200000,0.000000,12000,12000,19000,19000,19000,19000,19000,19000,19000,19000,19000,5,0,12000.0,12410.932879964821,8355.554500012659,18892.393699963577,535.0
1789531398,5,,Aggregated,0.300000,0.000000,12000,12000,19000,19000,19000,19000,19000,19000,19000,19000,19000,6,0,9900.0,11998.501283291262,8355.554500012659,18892.393699963577,47958.166666666664
1789531399,5,GET,/api/annotate-carpark,0.100000,0.000000,9900,9900,9900,9900,9900,9900,9900,9900,9900,9900,9900,1,0,9936.343299923465,9936.343299923465,9936.343299923465,9936.343299923465,285074.0
1789531399,5,GET,/api/find-carparks,0.200000,0.000000,12000,12000,19000,19000,19000,19000,19000,19000,19000,19000,19000,5,0,12000.0,12410.932879964821,8355.554500012659,18892.393699963577,535.0
1789531399,5,,Aggregated,0.300000,0.000000,12000,12000,19000,19000,19000,19000,19000,19000,19000,19000,19000,6,0,9900.0,11998.501283291262,8355.554500012659,18892.393699963577,47958.166666666664
1789531400,5,GET,/api/annotate-carpark,0.100000,0.000000,9900,9900,9900,9900,9900,9900,9900,9900,9900,9900,9900,1,0,9936.343299923465,9936.343299923465,9936.343299923465,9936.343299923465,285074.0
1789531400,5,GET,/api/find-carparks,0.200000,0.000000,12000,12000,12000,12000,12000,12000,12000,12000,12000,12000,12000,5,0,12000.0,12410.932879964821,8355.554500012659,18892.393699963577,535.0
1789531400,5,,Aggregated,0.300000,0.000000,9900,9900,12000,12000,12000,12000,12000,12000,12000,12000,12000,6,0,9900.0,11998.501283291262,8355.554500012659,18892.393699963577,47958.166666666664
1789531401,5,GET,/api/annotate-carpark,0.100000,0.000000,9900,9900,9900,9900,9900,9900,9900,9900,9900,9900,9900,1,0,9936.343299923465,9936.343299923465,9936.343299923465,9936.343299923465,285074.0
1789531401,5,GET,/api/find-carparks,0.200000,0.000000,12000,12000,12000,12000,12000,12000,12000,12000,12000,12000,12000,5,0,12000.0,12410.932879964821,8355.554500012659,18892.393699963577,535.0
1789531401,5,,Aggregated,0.300000,0.000000,9900,9900,12000,12000,12000,12000,12000,12000,12000,12000,12000,6,0,9900.0,11998.501283291262,8355.554500012659,18892.393699963577,47958.166666666664
1789531402,5,GET,/api/annotate-carpark,0.100000,0.000000,9900,9900,9900,9900,9900,9900,9900,9900,9900,9900,9900,1,0,9936.343299923465,9936.343299923465,9936.343299923465,9936.343299923465,285074.0
1789531402,5,GET,/api/find-carparks,0.200000,0.000000,12000,12000,12000,12000,12000,12000,12000,12000,12000,12000,12000,5,0,12000.0,12410.932879964821,8355.554500012659,18892.393699963577,535.0
1789531402,5,,Aggregated,0.300000,0.000000,9900,9900,12000,12000,12000,12000,12000,12000,12000,12000,12000,6,0,9900.0,11998.501283291262,8355.554500012659,18892.393699963577,47958.166666666664
1789531403,5,GET,/api/annotate-carpark,0.100000,0.000000,9900,9900,9900,9900,9900,9900,9900,9900,9900,9900,9900,1,0,9936.343299923465,9936.343299923465,9936.343299923465,9936.343299923465,285074.0
1789531403,5,GET,/api/find-carparks,0.200000,0.000000,8400,8400,12000,12000,12000,12000,12000,12000,12000,12000,12000,6,0,8800.0,11603.385849972256,7565.650700009428,18892.393699963577,536.8333333333334
1789531403,5,,Aggregated,0.300000,0.000000,8400,8400,9900,9900,9900,9900,9900,9900,9900,9900,9900,7,0,9900.0,11365.236914251,7565.650700009428,18892.393699963577,41185.0
1789531404,5,GET,/api/annotate-carpark,0.100000,0.000000,9900,9900,9900,9900,9900,9900,9900,9900,9900,9900,9900,1,0,9936.343299923465,9936.343299923465,9936.343299923465,9936.343299923465,285074.0
1789531404,5,GET,/api/find-carparks,0.200000,0.000000,8400,8400,12000,12000,12000,12000,12000,12000,12000,12000,12000,6,0,8800.0,11603.385849972256,7565.650700009428,18892.393699963577,536.8333333333334
1789531404,5,,Aggregated,0.300000,0.000000,8400,8400,9900,9900,9900,9900,9900,9900,9900,9900,9900,7,0,9900.0,11365.236914251,7565.650700009428,18892.393699963577,41185.0
1789531405,5,GET,/api/annotate-carpark,0.100000,0.000000,9900,9900,9900,9900,9900,9900,9900,9900,9900,9900,9900,1,0,9936.343299923465,9936.343299923465,9936.343299923465,9936.343299923465,285074.0
1789531405,5,GET,/api/find-carparks,0.200000,0.000000,8400,8400,8400,8400,8400,8400,8400,8400,8400,8400,8400,6,0,8800.0,11603.385849972256,7565.650700009428,18892.393699963577,536.8333333333334
1789531405,5,,Aggregated,0.300000,0.000000,8400,8400,9900,9900,9900,9900,9900,9900,9900,9900,9900,7,0,9900.0,11365.236914251,7565.650700009428,18892.393699963577,41185.0
1789531406,5,GET,/api/annotate-carpark,0.100000,0.000000,9900,9900,9900,9900,9900,9900,9900,9900,9900,9900,9900,1,0,9936.343299923465,9936.343299923465,9936.343299923465,9936.343299923465,285074.0
1789531406,5,GET,/api/find-carparks,0.200000,0.000000,8400,8400,8400,8400,8400,8400,8400,8400,8400,8400,8400,6,0,8800.0,11603.385849972256,7565.650700009428,18892.393699963577,536.8333333333334
1789531406,5,,Aggregated,0.300000,0.000000,8400,8400,8400,8400,8400,8400,8400,8400,8400,8400,8400,7,0,9900.0,11365.236914251,7565.650700009428,18892.393699963577,41185.0
1789531407,5,GET,/api/annotate-carpark,0.100000,0.000000,9900,9900,9900,9900,9900,9900,9900,9900,9900,9900,9900,1,0,9936.343299923465,9936.343299923465,9936.343299923465,9936.343299923465,285074.0
1789531407,5,GET,/api/find-carparks,0.200000,0.000000,8400,8400,8400,8400,8400,8400,8400,8400,8400,8400,8400,6,0,8800.0,11603.385849972256,7565.650700009428,18892.393699963577,536.8333333333334
1789531407,5,,Aggregated,0.300000,0.000000,8400,8400,8400,8400,8400,8400,8400,8400,8400,8400,8400,7,0,9900.0,11365.236914251,7565.650700009428,18892.393699963577,41185.0
1789531408,5,GET,/api/annotate-carpark,0.000000,0.000000,9900,9900,9900,9900,9900,9900,9900,9900,9900,9900,9900,1,0,9936.343299923465,9936.343299923465,9936.343299923465,9936.343299923465,285074.0
1789531408,5,GET,/api/find-carparks,0.200000,0.000000,8400,8400,12000,12000,12000,12000,12000,12000,12000,12000,12000,7,0,12000.0,11627.821799983005,7565.650700009428,18892.393699963577,536.2857142857143
1789531408,5,,Aggregated,0.200000,0.000000,8400,8400,12000,12000,12000,12000,12000,12000,12000,12000,12000,8,0,9900.0,11416.386987475562,7565.650700009428,18892.393699963577,36103.5
1789531409,5,GET,/api/annotate-carpark,0.000000,0.000000,9900,9900,9900,9900,9900,9900,9900,9900,9900,9900,9900,1,0,9936.343299923465,9936.343299923465,9936.343299923465,9936.343299923465,285074.0
1789531409,5,GET,/api/find-carparks,0.200000,0.000000,8400,8400,12000,12000,12000,12000,12000,12000,12000,12000,12000,7,0,12000.0,11627.821799983005,7565.650700009428,18892.393699963577,536.2857142857143
1789531409,5,,Aggregated,0.200000,0.000000,8400,8400,12000,12000,12000,12000,12000,12000,12000,12000,12000,8,0,9900.0,11416.386987475562,7565.650700009428,18892.393699963577,36103.5
1789531410,5,GET,/api/annotate-carpark,0.000000,0.000000,9900,9900,9900,9900,9900,9900,9900,9900,9900,9900,9900,1,0,9936.343299923465,9936.343299923465,9936.343299923465,9936.343299923465,285074.0
1789531410,5,GET,/api/find-carparks,0.200000,0.000000,12000,12000,12000,12000,12000,12000,12000,12000,12000,12000,12000,7,0,12000.0,11627.821799983005,7565.650700009428,18892.393699963577,536.2857142857143
1789531410,5,,Aggregated,0.200000,0.000000,12000,12000,12000,12000,12000,12000,12000,12000,12000,12000,12000,8,0,9900.0,11416.386987475562,7565.650700009428,18892.393699963577,36103.5
1789531411,5,GET,/api/annotate-carpark,0.000000,0.000000,9900,9900,9900,9900,9900,9900,9900,9900,9900,9900,9900,1,0,9936.343299923465,9936.343299923465,9936.343299923465,9936.343299923465,285074.0
1789531411,5,GET,/api/find-carparks,0.200000,0.000000,12000,12000,12000,12000,12000,12000,12000,12000,12000,12000,12000,7,0,12000.0,11627.821799983005,7565.650700009428,18892.393699963577,536.2857142857143
1789531411,5,,Aggregated,0.200000,0.000000,12000,12000,12000,12000,12000,12000,12000,12000,12000,12000,12000,8,0,9900.0,11416.386987475562,7565.650700009428,18892.393699963577,36103.5
1789531412,5,GET,/api/annotate-carpark,0.000000,0.000000,9900,9900,9900,9900,9900,9900,9900,9900,9900,9900,9900,1,0,9936.343299923465,9936.343299923465,9936.343299923465,9936.343299923465,285074.0
1789531412,5,GET,/api/find-carparks,0.200000,0.000000,12000,12000,12000,12000,12000,12000,12000,12000,12000,12000,12000,7,0,12000.0,11627.821799983005,7565.650700009428,18892.393699963577,536.2857142857143
1789531412,5,,Aggregated,0.200000,0.000000,12000,12000,12000,12000,12000,12000,12000,12000,12000,12000,12000,8,0,9900.0,11416.386987475562,7565.650700009428,18892.393699963577,36103.5
1789531413,5,GET,/api/annotate-carpark,0.000000,0.000000,0,0,0,0,0,0,0,0,0,0,0,1,0,9936.343299923465,9936.343299923465,9936.343299923465,9936.343299923465,285074.0
1789531413,5,GET,/api/find-carparks,0.200000,0.000000,12000,12000,13000,13000,13000,13000,13000,13000,13000,13000,13000,8,0,12000.0,11795.05829999107,7565.650700009428,18892.393699963577,537.5
1789531413,5,,Aggregated,0.200000,0.000000,12000,12000,13000,13000,13000,13000,13000,13000,13000,13000,13000,9,0,12000.0,11588.534411094668,7565.650700009428,18892.393699963577,32152.666666666668
1789531415,5,GET,/api/annotate-carpark,0.000000,0.000000,8000,8000,8000,8000,8000,8000,8000,8000,8000,8000,8000,2,0,8036.237899912521,8986.290599917993,8036.237899912521,9936.343299923465,290391.5
1789531415,5,GET,/api/find-carparks,0.200000,0.000000,13000,13000,13000,13000,13000,13000,13000,13000,13000,13000,13000,8,0,12000.0,11795.05829999107,7565.650700009428,18892.393699963577,537.5
1789531415,5,,Aggregated,0.200000,0.000000,12000,12000,13000,13000,13000,13000,13000,13000,13000,13000,13000,10,0,9900.0,11233.304759976454,7565.650700009428,18892.393699963577,58508.3
1789531416,5,GET,/api/annotate-carpark,0.000000,0.000000,8000,8000,8000,8000,8000,8000,8000,8000,8000,8000,8000,2,0,8036.237899912521,8986.290599917993,8036.237899912521,9936.343299923465,290391.5
1789531416,5,GET,/api/find-carparks,0.200000,0.000000,13000,13000,13000,13000,13000,13000,13000,13000,13000,13000,13000,8,0,12000.0,11795.05829999107,7565.650700009428,18892.393699963577,537.5
1789531416,5,,Aggregated,0.200000,0.000000,12000,12000,13000,13000,13000,13000,13000,13000,13000,13000,13000,10,0,9900.0,11233.304759976454,7565.650700009428,18892.393699963577,58508.3
1789531417,5,GET,/api/annotate-carpark,0.000000,0.000000,8000,8000,8000,8000,8000,8000,8000,8000,8000,8000,8000,2,0,8036.237899912521,8986.290599917993,8036.237899912521,9936.343299923465,290391.5
1789531417,5,GET,/api/find-carparks,0.200000,0.000000,13000,13000,13000,13000,13000,13000,13000,13000,13000,13000,13000,8,0,12000.0,11795.05829999107,7565.650700009428,18892.393699963577,537.5
1789531417,5,,Aggregated,0.200000,0.000000,12000,12000,13000,13000,13000,13000,13000,13000,13000,13000,13000,10,0,9900.0,11233.304759976454,7565.650700009428,18892.393699963577,58508.3
1789531418,5,GET,/api/annotate-carpark,0.000000,0.000000,8000,8000,8000,8000,8000,8000,8000,8000,8000,8000,8000,2,0,8036.237899912521,8986.290599917993,8036.237899912521,9936.343299923465,290391.5
1789531418,5,GET,/api/find-carparks,0.200000,0.000000,13000,13000,13000,13000,13000,13000,13000,13000,13000,13000,13000,8,0,12000.0,11795.05829999107,7565.650700009428,18892.393699963577,537.5
1789531418,5,,Aggregated,0.200000,0.000000,12000,12000,13000,13000,13000,13000,13000,13000,13000,13000,13000,10,0,9900.0,11233.304759976454,7565.650700009428,18892.393699963577,58508.3
1789531419,5,GET,/api/annotate-carpark,0.100000,0.000000,8000,8000,8000,8000,8000,8000,8000,8000,8000,8000,8000,2,0,8036.237899912521,8986.290599917993,8036.237899912521,9936.343299923465,290391.5
1789531419,5,GET,/api/find-carparks,0.200000,0.000000,12000,12000,13000,13000,13000,13000,13000,13000,13000,13000,13000,9,0,12000.0,11504.306755546066,7565.650700009428,18892.393699963577,537.7777777777778
1789531419,5,,Aggregated,0.300000,0.000000,12000,12000,13000,13000,13000,13000,13000,13000,13000,13000,13000,11,0,9900.0,11046.485636340962,7565.650700009428,18892.393699963577,53238.454545454544
1789531420,5,GET,/api/annotate-carpark,0.100000,0.000000,8000,8000,8000,8000,8000,8000,8000,8000,8000,8000,8000,2,0,8036.237899912521,8986.290599917993,8036.237899912521,9936.343299923465,290391.5
1789531420,5,GET,/api/find-carparks,0.200000,0.000000,13000,13000,13000,13000,13000,13000,13000,13000,13000,13000,13000,9,0,12000.0,11504.306755546066,7565.650700009428,18892.393699963577,537.7777777777778
1789531420,5,,Aggregated,0.300000,0.000000,9200,9200,13000,13000,13000,13000,13000,13000,13000,13000,13000,11,0,9900.0,11046.485636340962,7565.650700009428,18892.393699963577,53238.454545454544
1789531421,5,GET,/api/annotate-carpark,0.100000,0.000000,8000,8000,8000,8000,8000,8000,8000,8000,8000,8000,8000,2,0,8036.237899912521,8986.290599917993,8036.237899912521,9936.343299923465,290391.5
1789531421,5,GET,/api/find-carparks,0.200000,0.000000,13000,13000,13000,13000,13000,13000,13000,13000,13000,13000,13000,9,0,12000.0,11504.306755546066,7565.650700009428,18892.393699963577,537.7777777777778
1789531421,5,,Aggregated,0.300000,0.000000,9200,9200,13000,13000,13000,13000,13000,13000,13000,13000,13000,11,0,9900.0,11046.485636340962,7565.650700009428,18892.393699963577,53238.454545454544
1789531422,5,GET,/api/annotate-carpark,0.100000,0.000000,8000,8000,8000,8000,8000,8000,8000,8000,8000,8000,8000,2,0,8036.237899912521,8986.290599917993,8036.237899912521,9936.343299923465,290391.5
1789531422,5,GET,/api/find-carparks,0.200000,0.000000,13000,13000,13000,13000,13000,13000,13000,13000,13000,13000,13000,9,0,12000.0,11504.306755546066,7565.650700009428,18892.393699963577,537.7777777777778
1789531422,5,,Aggregated,0.300000,0.000000,9200,9200,13000,13000,13000,13000,13000,13000,13000,13000,13000,11,0,9900.0,11046.485636340962,7565.650700009428,18892.393699963577,53238.454545454544
1789531423,5,GET,/api/annotate-carpark,0.100000,0.000000,8000,8000,8000,8000,8000,8000,8000,8000,8000,8000,8000,2,0,8036.237899912521,8986.290599917993,8036.237899912521,9936.343299923465,290391.5
1789531423,5,GET,/api/find-carparks,0.200000,0.000000,13000,13000,13000,13000,13000,13000,13000,13000,13000,13000,13000,9,0,12000.0,11504.306755546066,7565.650700009428,18892.393699963577,537.7777777777778
1789531423,5,,Aggregated,0.300000,0.000000,9200,9200,9200,9200,9200,9200,9200,9200,9200,9200,9200,11,0,9900.0,11046.485636340962,7565.650700009428,18892.393699963577,53238.454545454544
1789531424,5,GET,/api/annotate-carpark,0.100000,0.000000,8000,8000,8000,8000,8000,8000,8000,8000,8000,8000,8000,2,0,8036.237899912521,8986.290599917993,8036.237899912521,9936.343299923465,290391.5
1789531424,5,GET,/api/find-carparks,0.200000,0.000000,9200,9200,13000,13000,13000,13000,13000,13000,13000,13000,13000,10,0,9200.0,11259.424499992747,7565.650700009428,18892.393699963577,537.0
1789531424,5,,Aggregated,0.300000,0.000000,9100,9100,9200,9200,9200,9200,9200,9200,9200,9200,9200,12,0,9200.0,10880.568849980287,7565.650700009428,18892.393699963577,48846.083333333336
1789531425,5,GET,/api/annotate-carpark,0.100000,0.000000,9100,9100,9100,9100,9100,9100,9100,9100,9100,9100,9100,3,0,9100.0,9011.818733260347,8036.237899912521,9936.343299923465,274322.0
1789531425,5,GET,/api/find-carparks,0.200000,0.000000,9200,9200,9200,9200,9200,9200,9200,9200,9200,9200,9200,10,0,9200.0,11259.424499992747,7565.650700009428,18892.393699963577,537.0
1789531425,5,,Aggregated,0.300000,0.000000,9100,9100,9200,9200,9200,9200,9200,9200,9200,9200,9200,13,0,9200.0,10740.746246131424,7565.650700009428,18892.393699963577,63718.153846153844
1789531426,5,GET,/api/annotate-carpark,0.100000,0.000000,9100,9100,9100,9100,9100,9100,9100,9100,9100,9100,9100,3,0,9100.0,9011.818733260347,8036.237899912521,9936.343299923465,274322.0
1789531426,5,GET,/api/find-carparks,0.200000,0.000000,9200,9200,9200,9200,9200,9200,9200,9200,9200,9200,9200,10,0,9200.0,11259.424499992747,7565.650700009428,18892.393699963577,537.0
1789531426,5,,Aggregated,0.300000,0.000000,9100,9100,9200,9200,9200,9200,9200,9200,9200,9200,9200,13,0,9200.0,10740.746246131424,7565.650700009428,18892.393699963577,63718.153846153844
1789531427,5,GET,/api/annotate-carpark,0.100000,0.000000,9100,9100,9100,9100,9100,9100,9100,9100,9100,9100,9100,3,0,9100.0,9011.818733260347,8036.237899912521,9936.343299923465,274322.0
1789531427,5,GET,/api/find-carparks,0.200000,0.000000,9200,9200,9200,9200,9200,9200,9200,9200,9200,9200,9200,10,0,9200.0,11259.424499992747,7565.650700009428,18892.393699963577,537.0
1789531427,5,,Aggregated,0.300000,0.000000,9100,9100,9200,9200,9200,9200,9200,9200,9200,9200,9200,13,0,9200.0,10740.746246131424,7565.650700009428,18892.393699963577,63718.153846153844
1789531428,5,GET,/api/annotate-carpark,0.100000,0.000000,9100,9100,9100,9100,9100,9100,9100,9100,9100,9100,9100,3,0,9100.0,9011.818733260347,8036.237899912521,9936.343299923465,274322.0
1789531428,5,GET,/api/find-carparks,0.200000,0.000000,9200,9200,9200,9200,9200,9200,9200,9200,9200,9200,9200,10,0,9200.0,11259.424499992747,7565.650700009428,18892.393699963577,537.0
1789531428,5,,Aggregated,0.300000,0.000000,9100,9100,9200,9200,9200,9200,9200,9200,9200,9200,9200,13,0,9200.0,10740.746246131424,7565.650700009428,18892.393699963577,63718.153846153844
1789531429,5,GET,/api/annotate-carpark,0.100000,0.000000,9100,9100,9100,9100,9100,9100,9100,9100,9100,9100,9100,3,0,9100.0,9011.818733260347,8036.237899912521,9936.343299923465,274322.0
1789531429,5,GET,/api/find-carparks,0.200000,0.000000,9100,9100,9200,9200,9200,9200,9200,9200,9200,9200,9200,11,0,9200.0,10911.813327270052,7435.701600043103,18892.393699963577,537.7272727272727
1789531429,5,,Aggregated,0.300000,0.000000,9100,9100,9200,9200,9200,9200,9200,9200,9200,9200,9200,14,0,9100.0,10504.671628553686,7435.701600043103,18892.393699963577,59205.78571428572
1789531430,5,GET,/api/annotate-carpark,0.100000,0.000000,9100,9100,9100,9100,9100,9100,9100,9100,9100,9100,9100,3,0,9100.0,9011.818733260347,8036.237899912521,9936.343299923465,274322.0
1789531430,5,GET,/api/find-carparks,0.200000,0.000000,9100,9100,9100,9100,9100,9100,9100,9100,9100,9100,9100,11,0,9200.0,10911.813327270052,7435.701600043103,18892.393699963577,537.7272727272727
1789531430,5,,Aggregated,0.300000,0.000000,9100,9100,9100,9100,9100,9100,9100,9100,9100,9100,9100,14,0,9100.0,10504.671628553686,7435.701600043103,18892.393699963577,59205.78571428572
1789531431,5,GET,/api/annotate-carpark,0.100000,0.000000,9100,9100,9100,9100,9100,9100,9100,9100,9100,9100,9100,3,0,9100.0,9011.818733260347,8036.237899912521,9936.343299923465,274322.0
1789531431,5,GET,/api/find-carparks,0.200000,0.000000,9100,9100,9100,9100,9100,9100,9100,9100,9100,9100,9100,11,0,9200.0,10911.813327270052,7435.701600043103,18892.393699963577,537.7272727272727
1789531431,5,,Aggregated,0.300000,0.000000,9100,9100,9100,9100,9100,9100,9100,9100,9100,9100,9100,14,0,9100.0,10504.671628553686,7435.701600043103,18892.393699963577,59205.78571428572
1789531432,5,GET,/api/annotate-carpark,0.100000,0.000000,9100,9100,9100,9100,9100,9100,9100,9100,9100,9100,9100,3,0,9100.0,9011.818733260347,8036.237899912521,9936.343299923465,274322.0
1789531432,5,GET,/api/find-carparks,0.200000,0.000000,9100,9100,9100,9100,9100,9100,9100,9100,9100,9100,9100,11,0,9200.0,10911.813327270052,7435.701600043103,18892.393699963577,537.7272727272727
1789531432,5,,Aggregated,0.300000,0.000000,9100,9100,9100,9100,9100,9100,9100,9100,9100,9100,9100,14,0,9100.0,10504.671628553686,7435.701600043103,18892.393699963577,59205.78571428572
1789531433,5,GET,/api/annotate-carpark,0.100000,0.000000,9100,9100,9100,9100,9100,9100,9100,9100,9100,9100,9100,3,0,9100.0,9011.818733260347,8036.237899912521,9936.343299923465,274322.0
1789531433,5,GET,/api/find-carparks,0.200000,0.000000,9100,9100,9100,9100,9100,9100,9100,9100,9100,9100,9100,11,0,9200.0,10911.813327270052,7435.701600043103,18892.393699963577,537.7272727272727
1789531433,5,,Aggregated,0.300000,0.000000,9100,9100,9100,9100,9100,9100,9100,9100,9100,9100,9100,14,0,9100.0,10504.671628553686,7435.701600043103,18892.393699963577,59205.78571428572
1789531434,5,GET,/api/annotate-carpark,0.100000,0.000000,9100,9100,9100,9100,9100,9100,9100,9100,9100,9100,9100,3,0,9100.0,9011.818733260347,8036.237899912521,9936.343299923465,274322.0
1789531434,5,GET,/api/find-carparks,0.200000,0.000000,9100,9100,9500,9500,9500,9500,9500,9500,9500,9500,9500,12,0,9200.0,10794.927183334948,7435.701600043103,18892.393699963577,538.0833333333334
1789531434,5,,Aggregated,0.300000,0.000000,9100,9100,9500,9500,9500,9500,9500,9500,9500,9500,9500,15,0,9200.0,10438.305493320027,7435.701600043103,18892.393699963577,55294.86666666667
1789531435,5,GET,/api/annotate-carpark,0.100000,0.000000,9100,9100,9100,9100,9100,9100,9100,9100,9100,9100,9100,3,0,9100.0,9011.818733260347,8036.237899912521,9936.343299923465,274322.0
1789531435,5,GET,/api/find-carparks,0.200000,0.000000,9500,9500,9500,9500,9500,9500,9500,9500,9500,9500,9500,12,0,9200.0,10794.927183334948,7435.701600043103,18892.393699963577,538.0833333333334
1789531435,5,,Aggregated,0.300000,0.000000,9100,9100,9500,9500,9500,9500,9500,9500,9500,9500,9500,15,0,9200.0,10438.305493320027,7435.701600043103,18892.393699963577,55294.86666666667
1789531436,5,GET,/api/annotate-carpark,0.100000,0.000000,9100,9100,9100,9100,9100,9100,9100,9100,9100,9100,9100,3,0,9100.0,9011.818733260347,8036.237899912521,9936.343299923465,274322.0
1789531436,5,GET,/api/find-carparks,0.200000,0.000000,9500,9500,9500,9500,9500,9500,9500,9500,9500,9500,9500,12,0,9200.0,10794.927183334948,7435.701600043103,18892.393699963577,538.0833333333334
1789531436,5,,Aggregated,0.300000,0.000000,9500,9500,9500,9500,9500,9500,9500,9500,9500,9500,9500,15,0,9200.0,10438.305493320027,7435.701600043103,18892.393699963577,55294.86666666667
1789531437,5,GET,/api/annotate-carpark,0.100000,0.000000,9100,9100,9100,9100,9100,9100,9100,9100,9100,9100,9100,3,0,9100.0,9011.818733260347,8036.237899912521,9936.343299923465,274322.0
1789531437,5,GET,/api/find-carparks,0.200000,0.000000,9500,9500,9500,9500,9500,9500,9500,9500,9500,9500,9500,12,0,9200.0,10794.927183334948,7435.701600043103,18892.393699963577,538.0833333333334
1789531437,5,,Aggregated,0.300000,0.000000,9500,9500,9500,9500,9500,9500,9500,9500,9500,9500,9500,15,0,9200.0,10438.305493320027,7435.701600043103,18892.393699963577,55294.86666666667
1789531438,5,GET,/api/annotate-carpark,0.100000,0.000000,9100,9100,9100,9100,9100,9100,9100,9100,9100,9100,9100,3,0,9100.0,9011.818733260347,8036.237899912521,9936.343299923465,274322.0
1789531438,5,GET,/api/find-carparks,0.200000,0.000000,9500,9500,9500,9500,9500,9500,9500,9500,9500,9500,9500,12,0,9200.0,10794.927183334948,7435.701600043103,18892.393699963577,538.0833333333334
1789531438,5,,Aggregated,0.300000,0.000000,9500,9500,9500,9500,9500,9500,9500,9500,9500,9500,9500,15,0,9200.0,10438.305493320027,7435.701600043103,18892.393699963577,55294.86666666667
1789531439,5,GET,/api/annotate-carpark,0.100000,0.000000,9100,9100,9100,9100,9100,9100,9100,9100,9100,9100,9100,3,0,9100.0,9011.818733260347,8036.237899912521,9936.343299923465,274322.0
1789531439,5,GET,/api/find-carparks,0.200000,0.000000,9500,9500,9500,9500,9500,9500,9500,9500,9500,9500,9500,12,0,9200.0,10794.927183334948,7435.701600043103,18892.393699963577,538.0833333333334
1789531439,5,,Aggregated,0.300000,0.000000,9500,9500,9500,9500,9500,9500,9500,9500,9500,9500,9500,15,0,9200.0,10438.305493320027,7435.701600043103,18892.393699963577,55294.86666666667
1789531440,10,GET,/api/annotate-carpark,0.000000,0.000000,9100,9100,9100,9100,9100,9100,9100,9100,9100,9100,9100,3,0,9100.0,9011.818733260347,8036.237899912521,9936.343299923465,274322.0
1789531440,10,GET,/api/find-carparks,0.200000,0.000000,9500,9500,13000,13000,13000,13000,13000,13000,13000,13000,13000,13,0,9500.0,10948.863976921599,7435.701600043103,18892.393699963577,538.3076923076923
1789531440,10,,Aggregated,0.200000,0.000000,9500,9500,13000,13000,13000,13000,13000,13000,13000,13000,13000,16,0,9200.0,10585.667993735115,7435.701600043103,18892.393699963577,51872.75
1789531441,10,GET,/api/annotate-carpark,0.000000,0.000000,9100,9100,9100,9100,9100,9100,9100,9100,9100,9100,9100,3,0,9100.0,9011.818733260347,8036.237899912521,9936.343299923465,274322.0
1789531441,10,GET,/api/find-carparks,0.200000,0.000000,13000,13000,13000,13000,13000,13000,13000,13000,13000,13000,13000,13,0,9500.0,10948.863976921599,7435.701600043103,18892.393699963577,538.3076923076923
1789531441,10,,Aggregated,0.200000,0.000000,13000,13000,13000,13000,13000,13000,13000,13000,13000,13000,13000,16,0,9200.0,10585.667993735115,7435.701600043103,18892.393699963577,51872.75
1789531442,10,GET,/api/annotate-carpark,0.000000,0.000000,0,0,0,0,0,0,0,0,0,0,0,3,0,9100.0,9011.818733260347,8036.237899912521,9936.343299923465,274322.0
1789531442,10,GET,/api/find-carparks,0.200000,0.000000,13000,13000,13000,13000,13000,13000,13000,13000,13000,13000,13000,13,0,9500.0,10948.863976921599,7435.701600043103,18892.393699963577,538.3076923076923
1789531442,10,,Aggregated,0.200000,0.000000,13000,13000,13000,13000,13000,13000,13000,13000,13000,13000,13000,16,0,9200.0,10585.667993735115,7435.701600043103,18892.393699963577,51872.75
1789531443,10,GET,/api/annotate-carpark,0.000000,0.000000,0,0,0,0,0,0,0,0,0,0,0,3,0,9100.0,9011.818733260347,8036.237899912521,9936.343299923465,274322.0
1789531443,10,GET,/api/find-carparks,0.200000,0.000000,13000,13000,13000,13000,13000,13000,13000,13000,13000,13000,13000,13,0,9500.0,10948.863976921599,7435.701600043103,18892.393699963577,538.3076923076923
1789531443,10,,Aggregated,0.200000,0.000000,13000,13000,13000,13000,13000,13000,13000,13000,13000,13000,13000,16,0,9200.0,10585.667993735115,7435.701600043103,18892.393699963577,51872.75
1789531444,10,GET,/api/annotate-carpark,0.000000,0.000000,0,0,0,0,0,0,0,0,0,0,0,3,0,9100.0,9011.818733260347,8036.237899912521,9936.343299923465,274322.0
1789531444,10,GET,/api/find-carparks,0.200000,0.000000,13000,13000,13000,13000,13000,13000,13000,13000,13000,13000,13000,13,0,9500.0,10948.863976921599,7435.701600043103,18892.393699963577,538.3076923076923
1789531444,10,,Aggregated,0.200000,0.000000,13000,13000,13000,13000,13000,13000,13000,13000,13000,13000,13000,16,0,9200.0,10585.667993735115,7435.701600043103,18892.393699963577,51872.75
1789531445,10,GET,/api/annotate-carpark,0.000000,0.000000,0,0,0,0,0,0,0,0,0,0,0,3,0,9100.0,9011.818733260347,8036.237899912521,9936.343299923465,274322.0
1789531445,10,GET,/api/find-carparks,0.200000,0.000000,13000,13000,14000,14000,14000,14000,14000,14000,14000,14000,14000,14,0,9500.0,11197.867599997802,7435.701600043103,18892.393699963577,537.7142857142857
1789531445,10,,Aggregated,0.200000,0.000000,13000,13000,14000,14000,14000,14000,14000,14000,14000,14000,14000,17,0,9500.0,10812.094270573545,7435.701600043103,18892.393699963577,48852.58823529412
1789531446,10,GET,/api/annotate-carpark,0.000000,0.000000,0,0,0,0,0,0,0,0,0,0,0,3,0,9100.0,9011.818733260347,8036.237899912521,9936.343299923465,274322.0
1789531446,10,GET,/api/find-carparks,0.200000,0.000000,14000,14000,14000,14000,14000,14000,14000,14000,14000,14000,14000,14,0,9500.0,11197.867599997802,7435.701600043103,18892.393699963577,537.7142857142857
1789531446,10,,Aggregated,0.200000,0.000000,14000,14000,14000,14000,14000,14000,14000,14000,14000,14000,14000,17,0,9500.0,10812.094270573545,7435.701600043103,18892.393699963577,48852.58823529412
1789531447,10,GET,/api/annotate-carpark,0.000000,0.000000,0,0,0,0,0,0,0,0,0,0,0,3,0,9100.0,9011.818733260347,8036.237899912521,9936.343299923465,274322.0
1789531447,10,GET,/api/find-carparks,0.200000,0.000000,14000,14000,14000,14000,14000,14000,14000,14000,14000,14000,14000,14,0,9500.0,11197.867599997802,7435.701600043103,18892.393699963577,537.7142857142857
1789531447,10,,Aggregated,0.200000,0.000000,14000,14000,14000,14000,14000,14000,14000,14000,14000,14000,14000,17,0,9500.0,10812.094270573545,7435.701600043103,18892.393699963577,48852.58823529412
1789531448,10,GET,/api/annotate-carpark,0.000000,0.000000,0,0,0,0,0,0,0,0,0,0,0,3,0,9100.0,9011.818733260347,8036.237899912521,9936.343299923465,274322.0
1789531448,10,GET,/api/find-carparks,0.200000,0.000000,14000,14000,14000,14000,14000,14000,14000,14000,14000,14000,14000,14,0,9500.0,11197.867599997802,7435.701600043103,18892.393699963577,537.7142857142857
1789531448,10,,Aggregated,0.200000,0.000000,14000,14000,14000,14000,14000,14000,14000,14000,14000,14000,14000,17,0,9500.0,10812.094270573545,7435.701600043103,18892.393699963577,48852.58823529412
1789531449,10,GET,/api/annotate-carpark,0.000000,0.000000,0,0,0,0,0,0,0,0,0,0,0,3,0,9100.0,9011.818733260347,8036.237899912521,9936.343299923465,274322.0
1789531449,10,GET,/api/find-carparks,0.200000,0.000000,14000,14000,14000,14000,14000,14000,14000,14000,14000,14000,14000,14,0,9500.0,11197.867599997802,7435.701600043103,18892.393699963577,537.7142857142857
1789531449,10,,Aggregated,0.200000,0.000000,14000,14000,14000,14000,14000,14000,14000,14000,14000,14000,14000,17,0,9500.0,10812.094270573545,7435.701600043103,18892.393699963577,48852.58823529412
1789531450,10,GET,/api/annotate-carpark,0.000000,0.000000,0,0,0,0,0,0,0,0,0,0,0,3,0,9100.0,9011.818733260347,8036.237899912521,9936.343299923465,274322.0
1789531450,10,GET,/api/find-carparks,0.200000,0.000000,13000,13000,14000,14000,14000,14000,14000,14000,14000,14000,14000,15,0,12000.0,11331.409673330685,7435.701600043103,18892.393699963577,537.2666666666667
1789531450,10,,Aggregated,0.200000,0.000000,13000,13000,14000,14000,14000,14000,14000,14000,14000,14000,14000,18,0,9500.0,10944.811183318961,7435.701600043103,18892.393699963577,46168.055555555555
1789531451,10,GET,/api/annotate-carpark,0.000000,0.000000,0,0,0,0,0,0,0,0,0,0,0,3,0,9100.0,9011.818733260347,8036.237899912521,9936.343299923465,274322.0
1789531451,10,GET,/api/find-carparks,0.200000,0.000000,14000,14000,14000,14000,14000,14000,14000,14000,14000,14000,14000,15,0,12000.0,11331.409673330685,7435.701600043103,18892.393699963577,537.2666666666667
1789531451,10,,Aggregated,0.200000,0.000000,14000,14000,14000,14000,14000,14000,14000,14000,14000,14000,14000,18,0,9500.0,10944.811183318961,7435.701600043103,18892.393699963577,46168.055555555555
1789531452,10,GET,/api/annotate-carpark,0.000000,0.000000,0,0,0,0,0,0,0,0,0,0,0,3,0,9100.0,9011.818733260347,8036.237899912521,9936.343299923465,274322.0
1789531452,10,GET,/api/find-carparks,0.200000,0.000000,14000,14000,14000,14000,14000,14000,14000,14000,14000,14000,14000,15,0,12000.0,11331.409673330685,7435.701600043103,18892.393699963577,537.2666666666667
1789531452,10,,Aggregated,0.200000,0.000000,14000,14000,14000,14000,14000,14000,14000,14000,14000,14000,14000,18,0,9500.0,10944.811183318961,7435.701600043103,18892.393699963577,46168.055555555555
1789531453,10,GET,/api/annotate-carpark,0.000000,0.000000,0,0,0,0,0,0,0,0,0,0,0,3,0,9100.0,9011.818733260347,8036.237899912521,9936.343299923465,274322.0
1789531453,10,GET,/api/find-carparks,0.200000,0.000000,14000,14000,14000,14000,14000,14000,14000,14000,14000,14000,14000,15,0,12000.0,11331.409673330685,7435.701600043103,18892.393699963577,537.2666666666667
1789531453,10,,Aggregated,0.200000,0.000000,14000,14000,14000,14000,14000,14000,14000,14000,14000,14000,14000,18,0,9500.0,10944.811183318961,7435.701600043103,18892.393699963577,46168.055555555555
1789531454,10,GET,/api/annotate-carpark,0.000000,0.000000,0,0,0,0,0,0,0,0,0,0,0,3,0,9100.0,9011.818733260347,8036.237899912521,9936.343299923465,274322.0
1789531454,10,GET,/api/find-carparks,0.200000,0.000000,14000,14000,14000,14000,14000,14000,14000,14000,14000,14000,14000,15,0,12000.0,11331.409673330685,7435.701600043103,18892.393699963577,537.2666666666667
1789531454,10,,Aggregated,0.200000,0.000000,14000,14000,14000,14000,14000,14000,14000,14000,14000,14000,14000,18,0,9500.0,10944.811183318961,7435.701600043103,18892.393699963577,46168.055555555555
1789531455,10,GET,/api/annotate-carpark,0.000000,0.000000,0,0,0,0,0,0,0,0,0,0,0,3,0,9100.0,9011.818733260347,8036.237899912521,9936.343299923465,274322.0
1789531455,10,GET,/api/find-carparks,0.200000,0.000000,14000,14000,15000,15000,15000,15000,15000,15000,15000,15000,15000,16,0,12000.0,11559.87494999863,7435.701600043103,18892.393699963577,537.5625
1789531455,10,,Aggregated,0.200000,0.000000,14000,14000,15000,15000,15000,15000,15000,15000,15000,15000,15000,19,0,9900.0,11157.550284197849,7435.701600043103,18892.393699963577,43766.68421052631
1789531456,10,GET,/api/annotate-carpark,0.000000,0.000000,0,0,0,0,0,0,0,0,0,0,0,4,0,9100.0,10657.260999956634,8036.237899912521,15593.587800045498,269477.5
1789531456,10,GET,/api/find-carparks,0.200000,0.000000,14000,14000,15000,15000,15000,15000,15000,15000,15000,15000,15000,16,0,12000.0,11559.87494999863,7435.701600043103,18892.393699963577,537.5625
1789531456,10,,Aggregated,0.200000,0.000000,15000,15000,16000,16000,16000,16000,16000,16000,16000,16000,16000,20,0,9900.0,11379.35215999023,7435.701600043103,18892.393699963577,54325.55
1789531457,10,GET,/api/annotate-carpark,0.000000,0.000000,16000,16000,16000,16000,16000,16000,16000,16000,16000,16000,16000,4,0,9100.0,10657.260999956634,8036.237899912521,15593.587800045498,269477.5
1789531457,10,GET,/api/find-carparks,0.200000,0.000000,15000,15000,15000,15000,15000,15000,15000,15000,15000,15000,15000,16,0,12000.0,11559.87494999863,7435.701600043103,18892.393699963577,537.5625
1789531457,10,,Aggregated,0.200000,0.000000,15000,15000,16000,16000,16000,16000,16000,16000,16000,16000,16000,20,0,9900.0,11379.35215999023,7435.701600043103,18892.393699963577,54325.55
1789531458,10,GET,/api/annotate-carpark,0.000000,0.000000,16000,16000,16000,16000,16000,16000,16000,16000,16000,16000,16000,4,0,9100.0,10657.260999956634,8036.237899912521,15593.587800045498,269477.5
1789531458,10,GET,/api/find-carparks,0.200000,0.000000,15000,15000,15000,15000,15000,15000,15000,15000,15000,15000,15000,16,0,12000.0,11559.87494999863,7435.701600043103,18892.393699963577,537.5625
1789531458,10,,Aggregated,0.200000,0.000000,15000,15000,16000,16000,16000,16000,16000,16000,16000,16000,16000,20,0,9900.0,11379.35215999023,7435.701600043103,18892.393699963577,54325.55
1789531459,10,GET,/api/annotate-carpark,0.000000,0.000000,16000,16000,16000,16000,16000,16000,16000,16000,16000,16000,16000,4,0,9100.0,10657.260999956634,8036.237899912521,15593.587800045498,269477.5
1789531459,10,GET,/api/find-carparks,0.200000,0.000000,15000,15000,15000,15000,15000,15000,15000,15000,15000,15000,15000,16,0,12000.0,11559.87494999863,7435.701600043103,18892.393699963577,537.5625
1789531459,10,,Aggregated,0.200000,0.000000,15000,15000,16000,16000,16000,16000,16000,16000,16000,16000,16000,20,0,9900.0,11379.35215999023,7435.701600043103,18892.393699963577,54325.55
1789531460,10,GET,/api/annotate-carpark,0.000000,0.000000,16000,16000,16000,16000,16000,16000,16000,16000,16000,16000,16000,4,0,9100.0,10657.260999956634,8036.237899912521,15593.587800045498,269477.5
1789531460,10,GET,/api/find-carparks,0.200000,0.000000,15000,15000,15000,15000,15000,15000,15000,15000,15000,15000,15000,16,0,12000.0,11559.87494999863,7435.701600043103,18892.393699963577,537.5625
1789531460,10,,Aggregated,0.200000,0.000000,15000,15000,16000,16000,16000,16000,16000,16000,16000,16000,16000,20,0,9900.0,11379.35215999023,7435.701600043103,18892.393699963577,54325.55
1789531461,10,GET,/api/annotate-carpark,0.000000,0.000000,16000,16000,16000,16000,16000,16000,16000,16000,16000,16000,16000,4,0,9100.0,10657.260999956634,8036.237899912521,15593.587800045498,269477.5
1789531461,10,GET,/api/find-carparks,0.200000,0.000000,15000,15000,15000,15000,15000,15000,15000,15000,15000,15000,15000,16,0,12000.0,11559.87494999863,7435.701600043103,18892.393699963577,537.5625
1789531461,10,,Aggregated,0.200000,0.000000,15000,15000,16000,16000,16000,16000,16000,16000,16000,16000,16000,20,0,9900.0,11379.35215999023,7435.701600043103,18892.393699963577,54325.55
1789531462,10,GET,/api/annotate-carpark,0.100000,0.000000,16000,16000,16000,16000,16000,16000,16000,16000,16000,16000,16000,4,0,9100.0,10657.260999956634,8036.237899912521,15593.587800045498,269477.5
1789531462,10,GET,/api/find-carparks,0.200000,0.000000,16000,16000,16000,16000,16000,16000,16000,16000,16000,16000,16000,17,0,12000.0,11812.988152939772,7435.701600043103,18892.393699963577,537.4705882352941
1789531462,10,,Aggregated,0.300000,0.000000,16000,16000,16000,16000,16000,16000,16000,16000,16000,16000,16000,21,0,12000.0,11592.84964760965,7435.701600043103,18892.393699963577,51764.142857142855
1789531463,10,GET,/api/annotate-carpark,0.100000,0.000000,16000,16000,16000,16000,16000,16000,16000,16000,16000,16000,16000,4,0,9100.0,10657.260999956634,8036.237899912521,15593.587800045498,269477.5
1789531463,10,GET,/api/find-carparks,0.200000,0.000000,16000,16000,16000,16000,16000,16000,16000,16000,16000,16000,16000,17,0,12000.0,11812.988152939772,7435.701600043103,18892.393699963577,537.4705882352941
1789531463,10,,Aggregated,0.300000,0.000000,16000,16000,16000,16000,16000,16000,16000,16000,16000,16000,16000,21,0,12000.0,11592.84964760965,7435.701600043103,18892.393699963577,51764.142857142855
1789531464,10,GET,/api/annotate-carpark,0.100000,0.000000,16000,16000,16000,16000,16000,16000,16000,16000,16000,16000,16000,4,0,9100.0,10657.260999956634,8036.237899912521,15593.587800045498,269477.5
1789531464,10,GET,/api/find-carparks,0.200000,0.000000,16000,16000,16000,16000,16000,16000,16000,16000,16000,16000,16000,17,0,12000.0,11812.988152939772,7435.701600043103,18892.393699963577,537.4705882352941
1789531464,10,,Aggregated,0.300000,0.000000,16000,16000,16000,16000,16000,16000,16000,16000,16000,16000,16000,21,0,12000.0,11592.84964760965,7435.701600043103,18892.393699963577,51764.142857142855
1789531465,10,GET,/api/annotate-carpark,0.100000,0.000000,16000,16000,16000,16000,16000,16000,16000,16000,16000,16000,16000,4,0,9100.0,10657.260999956634,8036.237899912521,15593.587800045498,269477.5
1789531465,10,GET,/api/find-carparks,0.200000,0.000000,16000,16000,16000,16000,16000,16000,16000,16000,16000,16000,16000,17,0,12000.0,11812.988152939772,7435.701600043103,18892.393699963577,537.4705882352941
1789531465,10,,Aggregated,0.300000,0.000000,16000,16000,16000,16000,16000,16000,16000,16000,16000,16000,16000,21,0,12000.0,11592.84964760965,7435.701600043103,18892.393699963577,51764.142857142855
1789531466,10,GET,/api/annotate-carpark,0.100000,0.000000,16000,16000,16000,16000,16000,16000,16000,16000,16000,16000,16000,4,0,9100.0,10657.260999956634,8036.237899912521,15593.587800045498,269477.5
1789531466,10,GET,/api/find-carparks,0.200000,0.000000,16000,16000,16000,16000,16000,16000,16000,16000,16000,16000,16000,17,0,12000.0,11812.988152939772,7435.701600043103,18892.393699963577,537.4705882352941
1789531466,10,,Aggregated,0.300000,0.000000,16000,16000,16000,16000,16000,16000,16000,16000,16000,16000,16000,21,0,12000.0,11592.84964760965,7435.701600043103,18892.393699963577,51764.142857142855
1789531467,10,GET,/api/annotate-carpark,0.100000,0.000000,16000,16000,16000,16000,16000,16000,16000,16000,16000,16000,16000,4,0,9100.0,10657.260999956634,8036.237899912521,15593.587800045498,269477.5
1789531467,10,GET,/api/find-carparks,0.200000,0.000000,16000,16000,16000,16000,16000,16000,16000,16000,16000,16000,16000,17,0,12000.0,11812.988152939772,7435.701600043103,18892.393699963577,537.4705882352941
1789531467,10,,Aggregated,0.300000,0.000000,16000,16000,16000,16000,16000,16000,16000,16000,16000,16000,16000,21,0,12000.0,11592.84964760965,7435.701600043103,18892.393699963577,51764.142857142855
1789531468,10,GET,/api/annotate-carpark,0.100000,0.000000,16000,16000,16000,16000,16000,16000,16000,16000,16000,16000,16000,4,0,9100.0,10657.260999956634,8036.237899912521,15593.587800045498,269477.5
1789531468,10,GET,/api/find-carparks,0.200000,0.000000,16000,16000,16000,16000,16000,16000,16000,16000,16000,16000,16000,18,0,12000.0,12013.844811105324,7435.701600043103,18892.393699963577,537.8333333333334
1789531468,10,,Aggregated,0.300000,0.000000,16000,16000,16000,16000,16000,16000,16000,16000,16000,16000,16000,22,0,12000.0,11767.19320907829,7435.701600043103,18892.393699963577,49435.954545454544
1789531469,10,GET,/api/annotate-carpark,0.100000,0.000000,16000,16000,16000,16000,16000,16000,16000,16000,16000,16000,16000,4,0,9100.0,10657.260999956634,8036.237899912521,15593.587800045498,269477.5
1789531469,10,GET,/api/find-carparks,0.200000,0.000000,16000,16000,16000,16000,16000,16000,16000,16000,16000,16000,16000,18,0,12000.0,12013.844811105324,7435.701600043103,18892.393699963577,537.8333333333334
1789531469,10,,Aggregated,0.300000,0.000000,16000,16000,16000,16000,16000,16000,16000,16000,16000,16000,16000,22,0,12000.0,11767.19320907829,7435.701600043103,18892.393699963577,49435.954545454544
1789531470,10,GET,/api/annotate-carpark,0.100000,0.000000,16000,16000,16000,16000,16000,16000,16000,16000,16000,16000,16000,4,0,9100.0,10657.260999956634,8036.237899912521,15593.587800045498,269477.5
1789531470,10,GET,/api/find-carparks,0.200000,0.000000,16000,16000,16000,16000,16000,16000,16000,16000,16000,16000,16000,18,0,12000.0,12013.844811105324,7435.701600043103,18892.393699963577,537.8333333333334
1789531470,10,,Aggregated,0.300000,0.000000,16000,16000,16000,16000,16000,16000,16000,16000,16000,16000,16000,22,0,12000.0,11767.19320907829,7435.701600043103,18892.393699963577,49435.954545454544
1789531471,10,GET,/api/annotate-carpark,0.100000,0.000000,16000,16000,16000,16000,16000,16000,16000,16000,16000,16000,16000,4,0,9100.0,10657.260999956634,8036.237899912521,15593.587800045498,269477.5
1789531471,10,GET,/api/find-carparks,0.200000,0.000000,16000,16000,16000,16000,16000,16000,16000,16000,16000,16000,16000,18,0,12000.0,12013.844811105324,7435.701600043103,18892.393699963577,537.8333333333334
1789531471,10,,Aggregated,0.300000,0.000000,16000,16000,16000,16000,16000,16000,16000,16000,16000,16000,16000,22,0,12000.0,11767.19320907829,7435.701600043103,18892.393699963577,49435.954545454544
1789531472,10,GET,/api/annotate-carpark,0.100000,0.000000,16000,16000,16000,16000,16000,16000,16000,16000,16000,16000,16000,4,0,9100.0,10657.260999956634,8036.237899912521,15593.587800045498,269477.5
1789531472,10,GET,/api/find-carparks,0.200000,0.000000,16000,16000,16000,16000,16000,16000,16000,16000,16000,16000,16000,18,0,12000.0,12013.844811105324,7435.701600043103,18892.393699963577,537.8333333333334
1789531472,10,,Aggregated,0.300000,0.000000,16000,16000,16000,16000,16000,16000,16000,16000,16000,16000,16000,22,0,12000.0,11767.19320907829,7435.701600043103,18892.393699963577,49435.954545454544
1789531473,10,GET,/api/annotate-carpark,0.100000,0.000000,16000,16000,16000,16000,16000,16000,16000,16000,16000,16000,16000,4,0,9100.0,10657.260999956634,8036.237899912521,15593.587800045498,269477.5
1789531473,10,GET,/api/find-carparks,0.200000,0.000000,16000,16000,16000,16000,16000,16000,16000,16000,16000,16000,16000,18,0,12000.0,12013.844811105324,7435.701600043103,18892.393699963577,537.8333333333334
1789531473,10,,Aggregated,0.300000,0.000000,16000,16000,16000,16000,16000,16000,16000,16000,16000,16000,16000,22,0,12000.0,11767.19320907829,7435.701600043103,18892.393699963577,49435.954545454544
1789531474,10,GET,/api/annotate-carpark,0.100000,0.000000,0,0,0,0,0,0,0,0,0,0,0,4,0,9100.0,10657.260999956634,8036.237899912521,15593.587800045498,269477.5
1789531474,10,GET,/api/find-carparks,0.200000,0.000000,15000,15000,15000,15000,15000,15000,15000,15000,15000,15000,15000,18,0,12000.0,12013.844811105324,7435.701600043103,18892.393699963577,537.8333333333334
1789531474,10,,Aggregated,0.300000,0.000000,15000,15000,15000,15000,15000,15000,15000,15000,15000,15000,15000,22,0,12000.0,11767.19320907829,7435.701600043103,18892.393699963577,49435.954545454544
1789531475,10,GET,/api/annotate-carpark,0.000000,0.000000,0,0,0,0,0,0,0,0,0,0,0,4,0,9100.0,10657.260999956634,8036.237899912521,15593.587800045498,269477.5
1789531475,10,GET,/api/find-carparks,0.100000,0.000000,19000,19000,19000,19000,19000,19000,19000,19000,19000,19000,19000,19,0,13000.0,12367.894742098686,7435.701600043103,18892.393699963577,537.7894736842105
1789531475,10,,Aggregated,0.100000,0.000000,19000,19000,19000,19000,19000,19000,19000,19000,19000,19000,19000,23,0,12000.0,12070.393221726155,7435.701600043103,18892.393699963577,47309.913043478264
1789531476,10,GET,/api/annotate-carpark,0.000000,0.000000,0,0,0,0,0,0,0,0,0,0,0,4,0,9100.0,10657.260999956634,8036.237899912521,15593.587800045498,269477.5
1789531476,10,GET,/api/find-carparks,0.100000,0.000000,19000,19000,19000,19000,19000,19000,19000,19000,19000,19000,19000,19,0,13000.0,12367.894742098686,7435.701600043103,18892.393699963577,537.7894736842105
1789531476,10,,Aggregated,0.100000,0.000000,19000,19000,19000,19000,19000,19000,19000,19000,19000,19000,19000,23,0,12000.0,12070.393221726155,7435.701600043103,18892.393699963577,47309.913043478264
1789531477,10,GET,/api/annotate-carpark,0.000000,0.000000,0,0,0,0,0,0,0,0,0,0,0,4,0,9100.0,10657.260999956634,8036.237899912521,15593.587800045498,269477.5
1789531477,10,GET,/api/find-carparks,0.100000,0.000000,19000,19000,19000,19000,19000,19000,19000,19000,19000,19000,19000,19,0,13000.0,12367.894742098686,7435.701600043103,18892.393699963577,537.7894736842105
1789531477,10,,Aggregated,0.100000,0.000000,19000,19000,19000,19000,19000,19000,19000,19000,19000,19000,19000,23,0,12000.0,12070.393221726155,7435.701600043103,18892.393699963577,47309.913043478264
1789531478,10,GET,/api/annotate-carpark,0.000000,0.000000,0,0,0,0,0,0,0,0,0,0,0,4,0,9100.0,10657.260999956634,8036.237899912521,15593.587800045498,269477.5
1789531478,10,GET,/api/find-carparks,0.100000,0.000000,19000,19000,19000,19000,19000,19000,19000,19000,19000,19000,19000,19,0,13000.0,12367.894742098686,7435.701600043103,18892.393699963577,537.7894736842105
1789531478,10,,Aggregated,0.100000,0.000000,19000,19000,19000,19000,19000,19000,19000,19000,19000,19000,19000,23,0,12000.0,12070.393221726155,7435.701600043103,18892.393699963577,47309.913043478264
1789531479,10,GET,/api/annotate-carpark,0.000000,0.000000,0,0,0,0,0,0,0,0,0,0,0,4,0,9100.0,10657.260999956634,8036.237899912521,15593.587800045498,269477.5
1789531479,10,GET,/api/find-carparks,0.100000,0.000000,19000,19000,19000,19000,19000,19000,19000,19000,19000,19000,19000,19,0,13000.0,12367.894742098686,7435.701600043103,18892.393699963577,537.7894736842105
1789531479,10,,Aggregated,0.100000,0.000000,19000,19000,19000,19000,19000,19000,19000,19000,19000,19000,19000,23,0,12000.0,12070.393221726155,7435.701600043103,18892.393699963577,47309.913043478264
1789531480,10,GET,/api/annotate-carpark,0.000000,0.000000,0,0,0,0,0,0,0,0,0,0,0,4,0,9100.0,10657.260999956634,8036.237899912521,15593.587800045498,269477.5
1789531480,10,GET,/api/find-carparks,0.100000,0.000000,19000,19000,19000,19000,19000,19000,19000,19000,19000,19000,19000,19,0,13000.0,12367.894742098686,7435.701600043103,18892.393699963577,537.7894736842105
1789531480,10,,Aggregated,0.100000,0.000000,19000,19000,19000,19000,19000,19000,19000,19000,19000,19000,19000,23,0,12000.0,12070.393221726155,7435.701600043103,18892.393699963577,47309.913043478264
1789531481,10,GET,/api/annotate-carpark,0.000000,0.000000,0,0,0,0,0,0,0,0,0,0,0,4,0,9100.0,10657.260999956634,8036.237899912521,15593.587800045498,269477.5
1789531481,10,GET,/api/find-carparks,0.100000,0.000000,22000,22000,22000,22000,22000,22000,22000,22000,22000,22000,22000,20,0,13000.0,12872.797024989268,7435.701600043103,22465.940399910323,537.75
1789531481,10,,Aggregated,0.100000,0.000000,22000,22000,22000,22000,22000,22000,22000,22000,22000,22000,22000,24,0,12000.0,12503.541020817162,7435.701600043103,22465.940399910323,45361.041666666664
1789531482,10,GET,/api/annotate-carpark,0.000000,0.000000,0,0,0,0,0,0,0,0,0,0,0,4,0,9100.0,10657.260999956634,8036.237899912521,15593.587800045498,269477.5
1789531482,10,GET,/api/find-carparks,0.100000,0.000000,22000,22000,22000,22000,22000,22000,22000,22000,22000,22000,22000,20,0,13000.0,12872.797024989268,7435.701600043103,22465.940399910323,537.75
1789531482,10,,Aggregated,0.100000,0.000000,22000,22000,22000,22000,22000,22000,22000,22000,22000,22000,22000,24,0,12000.0,12503.541020817162,7435.701600043103,22465.940399910323,45361.041666666664
1789531483,10,GET,/api/annotate-carpark,0.000000,0.000000,0,0,0,0,0,0,0,0,0,0,0,4,0,9100.0,10657.260999956634,8036.237899912521,15593.587800045498,269477.5
1789531483,10,GET,/api/find-carparks,0.100000,0.000000,22000,22000,22000,22000,22000,22000,22000,22000,22000,22000,22000,20,0,13000.0,12872.797024989268,7435.701600043103,22465.940399910323,537.75
1789531483,10,,Aggregated,0.100000,0.000000,22000,22000,22000,22000,22000,22000,22000,22000,22000,22000,22000,24,0,12000.0,12503.541020817162,7435.701600043103,22465.940399910323,45361.041666666664
1789531484,10,GET,/api/annotate-carpark,0.000000,0.000000,0,0,0,0,0,0,0,0,0,0,0,4,0,9100.0,10657.260999956634,8036.237899912521,15593.587800045498,269477.5
1789531484,10,GET,/api/find-carparks,0.100000,0.000000,22000,22000,22000,22000,22000,22000,22000,22000,22000,22000,22000,20,0,13000.0,12872.797024989268,7435.701600043103,22465.940399910323,537.75
1789531484,10,,Aggregated,0.100000,0.000000,22000,22000,22000,22000,22000,22000,22000,22000,22000,22000,22000,24,0,12000.0,12503.541020817162,7435.701600043103,22465.940399910323,45361.041666666664
1789531485,10,GET,/api/annotate-carpark,0.000000,0.000000,0,0,0,0,0,0,0,0,0,0,0,4,0,9100.0,10657.260999956634,8036.237899912521,15593.587800045498,269477.5
1789531485,10,GET,/api/find-carparks,0.100000,0.000000,22000,22000,22000,22000,22000,22000,22000,22000,22000,22000,22000,20,0,13000.0,12872.797024989268,7435.701600043103,22465.940399910323,537.75
1789531485,10,,Aggregated,0.100000,0.000000,22000,22000,22000,22000,22000,22000,22000,22000,22000,22000,22000,24,0,12000.0,12503.541020817162,7435.701600043103,22465.940399910323,45361.041666666664
1789531486,10,GET,/api/annotate-carpark,0.000000,0.000000,0,0,0,0,0,0,0,0,0,0,0,4,0,9100.0,10657.260999956634,8036.237899912521,15593.587800045498,269477.5
1789531486,10,GET,/api/find-carparks,0.200000,0.000000,22000,22000,24000,24000,24000,24000,24000,24000,24000,24000,24000,21,0,13000.0,13400.711090464722,7435.701600043103,23958.992399973795,537.6190476190476
1789531486,10,,Aggregated,0.200000,0.000000,22000,22000,24000,24000,24000,24000,24000,24000,24000,24000,24000,25,0,13000.0,12961.759075983427,7435.701600043103,23958.992399973795,43568.0
1789531487,10,GET,/api/annotate-carpark,0.000000,0.000000,0,0,0,0,0,0,0,0,0,0,0,4,0,9100.0,10657.260999956634,8036.237899912521,15593.587800045498,269477.5
1789531487,10,GET,/api/find-carparks,0.200000,0.000000,22000,22000,24000,24000,24000,24000,24000,24000,24000,24000,24000,21,0,13000.0,13400.711090464722,7435.701600043103,23958.992399973795,537.6190476190476
1789531487,10,,Aggregated,0.200000,0.000000,22000,22000,24000,24000,24000,24000,24000,24000,24000,24000,24000,25,0,13000.0,12961.759075983427,7435.701600043103,23958.992399973795,43568.0
1789531488,10,GET,/api/annotate-carpark,0.000000,0.000000,0,0,0,0,0,0,0,0,0,0,0,4,0,9100.0,10657.260999956634,8036.237899912521,15593.587800045498,269477.5
1789531488,10,GET,/api/find-carparks,0.200000,0.000000,24000,24000,24000,24000,24000,24000,24000,24000,24000,24000,24000,21,0,13000.0,13400.711090464722,7435.701600043103,23958.992399973795,537.6190476190476
1789531488,10,,Aggregated,0.200000,0.000000,24000,24000,24000,24000,24000,24000,24000,24000,24000,24000,24000,25,0,13000.0,12961.759075983427,7435.701600043103,23958.992399973795,43568.0
1789531489,10,GET,/api/annotate-carpark,0.000000,0.000000,0,0,0,0,0,0,0,0,0,0,0,4,0,9100.0,10657.260999956634,8036.237899912521,15593.587800045498,269477.5
1789531489,10,GET,/api/find-carparks,0.200000,0.000000,24000,24000,24000,24000,24000,24000,24000,24000,24000,24000,24000,21,0,13000.0,13400.711090464722,7435.701600043103,23958.992399973795,537.6190476190476
1789531489,10,,Aggregated,0.200000,0.000000,24000,24000,24000,24000,24000,24000,24000,24000,24000,24000,24000,25,0,13000.0,12961.759075983427,7435.701600043103,23958.992399973795,43568.0
1789531490,10,GET,/api/annotate-carpark,0.000000,0.000000,0,0,0,0,0,0,0,0,0,0,0,4,0,9100.0,10657.260999956634,8036.237899912521,15593.587800045498,269477.5
1789531490,10,GET,/api/find-carparks,0.200000,0.000000,24000,24000,120000,120000,120000,120000,120000,120000,120000,120000,120000,22,0,13000.0,18260.14039998832,7435.701600043103,120308.15589998383,537.9090909090909
1789531490,10,,Aggregated,0.200000,0.000000,24000,24000,120000,120000,120000,120000,120000,120000,120000,120000,120000,26,0,13000.0,17090.46664613729,7435.701600043103,120308.15589998383,41913.230769230766
1789531491,10,GET,/api/annotate-carpark,0.000000,0.000000,0,0,0,0,0,0,0,0,0,0,0,4,0,9100.0,10657.260999956634,8036.237899912521,15593.587800045498,269477.5
1789531491,10,GET,/api/find-carparks,0.200000,0.000000,24000,24000,120000,120000,120000,120000,120000,120000,120000,120000,120000,23,0,13000.0,18404.683230424544,7435.701600043103,120308.15589998383,538.0434782608696
1789531491,10,,Aggregated,0.200000,0.000000,24000,24000,120000,120000,120000,120000,120000,120000,120000,120000,120000,27,0,13000.0,17256.916974058928,7435.701600043103,120308.15589998383,40380.92592592593
1789531492,10,GET,/api/annotate-carpark,0.000000,0.000000,0,0,0,0,0,0,0,0,0,0,0,4,0,9100.0,10657.260999956634,8036.237899912521,15593.587800045498,269477.5
1789531492,10,GET,/api/find-carparks,0.200000,0.000000,24000,24000,120000,120000,120000,120000,120000,120000,120000,120000,120000,23,0,13000.0,18404.683230424544,7435.701600043103,120308.15589998383,538.0434782608696
1789531492,10,,Aggregated,0.200000,0.000000,24000,24000,120000,120000,120000,120000,120000,120000,120000,120000,120000,27,0,13000.0,17256.916974058928,7435.701600043103,120308.15589998383,40380.92592592593
1789531493,10,GET,/api/annotate-carpark,0.000000,0.000000,0,0,0,0,0,0,0,0,0,0,0,4,0,9100.0,10657.260999956634,8036.237899912521,15593.587800045498,269477.5
1789531493,10,GET,/api/find-carparks,0.200000,0.000000,24000,24000,120000,120000,120000,120000,120000,120000,120000,120000,120000,23,0,13000.0,18404.683230424544,7435.701600043103,120308.15589998383,538.0434782608696
1789531493,10,,Aggregated,0.200000,0.000000,24000,24000,120000,120000,120000,120000,120000,120000,120000,120000,120000,27,0,13000.0,17256.916974058928,7435.701600043103,120308.15589998383,40380.92592592593
1789531494,10,GET,/api/annotate-carpark,0.000000,0.000000,0,0,0,0,0,0,0,0,0,0,0,4,0,9100.0,10657.260999956634,8036.237899912521,15593.587800045498,269477.5
1789531494,10,GET,/api/find-carparks,0.300000,0.000000,120000,120000,125000,125000,125000,125000,125000,125000,125000,125000,125000,24,0,13000.0,22854.761191658326,7435.701600043103,125206.55430003535,537.9166666666666
1789531494,10,,Aggregated,0.300000,0.000000,120000,120000,125000,125000,125000,125000,125000,125000,125000,125000,125000,28,0,13000.0,21112.26116427237,7435.701600043103,125206.55430003535,38957.857142857145
1789531495,10,GET,/api/annotate-carpark,0.000000,0.000000,0,0,0,0,0,0,0,0,0,0,0,4,0,9100.0,10657.260999956634,8036.237899912521,15593.587800045498,269477.5
1789531495,10,GET,/api/find-carparks,0.300000,0.000000,120000,120000,125000,125000,125000,125000,125000,125000,125000,125000,125000,24,0,13000.0,22854.761191658326,7435.701600043103,125206.55430003535,537.9166666666666
1789531495,10,,Aggregated,0.300000,0.000000,120000,120000,125000,125000,125000,125000,125000,125000,125000,125000,125000,28,0,13000.0,21112.26116427237,7435.701600043103,125206.55430003535,38957.857142857145
1789531496,10,GET,/api/annotate-carpark,0.000000,0.000000,0,0,0,0,0,0,0,0,0,0,0,4,0,9100.0,10657.260999956634,8036.237899912521,15593.587800045498,269477.5
1789531496,10,GET,/api/find-carparks,0.300000,0.000000,24000,120000,120000,125000,125000,125000,125000,125000,125000,125000,125000,25,0,14000.0,22724.247451992705,7435.701600043103,125206.55430003535,537.84
1789531496,10,,Aggregated,0.300000,0.000000,24000,120000,120000,125000,125000,125000,125000,125000,125000,125000,125000,29,0,13000.0,21059.835527573938,7435.701600043103,125206.55430003535,37632.96551724138
1789531497,10,GET,/api/annotate-carpark,0.000000,0.000000,0,0,0,0,0,0,0,0,0,0,0,4,0,9100.0,10657.260999956634,8036.237899912521,15593.587800045498,269477.5
1789531497,10,GET,/api/find-carparks,0.300000,0.000000,120000,120000,125000,125000,125000,125000,125000,125000,125000,125000,125000,25,0,14000.0,22724.247451992705,7435.701600043103,125206.55430003535,537.84
1789531497,10,,Aggregated,0.300000,0.000000,120000,120000,125000,125000,125000,125000,125000,125000,125000,125000,125000,29,0,13000.0,21059.835527573938,7435.701600043103,125206.55430003535,37632.96551724138
1789531498,10,GET,/api/annotate-carpark,0.000000,0.000000,0,0,0,0,0,0,0,0,0,0,0,4,0,9100.0,10657.260999956634,8036.237899912521,15593.587800045498,269477.5
1789531498,10,GET,/api/find-carparks,0.300000,0.000000,120000,120000,125000,125000,125000,125000,125000,125000,125000,125000,125000,25,0,14000.0,22724.247451992705,7435.701600043103,125206.55430003535,537.84
1789531498,10,,Aggregated,0.300000,0.000000,120000,120000,125000,125000,125000,125000,125000,125000,125000,125000,125000,29,0,13000.0,21059.835527573938,7435.701600043103,125206.55430003535,37632.96551724138
1789531499,10,GET,/api/annotate-carpark,0.000000,0.000000,0,0,0,0,0,0,0,0,0,0,0,4,0,9100.0,10657.260999956634,8036.237899912521,15593.587800045498,269477.5
1789531499,10,GET,/api/find-carparks,0.400000,0.000000,60000,120000,120000,125000,125000,125000,125000,125000,125000,125000,125000,26,0,14000.0,24143.295338453474,7435.701600043103,125206.55430003535,537.8846153846154
1789531499,10,,Aggregated,0.400000,0.000000,60000,120000,120000,125000,125000,125000,125000,125000,125000,125000,125000,30,0,13000.0,22345.157426653896,7435.701600043103,125206.55430003535,36396.5
1789531500,10,GET,/api/annotate-carpark,0.000000,0.000000,0,0,0,0,0,0,0,0,0,0,0,5,0,9900.0,20651.481019961648,8036.237899912521,60628.3610999817,269143.4
1789531500,10,GET,/api/find-carparks,0.400000,0.000000,60000,60000,125000,125000,125000,125000,125000,125000,125000,125000,125000,26,0,14000.0,24143.295338453474,7435.701600043103,125206.55430003535,537.8846153846154
1789531500,10,,Aggregated,0.400000,0.000000,60000,61000,61000,125000,125000,125000,125000,125000,125000,125000,125000,31,0,14000.0,23580.099480632212,7435.701600043103,125206.55430003535,43861.354838709674
1789531501,10,GET,/api/annotate-carpark,0.000000,0.000000,61000,61000,61000,61000,61000,61000,61000,61000,61000,61000,61000,5,0,9900.0,20651.481019961648,8036.237899912521,60628.3610999817,269143.4
1789531501,10,GET,/api/find-carparks,0.400000,0.000000,22000,60000,60000,125000,125000,125000,125000,125000,125000,125000,125000,27,0,14000.0,23922.13164443685,7435.701600043103,125206.55430003535,538.0
1789531501,10,,Aggregated,0.400000,0.000000,60000,60000,61000,61000,125000,125000,125000,125000,125000,125000,125000,32,0,14000.0,23411.092484362598,7435.701600043103,125206.55430003535,42507.59375
1789531502,10,GET,/api/annotate-carpark,0.000000,0.000000,61000,61000,61000,61000,61000,61000,61000,61000,61000,61000,61000,5,0,9900.0,20651.481019961648,8036.237899912521,60628.3610999817,269143.4
1789531502,10,GET,/api/find-carparks,0.400000,0.000000,60000,60000,125000,125000,125000,125000,125000,125000,125000,125000,125000,27,0,14000.0,23922.13164443685,7435.701600043103,125206.55430003535,538.0
1789531502,10,,Aggregated,0.400000,0.000000,60000,61000,61000,125000,125000,125000,125000,125000,125000,125000,125000,32,0,14000.0,23411.092484362598,7435.701600043103,125206.55430003535,42507.59375
1789531503,10,GET,/api/annotate-carpark,0.000000,0.000000,61000,61000,61000,61000,61000,61000,61000,61000,61000,61000,61000,5,0,9900.0,20651.481019961648,8036.237899912521,60628.3610999817,269143.4
1789531503,10,GET,/api/find-carparks,0.400000,0.000000,60000,60000,125000,125000,125000,125000,125000,125000,125000,125000,125000,27,0,14000.0,23922.13164443685,7435.701600043103,125206.55430003535,538.0
1789531503,10,,Aggregated,0.400000,0.000000,60000,61000,61000,125000,125000,125000,125000,125000,125000,125000,125000,32,0,14000.0,23411.092484362598,7435.701600043103,125206.55430003535,42507.59375
1789531504,10,GET,/api/annotate-carpark,0.000000,0.000000,61000,61000,61000,61000,61000,61000,61000,61000,61000,61000,61000,5,0,9900.0,20651.481019961648,8036.237899912521,60628.3610999817,269143.4
1789531504,10,GET,/api/find-carparks,0.400000,0.000000,60000,60000,125000,125000,125000,125000,125000,125000,125000,125000,125000,27,0,14000.0,23922.13164443685,7435.701600043103,125206.55430003535,538.0
1789531504,10,,Aggregated,0.400000,0.000000,60000,61000,61000,125000,125000,125000,125000,125000,125000,125000,125000,32,0,14000.0,23411.092484362598,7435.701600043103,125206.55430003535,42507.59375
1789531505,10,GET,/api/annotate-carpark,0.100000,0.000000,61000,61000,61000,61000,61000,61000,61000,61000,61000,61000,61000,5,0,9900.0,20651.481019961648,8036.237899912521,60628.3610999817,269143.4
1789531505,10,GET,/api/find-carparks,0.400000,0.000000,60000,60000,65000,65000,65000,65000,65000,65000,65000,65000,65000,28,0,14000.0,25404.930678562127,7435.701600043103,125206.55430003535,538.0
1789531505,10,,Aggregated,0.500000,0.000000,60000,61000,61000,65000,65000,65000,65000,65000,65000,65000,65000,33,0,14000.0,24684.711033319632,7435.701600043103,125206.55430003535,41235.78787878788
1789531506,10,GET,/api/annotate-carpark,0.100000,0.000000,61000,61000,61000,61000,61000,61000,61000,61000,61000,61000,61000,5,0,9900.0,20651.481019961648,8036.237899912521,60628.3610999817,269143.4
1789531506,10,GET,/api/find-carparks,0.400000,0.000000,20000,60000,60000,65000,65000,65000,65000,65000,65000,65000,65000,29,0,15000.0,25168.20858620059,7435.701600043103,125206.55430003535,537.7586206896551
1789531506,10,,Aggregated,0.500000,0.000000,60000,60000,61000,61000,65000,65000,65000,65000,65000,65000,65000,34,0,14000.0,24503.98394410663,7435.701600043103,125206.55430003535,40038.58823529412
1789531507,10,GET,/api/annotate-carpark,0.100000,0.000000,61000,61000,61000,61000,61000,61000,61000,61000,61000,61000,61000,5,0,9900.0,20651.481019961648,8036.237899912521,60628.3610999817,269143.4
1789531507,10,GET,/api/find-carparks,0.400000,0.000000,60000,60000,65000,65000,65000,65000,65000,65000,65000,65000,65000,29,0,15000.0,25168.20858620059,7435.701600043103,125206.55430003535,537.7586206896551
1789531507,10,,Aggregated,0.500000,0.000000,60000,61000,61000,65000,65000,65000,65000,65000,65000,65000,65000,34,0,14000.0,24503.98394410663,7435.701600043103,125206.55430003535,40038.58823529412
1789531508,10,GET,/api/annotate-carpark,0.100000,0.000000,61000,61000,61000,61000,61000,61000,61000,61000,61000,61000,61000,5,0,9900.0,20651.481019961648,8036.237899912521,60628.3610999817,269143.4
1789531508,10,GET,/api/find-carparks,0.400000,0.000000,60000,60000,65000,65000,65000,65000,65000,65000,65000,65000,65000,29,0,15000.0,25168.20858620059,7435.701600043103,125206.55430003535,537.7586206896551
1789531508,10,,Aggregated,0.500000,0.000000,60000,61000,61000,65000,65000,65000,65000,65000,65000,65000,65000,34,0,14000.0,24503.98394410663,7435.701600043103,125206.55430003535,40038.58823529412
1789531509,15,GET,/api/annotate-carpark,0.100000,0.000000,61000,61000,61000,61000,61000,61000,61000,61000,61000,61000,61000,5,0,9900.0,20651.481019961648,8036.237899912521,60628.3610999817,269143.4
1789531509,15,GET,/api/find-carparks,0.400000,0.000000,60000,60000,65000,65000,65000,65000,65000,65000,65000,65000,65000,29,0,15000.0,25168.20858620059,7435.701600043103,125206.55430003535,537.7586206896551
1789531509,15,,Aggregated,0.500000,0.000000,61000,61000,65000,65000,65000,65000,65000,65000,65000,65000,65000,34,0,14000.0,24503.98394410663,7435.701600043103,125206.55430003535,40038.58823529412
1789531511,20,GET,/api/annotate-carpark,0.100000,0.000000,61000,61000,61000,61000,61000,61000,61000,61000,61000,61000,61000,5,0,9900.0,20651.481019961648,8036.237899912521,60628.3610999817,269143.4
1789531511,20,GET,/api/find-carparks,0.400000,0.000000,65000,65000,70000,70000,70000,70000,70000,70000,70000,70000,70000,30,0,15000.0,26675.509489991236,7435.701600043103,125206.55430003535,537.7
1789531511,20,,Aggregated,0.500000,0.000000,65000,65000,70000,70000,70000,70000,70000,70000,70000,70000,70000,35,0,15000.0,25814.933994272724,7435.701600043103,125206.55430003535,38909.94285714286
1789531512,20,GET,/api/annotate-carpark,0.100000,0.000000,61000,61000,61000,61000,61000,61000,61000,61000,61000,61000,61000,6,0,9900.0,20419.674449968927,8036.237899912521,60628.3610999817,271007.1666666667
1789531512,20,GET,/api/find-carparks,0.400000,0.000000,65000,65000,70000,70000,70000,70000,70000,70000,70000,70000,70000,30,0,15000.0,26675.509489991236,7435.701600043103,125206.55430003535,537.7
1789531512,20,,Aggregated,0.500000,0.000000,19000,65000,65000,70000,70000,70000,70000,70000,70000,70000,70000,36,0,15000.0,25632.870316654185,7435.701600043103,125206.55430003535,45615.944444444445
1789531513,20,GET,/api/annotate-carpark,0.100000,0.000000,61000,61000,61000,61000,61000,61000,61000,61000,61000,61000,61000,6,0,9900.0,20419.674449968927,8036.237899912521,60628.3610999817,271007.1666666667
1789531513,20,GET,/api/find-carparks,0.300000,0.000000,65000,65000,70000,70000,70000,70000,70000,70000,70000,70000,70000,31,0,15000.0,26410.428909671253,7435.701600043103,125206.55430003535,537.7096774193549
1789531513,20,,Aggregated,0.400000,0.000000,19000,65000,65000,70000,70000,70000,70000,70000,70000,70000,70000,37,0,15000.0,25438.95521350331,7435.701600043103,125206.55430003535,44397.62162162162
1789531514,20,GET,/api/annotate-carpark,0.000000,0.000000,19000,19000,61000,61000,61000,61000,61000,61000,61000,61000,61000,7,0,15000.0,19696.720399976974,8036.237899912521,60628.3610999817,273417.5714285714
1789531514,20,GET,/api/find-carparks,0.400000,0.000000,65000,65000,70000,70000,70000,70000,70000,70000,70000,70000,70000,31,0,15000.0,26410.428909671253,7435.701600043103,125206.55430003535,537.7096774193549
1789531514,20,,Aggregated,0.400000,0.000000,19000,19000,65000,65000,70000,70000,70000,70000,70000,70000,70000,38,0,15000.0,25173.693131569675,7435.701600043103,125206.55430003535,50805.05263157895
1789531515,20,GET,/api/annotate-carpark,0.000000,0.000000,19000,19000,19000,19000,19000,19000,19000,19000,19000,19000,19000,7,0,15000.0,19696.720399976974,8036.237899912521,60628.3610999817,273417.5714285714
1789531515,20,GET,/api/find-carparks,0.400000,0.000000,19000,19000,70000,70000,70000,70000,70000,70000,70000,70000,70000,31,0,15000.0,26410.428909671253,7435.701600043103,125206.55430003535,537.7096774193549
1789531515,20,,Aggregated,0.400000,0.000000,19000,19000,19000,70000,70000,70000,70000,70000,70000,70000,70000,38,0,15000.0,25173.693131569675,7435.701600043103,125206.55430003535,50805.05263157895
1789531516,20,GET,/api/annotate-carpark,0.000000,0.000000,19000,19000,19000,19000,19000,19000,19000,19000,19000,19000,19000,7,0,15000.0,19696.720399976974,8036.237899912521,60628.3610999817,273417.5714285714
1789531516,20,GET,/api/find-carparks,0.400000,0.000000,19000,19000,70000,70000,70000,70000,70000,70000,70000,70000,70000,31,0,15000.0,26410.428909671253,7435.701600043103,125206.55430003535,537.7096774193549
1789531516,20,,Aggregated,0.400000,0.000000,19000,19000,19000,70000,70000,70000,70000,70000,70000,70000,70000,38,0,15000.0,25173.693131569675,7435.701600043103,125206.55430003535,50805.05263157895
1789531517,20,GET,/api/annotate-carpark,0.200000,0.000000,19000,19000,19000,19000,19000,19000,19000,19000,19000,19000,19000,7,0,15000.0,19696.720399976974,8036.237899912521,60628.3610999817,273417.5714285714
1789531517,20,GET,/api/find-carparks,0.400000,0.000000,21000,21000,70000,70000,70000,70000,70000,70000,70000,70000,70000,32,0,15000.0,26229.33585937062,7435.701600043103,125206.55430003535,537.65625
1789531517,20,,Aggregated,0.600000,0.000000,19000,19000,21000,21000,70000,70000,70000,70000,70000,70000,70000,39,0,15000.0,25056.815135889712,7435.701600043103,125206.55430003535,49516.10256410256
1789531518,20,GET,/api/annotate-carpark,0.200000,0.000000,19000,19000,19000,19000,19000,19000,19000,19000,19000,19000,19000,7,0,15000.0,19696.720399976974,8036.237899912521,60628.3610999817,273417.5714285714
1789531518,20,GET,/api/find-carparks,0.400000,0.000000,21000,21000,70000,70000,70000,70000,70000,70000,70000,70000,70000,32,0,15000.0,26229.33585937062,7435.701600043103,125206.55430003535,537.65625
1789531518,20,,Aggregated,0.600000,0.000000,19000,21000,21000,70000,70000,70000,70000,70000,70000,70000,70000,39,0,15000.0,25056.815135889712,7435.701600043103,125206.55430003535,49516.10256410256
1789531519,20,GET,/api/annotate-carpark,0.200000,0.000000,19000,19000,19000,19000,19000,19000,19000,19000,19000,19000,19000,7,0,15000.0,19696.720399976974,8036.237899912521,60628.3610999817,273417.5714285714
1789531519,20,GET,/api/find-carparks,0.300000,0.000000,21000,21000,70000,70000,70000,70000,70000,70000,70000,70000,70000,33,0,15000.0,25863.407984845144,7435.701600043103,125206.55430003535,537.5454545454545
1789531519,20,,Aggregated,0.500000,0.000000,19000,19000,21000,21000,70000,70000,70000,70000,70000,70000,70000,40,0,15000.0,24784.237657493213,7435.701600043103,125206.55430003535,48291.55
1789531520,20,GET,/api/annotate-carpark,0.200000,0.000000,19000,19000,19000,19000,19000,19000,19000,19000,19000,19000,19000,7,0,15000.0,19696.720399976974,8036.237899912521,60628.3610999817,273417.5714285714
1789531520,20,GET,/api/find-carparks,0.300000,0.000000,21000,21000,70000,70000,70000,70000,70000,70000,70000,70000,70000,33,0,15000.0,25863.407984845144,7435.701600043103,125206.55430003535,537.5454545454545
1789531520,20,,Aggregated,0.500000,0.000000,18000,19000,19000,21000,21000,21000,21000,21000,21000,21000,21000,40,0,15000.0,24784.237657493213,7435.701600043103,125206.55430003535,48291.55
1789531521,20,GET,/api/annotate-carpark,0.200000,0.000000,19000,19000,19000,19000,19000,19000,19000,19000,19000,19000,19000,7,0,15000.0,19696.720399976974,8036.237899912521,60628.3610999817,273417.5714285714
1789531521,20,GET,/api/find-carparks,0.300000,0.000000,18000,18000,21000,21000,21000,21000,21000,21000,21000,21000,21000,33,0,15000.0,25863.407984845144,7435.701600043103,125206.55430003535,537.5454545454545
1789531521,20,,Aggregated,0.500000,0.000000,18000,18000,21000,21000,21000,21000,21000,21000,21000,21000,21000,40,0,15000.0,24784.237657493213,7435.701600043103,125206.55430003535,48291.55
1789531522,20,GET,/api/annotate-carpark,0.200000,0.000000,15000,15000,15000,15000,15000,15000,15000,15000,15000,15000,15000,7,0,15000.0,19696.720399976974,8036.237899912521,60628.3610999817,273417.5714285714
1789531522,20,GET,/api/find-carparks,0.400000,0.000000,19000,19000,21000,21000,21000,21000,21000,21000,21000,21000,21000,34,0,15000.0,25660.157523525413,7435.701600043103,125206.55430003535,537.4411764705883
1789531522,20,,Aggregated,0.600000,0.000000,19000,19000,21000,21000,21000,21000,21000,21000,21000,21000,21000,41,0,15000.0,24642.009721943974,7435.701600043103,125206.55430003535,47126.73170731707
1789531523,20,GET,/api/annotate-carpark,0.200000,0.000000,15000,15000,15000,15000,15000,15000,15000,15000,15000,15000,15000,7,0,15000.0,19696.720399976974,8036.237899912521,60628.3610999817,273417.5714285714
1789531523,20,GET,/api/find-carparks,0.400000,0.000000,19000,19000,21000,21000,21000,21000,21000,21000,21000,21000,21000,34,0,15000.0,25660.157523525413,7435.701600043103,125206.55430003535,537.4411764705883
1789531523,20,,Aggregated,0.600000,0.000000,19000,19000,21000,21000,21000,21000,21000,21000,21000,21000,21000,41,0,15000.0,24642.009721943974,7435.701600043103,125206.55430003535,47126.73170731707
1789531524,20,GET,/api/annotate-carpark,0.200000,0.000000,15000,15000,15000,15000,15000,15000,15000,15000,15000,15000,15000,7,0,15000.0,19696.720399976974,8036.237899912521,60628.3610999817,273417.5714285714
1789531524,20,GET,/api/find-carparks,0.300000,0.000000,19000,19000,21000,21000,21000,21000,21000,21000,21000,21000,21000,35,0,15000.0,25322.3777142819,7435.701600043103,125206.55430003535,537.3142857142857
1789531524,20,,Aggregated,0.500000,0.000000,19000,19000,21000,21000,21000,21000,21000,21000,21000,21000,21000,42,0,15000.0,24384.768161897748,7435.701600043103,125206.55430003535,46017.357142857145
1789531525,20,GET,/api/annotate-carpark,0.200000,0.000000,15000,15000,15000,15000,15000,15000,15000,15000,15000,15000,15000,7,0,15000.0,19696.720399976974,8036.237899912521,60628.3610999817,273417.5714285714
1789531525,20,GET,/api/find-carparks,0.300000,0.000000,19000,19000,21000,21000,21000,21000,21000,21000,21000,21000,21000,35,0,15000.0,25322.3777142819,7435.701600043103,125206.55430003535,537.3142857142857
1789531525,20,,Aggregated,0.500000,0.000000,19000,19000,21000,21000,21000,21000,21000,21000,21000,21000,21000,42,0,15000.0,24384.768161897748,7435.701600043103,125206.55430003535,46017.357142857145
1789531526,20,GET,/api/annotate-carpark,0.000000,0.000000,15000,15000,15000,15000,15000,15000,15000,15000,15000,15000,15000,7,0,15000.0,19696.720399976974,8036.237899912521,60628.3610999817,273417.5714285714
1789531526,20,GET,/api/find-carparks,0.400000,0.000000,19000,21000,21000,22000,22000,22000,22000,22000,22000,22000,22000,36,0,15000.0,25243.566119438685,7435.701600043103,125206.55430003535,537.4722222222222
1789531526,20,,Aggregated,0.400000,0.000000,19000,21000,21000,22000,22000,22000,22000,22000,22000,22000,22000,43,0,15000.0,24340.591234875148,7435.701600043103,125206.55430003535,44959.813953488374
1789531527,20,GET,/api/annotate-carpark,0.000000,0.000000,15000,15000,15000,15000,15000,15000,15000,15000,15000,15000,15000,7,0,15000.0,19696.720399976974,8036.237899912521,60628.3610999817,273417.5714285714
1789531527,20,GET,/api/find-carparks,0.400000,0.000000,19000,19000,22000,22000,22000,22000,22000,22000,22000,22000,22000,36,0,15000.0,25243.566119438685,7435.701600043103,125206.55430003535,537.4722222222222
1789531527,20,,Aggregated,0.400000,0.000000,19000,19000,22000,22000,22000,22000,22000,22000,22000,22000,22000,43,0,15000.0,24340.591234875148,7435.701600043103,125206.55430003535,44959.813953488374
1789531528,20,GET,/api/annotate-carpark,0.000000,0.000000,15000,15000,15000,15000,15000,15000,15000,15000,15000,15000,15000,7,0,15000.0,19696.720399976974,8036.237899912521,60628.3610999817,273417.5714285714
1789531528,20,GET,/api/find-carparks,0.400000,0.000000,19000,19000,22000,22000,22000,22000,22000,22000,22000,22000,22000,36,0,15000.0,25243.566119438685,7435.701600043103,125206.55430003535,537.4722222222222
1789531528,20,,Aggregated,0.400000,0.000000,19000,19000,22000,22000,22000,22000,22000,22000,22000,22000,22000,43,0,15000.0,24340.591234875148,7435.701600043103,125206.55430003535,44959.813953488374
1789531529,20,GET,/api/annotate-carpark,0.000000,0.000000,15000,15000,15000,15000,15000,15000,15000,15000,15000,15000,15000,7,0,15000.0,19696.720399976974,8036.237899912521,60628.3610999817,273417.5714285714
1789531529,20,GET,/api/find-carparks,0.400000,0.000000,19000,19000,22000,22000,22000,22000,22000,22000,22000,22000,22000,37,0,16000.0,25059.690718913476,7435.701600043103,125206.55430003535,537.2702702702703
1789531529,20,,Aggregated,0.400000,0.000000,19000,19000,22000,22000,22000,22000,22000,22000,22000,22000,22000,44,0,15000.0,24206.490895446306,7435.701600043103,125206.55430003535,43950.045454545456
1789531530,20,GET,/api/annotate-carpark,0.000000,0.000000,15000,15000,15000,15000,15000,15000,15000,15000,15000,15000,15000,7,0,15000.0,19696.720399976974,8036.237899912521,60628.3610999817,273417.5714285714
1789531530,20,GET,/api/find-carparks,0.400000,0.000000,19000,19000,22000,22000,22000,22000,22000,22000,22000,22000,22000,37,0,16000.0,25059.690718913476,7435.701600043103,125206.55430003535,537.2702702702703
1789531530,20,,Aggregated,0.400000,0.000000,19000,19000,22000,22000,22000,22000,22000,22000,22000,22000,22000,44,0,15000.0,24206.490895446306,7435.701600043103,125206.55430003535,43950.045454545456
1789531531,20,GET,/api/annotate-carpark,0.000000,0.000000,0,0,0,0,0,0,0,0,0,0,0,7,0,15000.0,19696.720399976974,8036.237899912521,60628.3610999817,273417.5714285714
1789531531,20,GET,/api/find-carparks,0.400000,0.000000,19000,22000,22000,23000,23000,23000,23000,23000,23000,23000,23000,38,0,16000.0,25007.905836839007,7435.701600043103,125206.55430003535,537.3684210526316
1789531531,20,,Aggregated,0.400000,0.000000,19000,22000,22000,23000,23000,23000,23000,23000,23000,23000,23000,45,0,16000.0,24181.72143554936,7435.701600043103,125206.55430003535,42985.4
1789531532,20,GET,/api/annotate-carpark,0.000000,0.000000,22000,22000,22000,22000,22000,22000,22000,22000,22000,22000,22000,8,0,15000.0,19984.87764998572,8036.237899912521,60628.3610999817,276042.625
1789531532,20,GET,/api/find-carparks,0.400000,0.000000,22000,22000,23000,23000,23000,23000,23000,23000,23000,23000,23000,38,0,16000.0,25007.905836839007,7435.701600043103,125206.55430003535,537.3684210526316
1789531532,20,,Aggregated,0.400000,0.000000,22000,22000,22000,23000,23000,23000,23000,23000,23000,23000,23000,46,0,16000.0,24134.335717386264,7435.701600043103,125206.55430003535,48451.32608695652
1789531533,20,GET,/api/annotate-carpark,0.000000,0.000000,22000,22000,22000,22000,22000,22000,22000,22000,22000,22000,22000,8,0,15000.0,19984.87764998572,8036.237899912521,60628.3610999817,276042.625
1789531533,20,GET,/api/find-carparks,0.400000,0.000000,22000,22000,23000,23000,23000,23000,23000,23000,23000,23000,23000,38,0,16000.0,25007.905836839007,7435.701600043103,125206.55430003535,537.3684210526316
1789531533,20,,Aggregated,0.400000,0.000000,22000,22000,22000,23000,23000,23000,23000,23000,23000,23000,23000,46,0,16000.0,24134.335717386264,7435.701600043103,125206.55430003535,48451.32608695652
1789531534,20,GET,/api/annotate-carpark,0.000000,0.000000,22000,22000,22000,22000,22000,22000,22000,22000,22000,22000,22000,8,0,15000.0,19984.87764998572,8036.237899912521,60628.3610999817,276042.625
1789531534,20,GET,/api/find-carparks,0.500000,0.000000,23000,23000,23000,23000,23000,23000,23000,23000,23000,23000,23000,39,0,18000.0,24967.811910253473,7435.701600043103,125206.55430003535,537.3076923076923
1789531534,20,,Aggregated,0.500000,0.000000,22000,23000,23000,23000,23000,23000,23000,23000,23000,23000,23000,47,0,16000.0,24119.652887229175,7435.701600043103,125206.55430003535,47431.82978723404
1789531535,20,GET,/api/annotate-carpark,0.000000,0.000000,22000,22000,22000,22000,22000,22000,22000,22000,22000,22000,22000,8,0,15000.0,19984.87764998572,8036.237899912521,60628.3610999817,276042.625
1789531535,20,GET,/api/find-carparks,0.500000,0.000000,23000,23000,23000,23000,23000,23000,23000,23000,23000,23000,23000,39,0,18000.0,24967.811910253473,7435.701600043103,125206.55430003535,537.3076923076923
1789531535,20,,Aggregated,0.500000,0.000000,22000,23000,23000,23000,23000,23000,23000,23000,23000,23000,23000,47,0,16000.0,24119.652887229175,7435.701600043103,125206.55430003535,47431.82978723404
1789531536,20,GET,/api/annotate-carpark,0.000000,0.000000,22000,22000,22000,22000,22000,22000,22000,22000,22000,22000,22000,8,0,15000.0,19984.87764998572,8036.237899912521,60628.3610999817,276042.625
1789531536,20,GET,/api/find-carparks,0.500000,0.000000,23000,23000,23000,23000,23000,23000,23000,23000,23000,23000,23000,39,0,18000.0,24967.811910253473,7435.701600043103,125206.55430003535,537.3076923076923
1789531536,20,,Aggregated,0.500000,0.000000,22000,23000,23000,23000,23000,23000,23000,23000,23000,23000,23000,47,0,16000.0,24119.652887229175,7435.701600043103,125206.55430003535,47431.82978723404
1789531537,20,GET,/api/annotate-carpark,0.100000,0.000000,22000,22000,22000,22000,22000,22000,22000,22000,22000,22000,22000,8,0,15000.0,19984.87764998572,8036.237899912521,60628.3610999817,276042.625
1789531537,20,GET,/api/find-carparks,0.400000,0.000000,23000,23000,27000,27000,27000,27000,27000,27000,27000,27000,27000,40,0,18000.0,25008.957577496767,7435.701600043103,125206.55430003535,537.525
1789531537,20,,Aggregated,0.500000,0.000000,23000,23000,23000,27000,27000,27000,27000,27000,27000,27000,27000,48,0,16000.0,24171.610922911594,7435.701600043103,125206.55430003535,46455.041666666664
1789531538,20,GET,/api/annotate-carpark,0.100000,0.000000,22000,22000,22000,22000,22000,22000,22000,22000,22000,22000,22000,8,0,15000.0,19984.87764998572,8036.237899912521,60628.3610999817,276042.625
1789531538,20,GET,/api/find-carparks,0.400000,0.000000,23000,27000,27000,28000,28000,28000,28000,28000,28000,28000,28000,41,0,18000.0,25090.659148775314,7435.701600043103,125206.55430003535,537.390243902439
1789531538,20,,Aggregated,0.500000,0.000000,23000,23000,27000,27000,28000,28000,28000,28000,28000,28000,28000,49,0,18000.0,24257.062169381094,7435.701600043103,125206.55430003535,45517.836734693876
1789531539,20,GET,/api/annotate-carpark,0.100000,0.000000,28000,28000,28000,28000,28000,28000,28000,28000,28000,28000,28000,9,0,16000.0,20917.41218887425,8036.237899912521,60628.3610999817,274001.22222222225
1789531539,20,GET,/api/find-carparks,0.400000,0.000000,27000,27000,28000,28000,28000,28000,28000,28000,28000,28000,28000,41,0,18000.0,25090.659148775314,7435.701600043103,125206.55430003535,537.390243902439
1789531539,20,,Aggregated,0.500000,0.000000,27000,27000,28000,28000,28000,28000,28000,28000,28000,28000,28000,50,0,18000.0,24339.47469599312,7435.701600043103,125206.55430003535,49760.88
1789531540,20,GET,/api/annotate-carpark,0.100000,0.000000,28000,28000,28000,28000,28000,28000,28000,28000,28000,28000,28000,9,0,16000.0,20917.41218887425,8036.237899912521,60628.3610999817,274001.22222222225
1789531540,20,GET,/api/find-carparks,0.400000,0.000000,27000,27000,28000,28000,28000,28000,28000,28000,28000,28000,28000,41,0,18000.0,25090.659148775314,7435.701600043103,125206.55430003535,537.390243902439
1789531540,20,,Aggregated,0.500000,0.000000,27000,28000,28000,28000,28000,28000,28000,28000,28000,28000,28000,50,0,18000.0,24339.47469599312,7435.701600043103,125206.55430003535,49760.88
1789531541,20,GET,/api/annotate-carpark,0.100000,0.000000,28000,28000,28000,28000,28000,28000,28000,28000,28000,28000,28000,9,0,16000.0,20917.41218887425,8036.237899912521,60628.3610999817,274001.22222222225
1789531541,20,GET,/api/find-carparks,0.400000,0.000000,28000,28000,28000,28000,28000,28000,28000,28000,28000,28000,28000,42,0,18000.0,25160.292852376144,7435.701600043103,125206.55430003535,537.547619047619
1789531541,20,,Aggregated,0.500000,0.000000,28000,28000,28000,28000,28000,28000,28000,28000,28000,28000,28000,51,0,18000.0,24411.54920587581,7435.701600043103,125206.55430003535,48795.8431372549
1789531542,20,GET,/api/annotate-carpark,0.100000,0.000000,28000,28000,28000,28000,28000,28000,28000,28000,28000,28000,28000,9,0,16000.0,20917.41218887425,8036.237899912521,60628.3610999817,274001.22222222225
1789531542,20,GET,/api/find-carparks,0.400000,0.000000,28000,28000,28000,28000,28000,28000,28000,28000,28000,28000,28000,42,0,18000.0,25160.292852376144,7435.701600043103,125206.55430003535,537.547619047619
1789531542,20,,Aggregated,0.500000,0.000000,28000,28000,28000,28000,28000,28000,28000,28000,28000,28000,28000,51,0,18000.0,24411.54920587581,7435.701600043103,125206.55430003535,48795.8431372549
1789531543,20,GET,/api/annotate-carpark,0.100000,0.000000,28000,28000,28000,28000,28000,28000,28000,28000,28000,28000,28000,9,0,16000.0,20917.41218887425,8036.237899912521,60628.3610999817,274001.22222222225
1789531543,20,GET,/api/find-carparks,0.400000,0.000000,28000,28000,28000,28000,28000,28000,28000,28000,28000,28000,28000,42,0,18000.0,25160.292852376144,7435.701600043103,125206.55430003535,537.547619047619
1789531543,20,,Aggregated,0.500000,0.000000,28000,28000,28000,28000,28000,28000,28000,28000,28000,28000,28000,51,0,18000.0,24411.54920587581,7435.701600043103,125206.55430003535,48795.8431372549
1789531544,20,GET,/api/annotate-carpark,0.100000,0.000000,28000,28000,28000,28000,28000,28000,28000,28000,28000,28000,28000,9,0,16000.0,20917.41218887425,8036.237899912521,60628.3610999817,274001.22222222225
1789531544,20,GET,/api/find-carparks,0.400000,0.000000,28000,28000,28000,28000,28000,28000,28000,28000,28000,28000,28000,42,0,18000.0,25160.292852376144,7435.701600043103,125206.55430003535,537.547619047619
1789531544,20,,Aggregated,0.500000,0.000000,28000,28000,28000,28000,28000,28000,28000,28000,28000,28000,28000,51,0,18000.0,24411.54920587581,7435.701600043103,125206.55430003535,48795.8431372549
1789531545,20,GET,/api/annotate-carpark,0.100000,0.000000,28000,28000,28000,28000,28000,28000,28000,28000,28000,28000,28000,9,0,16000.0,20917.41218887425,8036.237899912521,60628.3610999817,274001.22222222225
1789531545,20,GET,/api/find-carparks,0.400000,0.000000,28000,28000,34000,34000,34000,34000,34000,34000,34000,34000,34000,43,0,18000.0,25356.58558371726,7435.701600043103,125206.55430003535,537.5581395348837
1789531545,20,,Aggregated,0.500000,0.000000,28000,28000,28000,34000,34000,34000,34000,34000,34000,34000,34000,52,0,18000.0,24588.267111532892,7435.701600043103,125206.55430003535,47867.807692307695
1789531546,20,GET,/api/annotate-carpark,0.100000,0.000000,28000,28000,28000,28000,28000,28000,28000,28000,28000,28000,28000,9,0,16000.0,20917.41218887425,8036.237899912521,60628.3610999817,274001.22222222225
1789531546,20,GET,/api/find-carparks,0.400000,0.000000,28000,32000,32000,34000,34000,34000,34000,34000,34000,34000,34000,44,0,18000.0,25498.47935226915,7435.701600043103,125206.55430003535,537.5227272727273
1789531546,20,,Aggregated,0.500000,0.000000,28000,28000,32000,32000,34000,34000,34000,34000,34000,34000,34000,53,0,18000.0,24720.562286786997,7435.701600043103,125206.55430003535,46974.75471698113
1789531547,20,GET,/api/annotate-carpark,0.100000,0.000000,28000,28000,28000,28000,28000,28000,28000,28000,28000,28000,28000,9,0,16000.0,20917.41218887425,8036.237899912521,60628.3610999817,274001.22222222225
1789531547,20,GET,/api/find-carparks,0.400000,0.000000,32000,32000,34000,34000,34000,34000,34000,34000,34000,34000,34000,44,0,18000.0,25498.47935226915,7435.701600043103,125206.55430003535,537.5227272727273
1789531547,20,,Aggregated,0.500000,0.000000,28000,32000,32000,34000,34000,34000,34000,34000,34000,34000,34000,53,0,18000.0,24720.562286786997,7435.701600043103,125206.55430003535,46974.75471698113
1789531548,20,GET,/api/annotate-carpark,0.100000,0.000000,28000,28000,28000,28000,28000,28000,28000,28000,28000,28000,28000,9,0,16000.0,20917.41218887425,8036.237899912521,60628.3610999817,274001.22222222225
1789531548,20,GET,/api/find-carparks,0.400000,0.000000,32000,32000,34000,34000,34000,34000,34000,34000,34000,34000,34000,44,0,18000.0,25498.47935226915,7435.701600043103,125206.55430003535,537.5227272727273
1789531548,20,,Aggregated,0.500000,0.000000,32000,32000,34000,34000,34000,34000,34000,34000,34000,34000,34000,53,0,18000.0,24720.562286786997,7435.701600043103,125206.55430003535,46974.75471698113
1789531549,20,GET,/api/annotate-carpark,0.100000,0.000000,28000,28000,28000,28000,28000,28000,28000,28000,28000,28000,28000,9,0,16000.0,20917.41218887425,8036.237899912521,60628.3610999817,274001.22222222225
1789531549,20,GET,/api/find-carparks,0.400000,0.000000,34000,34000,38000,38000,38000,38000,38000,38000,38000,38000,38000,45,0,19000.0,25780.355804442013,7435.701600043103,125206.55430003535,537.3777777777777
1789531549,20,,Aggregated,0.500000,0.000000,32000,34000,34000,38000,38000,38000,38000,38000,38000,38000,38000,54,0,18000.0,24969.865201847388,7435.701600043103,125206.55430003535,46114.68518518518
1789531550,20,GET,/api/annotate-carpark,0.100000,0.000000,28000,28000,28000,28000,28000,28000,28000,28000,28000,28000,28000,9,0,16000.0,20917.41218887425,8036.237899912521,60628.3610999817,274001.22222222225
1789531550,20,GET,/api/find-carparks,0.400000,0.000000,33000,34000,34000,38000,38000,38000,38000,38000,38000,38000,38000,46,0,19000.0,25931.274319561096,7435.701600043103,125206.55430003535,537.3695652173913
1789531550,20,,Aggregated,0.500000,0.000000,33000,34000,34000,38000,38000,38000,38000,38000,38000,38000,38000,55,0,19000.0,25110.82415272143,7435.701600043103,125206.55430003535,45286.0
1789531551,20,GET,/api/annotate-carpark,0.100000,0.000000,28000,28000,28000,28000,28000,28000,28000,28000,28000,28000,28000,10,0,16000.0,21621.212479984388,8036.237899912521,60628.3610999817,274854.5
1789531551,20,GET,/api/find-carparks,0.300000,0.000000,33000,34000,34000,38000,38000,38000,38000,38000,38000,38000,38000,46,0,19000.0,25931.274319561096,7435.701600043103,125206.55430003535,537.3695652173913
1789531551,20,,Aggregated,0.400000,0.000000,33000,33000,34000,34000,38000,38000,38000,38000,38000,38000,38000,56,0,19000.0,25161.620419636685,7435.701600043103,125206.55430003535,49522.57142857143
1789531552,20,GET,/api/annotate-carpark,0.100000,0.000000,28000,28000,28000,28000,28000,28000,28000,28000,28000,28000,28000,10,0,16000.0,21621.212479984388,8036.237899912521,60628.3610999817,274854.5
1789531552,20,GET,/api/find-carparks,0.300000,0.000000,34000,34000,38000,38000,38000,38000,38000,38000,38000,38000,38000,46,0,19000.0,25931.274319561096,7435.701600043103,125206.55430003535,537.3695652173913
1789531552,20,,Aggregated,0.400000,0.000000,33000,34000,34000,38000,38000,38000,38000,38000,38000,38000,38000,56,0,19000.0,25161.620419636685,7435.701600043103,125206.55430003535,49522.57142857143
1789531553,20,GET,/api/annotate-carpark,0.000000,0.000000,28000,28000,28000,28000,28000,28000,28000,28000,28000,28000,28000,10,0,16000.0,21621.212479984388,8036.237899912521,60628.3610999817,274854.5
1789531553,20,GET,/api/find-carparks,0.500000,0.000000,34000,38000,38000,43000,43000,43000,43000,43000,43000,43000,43000,47,0,19000.0,26285.19591276207,7435.701600043103,125206.55430003535,537.3617021276596
1789531553,20,,Aggregated,0.500000,0.000000,34000,34000,38000,38000,43000,43000,43000,43000,43000,43000,43000,57,0,19000.0,25466.953205257214,7435.701600043103,125206.55430003535,48663.17543859649
1789531554,20,GET,/api/annotate-carpark,0.000000,0.000000,28000,28000,28000,28000,28000,28000,28000,28000,28000,28000,28000,10,0,16000.0,21621.212479984388,8036.237899912521,60628.3610999817,274854.5
1789531554,20,GET,/api/find-carparks,0.500000,0.000000,38000,38000,43000,43000,43000,43000,43000,43000,43000,43000,43000,47,0,19000.0,26285.19591276207,7435.701600043103,125206.55430003535,537.3617021276596
1789531554,20,,Aggregated,0.500000,0.000000,33000,38000,38000,43000,43000,43000,43000,43000,43000,43000,43000,57,0,19000.0,25466.953205257214,7435.701600043103,125206.55430003535,48663.17543859649
1789531555,20,GET,/api/annotate-carpark,0.100000,0.000000,28000,28000,28000,28000,28000,28000,28000,28000,28000,28000,28000,10,0,16000.0,21621.212479984388,8036.237899912521,60628.3610999817,274854.5
1789531555,20,GET,/api/find-carparks,0.400000,0.000000,33000,38000,38000,43000,43000,43000,43000,43000,43000,43000,43000,48,0,19000.0,26309.846724994713,7435.701600043103,125206.55430003535,537.5
1789531555,20,,Aggregated,0.500000,0.000000,33000,33000,38000,38000,43000,43000,43000,43000,43000,43000,43000,58,0,19000.0,25501.461510337762,7435.701600043103,125206.55430003535,47833.53448275862
1789531556,20,GET,/api/annotate-carpark,0.100000,0.000000,28000,28000,28000,28000,28000,28000,28000,28000,28000,28000,28000,10,0,16000.0,21621.212479984388,8036.237899912521,60628.3610999817,274854.5
1789531556,20,GET,/api/find-carparks,0.400000,0.000000,33000,38000,38000,43000,43000,43000,43000,43000,43000,43000,43000,48,0,19000.0,26309.846724994713,7435.701600043103,125206.55430003535,537.5
1789531556,20,,Aggregated,0.500000,0.000000,33000,33000,38000,38000,43000,43000,43000,43000,43000,43000,43000,58,0,19000.0,25501.461510337762,7435.701600043103,125206.55430003535,47833.53448275862
1789531557,20,GET,/api/annotate-carpark,0.100000,0.000000,28000,28000,28000,28000,28000,28000,28000,28000,28000,28000,28000,10,0,16000.0,21621.212479984388,8036.237899912521,60628.3610999817,274854.5
1789531557,20,GET,/api/find-carparks,0.400000,0.000000,38000,38000,43000,43000,43000,43000,43000,43000,43000,43000,43000,48,0,19000.0,26309.846724994713,7435.701600043103,125206.55430003535,537.5
1789531557,20,,Aggregated,0.500000,0.000000,33000,38000,38000,43000,43000,43000,43000,43000,43000,43000,43000,58,0,19000.0,25501.461510337762,7435.701600043103,125206.55430003535,47833.53448275862
1789531558,20,GET,/api/annotate-carpark,0.100000,0.000000,28000,28000,28000,28000,28000,28000,28000,28000,28000,28000,28000,10,0,16000.0,21621.212479984388,8036.237899912521,60628.3610999817,274854.5
1789531558,20,GET,/api/find-carparks,0.400000,0.000000,38000,43000,43000,47000,47000,47000,47000,47000,47000,47000,47000,49,0,19000.0,26734.44613060743,7435.701600043103,125206.55430003535,537.3061224489796
1789531558,20,,Aggregated,0.500000,0.000000,38000,38000,43000,43000,47000,47000,47000,47000,47000,47000,47000,59,0,19000.0,25867.796359315387,7435.701600043103,125206.55430003535,47031.745762711864
1789531559,20,GET,/api/annotate-carpark,0.100000,0.000000,28000,28000,28000,28000,28000,28000,28000,28000,28000,28000,28000,10,0,16000.0,21621.212479984388,8036.237899912521,60628.3610999817,274854.5
1789531559,20,GET,/api/find-carparks,0.400000,0.000000,43000,43000,47000,47000,47000,47000,47000,47000,47000,47000,47000,49,0,19000.0,26734.44613060743,7435.701600043103,125206.55430003535,537.3061224489796
1789531559,20,,Aggregated,0.500000,0.000000,33000,43000,43000,47000,47000,47000,47000,47000,47000,47000,47000,59,0,19000.0,25867.796359315387,7435.701600043103,125206.55430003535,47031.745762711864
1789531560,20,GET,/api/annotate-carpark,0.100000,0.000000,28000,28000,28000,28000,28000,28000,28000,28000,28000,28000,28000,10,0,16000.0,21621.212479984388,8036.237899912521,60628.3610999817,274854.5
1789531560,20,GET,/api/find-carparks,0.400000,0.000000,33000,43000,43000,47000,47000,47000,47000,47000,47000,47000,47000,50,0,19000.0,26730.8437399962,7435.701600043103,125206.55430003535,537.4
1789531560,20,,Aggregated,0.500000,0.000000,28000,43000,43000,47000,47000,47000,47000,47000,47000,47000,47000,60,0,19000.0,25879.23852999423,7435.701600043103,125206.55430003535,46256.916666666664
1789531561,20,GET,/api/annotate-carpark,0.100000,0.000000,28000,28000,28000,28000,28000,28000,28000,28000,28000,28000,28000,10,0,16000.0,21621.212479984388,8036.237899912521,60628.3610999817,274854.5
1789531561,20,GET,/api/find-carparks,0.400000,0.000000,43000,43000,47000,47000,47000,47000,47000,47000,47000,47000,47000,50,0,19000.0,26730.8437399962,7435.701600043103,125206.55430003535,537.4
1789531561,20,,Aggregated,0.500000,0.000000,28000,43000,43000,47000,47000,47000,47000,47000,47000,47000,47000,60,0,19000.0,25879.23852999423,7435.701600043103,125206.55430003535,46256.916666666664
1789531562,20,GET,/api/annotate-carpark,0.100000,0.000000,28000,28000,28000,28000,28000,28000,28000,28000,28000,28000,28000,10,0,16000.0,21621.212479984388,8036.237899912521,60628.3610999817,274854.5
1789531562,20,GET,/api/find-carparks,0.500000,0.000000,43000,47000,47000,48000,48000,48000,48000,48000,48000,48000,48000,51,0,19000.0,27145.31727646724,7435.701600043103,125206.55430003535,537.5098039215686
1789531562,20,,Aggregated,0.600000,0.000000,43000,47000,47000,48000,48000,48000,48000,48000,48000,48000,48000,61,0,19000.0,26239.72632622415,7435.701600043103,125206.55430003535,45507.50819672131
1789531563,20,GET,/api/annotate-carpark,0.100000,0.000000,47000,47000,47000,47000,47000,47000,47000,47000,47000,47000,47000,11,0,19000.0,23952.72350907114,8036.237899912521,60628.3610999817,272260.0909090909
1789531563,20,GET,/api/find-carparks,0.400000,0.000000,43000,47000,47000,48000,48000,48000,48000,48000,48000,48000,48000,51,0,19000.0,27145.31727646724,7435.701600043103,125206.55430003535,537.5098039215686
1789531563,20,,Aggregated,0.500000,0.000000,47000,47000,47000,47000,48000,48000,48000,48000,48000,48000,48000,62,0,19000.0,26578.88934999374,7435.701600043103,125206.55430003535,48746.354838709674
1789531564,20,GET,/api/annotate-carpark,0.000000,0.000000,47000,47000,47000,47000,47000,47000,47000,47000,47000,47000,47000,11,0,19000.0,23952.72350907114,8036.237899912521,60628.3610999817,272260.0909090909
1789531564,20,GET,/api/find-carparks,0.400000,0.000000,31000,47000,47000,48000,48000,48000,48000,48000,48000,48000,48000,52,0,19000.0,27213.156871150622,7435.701600043103,125206.55430003535,537.4807692307693
1789531564,20,,Aggregated,0.400000,0.000000,47000,47000,47000,47000,48000,48000,48000,48000,48000,48000,48000,63,0,19000.0,26643.874855549446,7435.701600043103,125206.55430003535,47981.11111111111
1789531565,20,GET,/api/annotate-carpark,0.000000,0.000000,28000,28000,47000,47000,47000,47000,47000,47000,47000,47000,47000,12,0,19000.0,24236.77121664514,8036.237899912521,60628.3610999817,273636.1666666667
1789531565,20,GET,/api/find-carparks,0.500000,0.000000,31000,47000,47000,48000,48000,48000,48000,48000,48000,48000,48000,52,0,19000.0,27213.156871150622,7435.701600043103,125206.55430003535,537.4807692307693
1789531565,20,,Aggregated,0.500000,0.000000,31000,47000,47000,47000,48000,48000,48000,48000,48000,48000,48000,64,0,19000.0,26655.084560930845,7435.701600043103,125206.55430003535,51743.484375
1789531566,20,GET,/api/annotate-carpark,0.000000,0.000000,28000,28000,47000,47000,47000,47000,47000,47000,47000,47000,47000,12,0,19000.0,24236.77121664514,8036.237899912521,60628.3610999817,273636.1666666667
1789531566,20,GET,/api/find-carparks,0.500000,0.000000,47000,47000,48000,48000,48000,48000,48000,48000,48000,48000,48000,52,0,19000.0,27213.156871150622,7435.701600043103,125206.55430003535,537.4807692307693
1789531566,20,,Aggregated,0.500000,0.000000,47000,47000,47000,47000,48000,48000,48000,48000,48000,48000,48000,64,0,19000.0,26655.084560930845,7435.701600043103,125206.55430003535,51743.484375
1789531567,20,GET,/api/annotate-carpark,0.000000,0.000000,47000,47000,47000,47000,47000,47000,47000,47000,47000,47000,47000,12,0,19000.0,24236.77121664514,8036.237899912521,60628.3610999817,273636.1666666667
1789531567,20,GET,/api/find-carparks,0.500000,0.000000,47000,47000,48000,48000,48000,48000,48000,48000,48000,48000,48000,52,0,19000.0,27213.156871150622,7435.701600043103,125206.55430003535,537.4807692307693
1789531567,20,,Aggregated,0.500000,0.000000,47000,47000,47000,47000,48000,48000,48000,48000,48000,48000,48000,64,0,19000.0,26655.084560930845,7435.701600043103,125206.55430003535,51743.484375
1789531568,20,GET,/api/annotate-carpark,0.100000,0.000000,47000,47000,47000,47000,47000,47000,47000,47000,47000,47000,47000,12,0,19000.0,24236.77121664514,8036.237899912521,60628.3610999817,273636.1666666667
1789531568,20,GET,/api/find-carparks,0.500000,0.000000,48000,48000,48000,48000,48000,48000,48000,48000,48000,48000,48000,53,0,20000.0,27598.667590562607,7435.701600043103,125206.55430003535,537.6415094339623
1789531568,20,,Aggregated,0.600000,0.000000,47000,47000,48000,48000,48000,48000,48000,48000,48000,48000,48000,65,0,20000.0,26978.009798454765,7435.701600043103,125206.55430003535,50955.83076923077
1789531569,20,GET,/api/annotate-carpark,0.200000,0.000000,47000,47000,47000,47000,47000,47000,47000,47000,47000,47000,47000,12,0,19000.0,24236.77121664514,8036.237899912521,60628.3610999817,273636.1666666667
1789531569,20,GET,/api/find-carparks,0.400000,0.000000,31000,48000,48000,48000,48000,48000,48000,48000,48000,48000,48000,54,0,20000.0,27584.012557403184,7435.701600043103,125206.55430003535,537.6481481481482
1789531569,20,,Aggregated,0.600000,0.000000,31000,47000,48000,48000,48000,48000,48000,48000,48000,48000,48000,66,0,20000.0,26975.423222719903,7435.701600043103,125206.55430003535,50191.92424242424
1789531570,20,GET,/api/annotate-carpark,0.200000,0.000000,27000,27000,47000,47000,47000,47000,47000,47000,47000,47000,47000,13,0,22000.0,24146.442892280622,8036.237899912521,60628.3610999817,271423.6923076923
1789531570,20,GET,/api/find-carparks,0.400000,0.000000,48000,48000,48000,48000,48000,48000,48000,48000,48000,48000,48000,54,0,20000.0,27584.012557403184,7435.701600043103,125206.55430003535,537.6481481481482
1789531570,20,,Aggregated,0.600000,0.000000,31000,47000,48000,48000,48000,48000,48000,48000,48000,48000,48000,67,0,21000.0,26917.02142834955,7435.701600043103,125206.55430003535,53097.62686567164
1789531571,20,GET,/api/annotate-carpark,0.200000,0.000000,27000,27000,47000,47000,47000,47000,47000,47000,47000,47000,47000,13,0,22000.0,24146.442892280622,8036.237899912521,60628.3610999817,271423.6923076923
1789531571,20,GET,/api/find-carparks,0.400000,0.000000,48000,48000,48000,48000,48000,48000,48000,48000,48000,48000,48000,54,0,20000.0,27584.012557403184,7435.701600043103,125206.55430003535,537.6481481481482
1789531571,20,,Aggregated,0.600000,0.000000,31000,47000,48000,48000,48000,48000,48000,48000,48000,48000,48000,67,0,21000.0,26917.02142834955,7435.701600043103,125206.55430003535,53097.62686567164
1789531572,20,GET,/api/annotate-carpark,0.200000,0.000000,27000,27000,47000,47000,47000,47000,47000,47000,47000,47000,47000,13,0,22000.0,24146.442892280622,8036.237899912521,60628.3610999817,271423.6923076923
1789531572,20,GET,/api/find-carparks,0.400000,0.000000,48000,48000,48000,48000,48000,48000,48000,48000,48000,48000,48000,55,0,21000.0,27949.820099997505,7435.701600043103,125206.55430003535,537.7818181818182
1789531572,20,,Aggregated,0.600000,0.000000,31000,47000,48000,48000,48000,48000,48000,48000,48000,48000,48000,68,0,21000.0,27222.703869110454,7435.701600043103,125206.55430003535,52324.794117647056
1789531573,20,GET,/api/annotate-carpark,0.200000,0.000000,27000,27000,47000,47000,47000,47000,47000,47000,47000,47000,47000,13,0,22000.0,24146.442892280622,8036.237899912521,60628.3610999817,271423.6923076923
1789531573,20,GET,/api/find-carparks,0.400000,0.000000,48000,48000,48000,48000,48000,48000,48000,48000,48000,48000,48000,55,0,21000.0,27949.820099997505,7435.701600043103,125206.55430003535,537.7818181818182
1789531573,20,,Aggregated,0.600000,0.000000,31000,31000,48000,48000,48000,48000,48000,48000,48000,48000,48000,68,0,21000.0,27222.703869110454,7435.701600043103,125206.55430003535,52324.794117647056
1789531574,20,GET,/api/annotate-carpark,0.300000,0.000000,27000,27000,27000,27000,27000,27000,27000,27000,27000,27000,27000,13,0,22000.0,24146.442892280622,8036.237899912521,60628.3610999817,271423.6923076923
1789531574,20,GET,/api/find-carparks,0.400000,0.000000,31000,48000,48000,48000,48000,48000,48000,48000,48000,48000,48000,56,0,21000.0,27842.937960711424,7435.701600043103,125206.55430003535,537.75
1789531574,20,,Aggregated,0.700000,0.000000,27000,27000,48000,48000,48000,48000,48000,48000,48000,48000,48000,69,0,22000.0,27146.496860862142,7435.701600043103,125206.55430003535,51574.23188405797
1789531575,20,GET,/api/annotate-carpark,0.300000,0.000000,27000,27000,27000,27000,27000,27000,27000,27000,27000,27000,27000,13,0,22000.0,24146.442892280622,8036.237899912521,60628.3610999817,271423.6923076923
1789531575,20,GET,/api/find-carparks,0.400000,0.000000,48000,48000,48000,48000,48000,48000,48000,48000,48000,48000,48000,56,0,21000.0,27842.937960711424,7435.701600043103,125206.55430003535,537.75
1789531575,20,,Aggregated,0.700000,0.000000,27000,27000,48000,48000,48000,48000,48000,48000,48000,48000,48000,69,0,22000.0,27146.496860862142,7435.701600043103,125206.55430003535,51574.23188405797
1789531576,20,GET,/api/annotate-carpark,0.200000,0.000000,27000,27000,27000,27000,27000,27000,27000,27000,27000,27000,27000,13,0,22000.0,24146.442892280622,8036.237899912521,60628.3610999817,271423.6923076923
1789531576,20,GET,/api/find-carparks,0.400000,0.000000,46000,48000,48000,48000,48000,48000,48000,48000,48000,48000,48000,57,0,22000.0,28168.38773157603,7435.701600043103,125206.55430003535,537.6842105263158
1789531576,20,,Aggregated,0.600000,0.000000,46000,46000,48000,48000,48000,48000,48000,48000,48000,48000,48000,70,0,22000.0,27421.455118564023,7435.701600043103,125206.55430003535,50845.08571428571
1789531577,20,GET,/api/annotate-carpark,0.200000,0.000000,23000,23000,23000,23000,23000,23000,23000,23000,23000,23000,23000,13,0,22000.0,24146.442892280622,8036.237899912521,60628.3610999817,271423.6923076923
1789531577,20,GET,/api/find-carparks,0.400000,0.000000,46000,48000,48000,48000,48000,48000,48000,48000,48000,48000,48000,57,0,22000.0,28168.38773157603,7435.701600043103,125206.55430003535,537.6842105263158
1789531577,20,,Aggregated,0.600000,0.000000,46000,46000,48000,48000,48000,48000,48000,48000,48000,48000,48000,70,0,22000.0,27421.455118564023,7435.701600043103,125206.55430003535,50845.08571428571
1789531578,20,GET,/api/annotate-carpark,0.200000,0.000000,23000,23000,23000,23000,23000,23000,23000,23000,23000,23000,23000,13,0,22000.0,24146.442892280622,8036.237899912521,60628.3610999817,271423.6923076923
1789531578,20,GET,/api/find-carparks,0.400000,0.000000,46000,46000,48000,48000,48000,48000,48000,48000,48000,48000,48000,57,0,22000.0,28168.38773157603,7435.701600043103,125206.55430003535,537.6842105263158
1789531578,20,,Aggregated,0.600000,0.000000,27000,46000,46000,48000,48000,48000,48000,48000,48000,48000,48000,70,0,22000.0,27421.455118564023,7435.701600043103,125206.55430003535,50845.08571428571
1789531579,20,GET,/api/annotate-carpark,0.100000,0.000000,23000,23000,23000,23000,23000,23000,23000,23000,23000,23000,23000,13,0,22000.0,24146.442892280622,8036.237899912521,60628.3610999817,271423.6923076923
1789531579,20,GET,/api/find-carparks,0.400000,0.000000,27000,46000,46000,48000,48000,48000,48000,48000,48000,48000,48000,58,0,22000.0,28116.285613790187,7435.701600043103,125206.55430003535,537.6551724137931
1789531579,20,,Aggregated,0.500000,0.000000,25000,46000,46000,48000,48000,48000,48000,48000,48000,48000,48000,71,0,22000.0,27389.41300280956,7435.701600043103,125206.55430003535,50136.50704225352
1789531580,25,GET,/api/annotate-carpark,0.100000,0.000000,23000,23000,23000,23000,23000,23000,23000,23000,23000,23000,23000,13,0,22000.0,24146.442892280622,8036.237899912521,60628.3610999817,271423.6923076923
1789531580,25,GET,/api/find-carparks,0.400000,0.000000,46000,46000,48000,48000,48000,48000,48000,48000,48000,48000,48000,58,0,22000.0,28116.285613790187,7435.701600043103,125206.55430003535,537.6551724137931
1789531580,25,,Aggregated,0.500000,0.000000,25000,46000,46000,48000,48000,48000,48000,48000,48000,48000,48000,71,0,22000.0,27389.41300280956,7435.701600043103,125206.55430003535,50136.50704225352
1789531581,30,GET,/api/annotate-carpark,0.100000,0.000000,23000,23000,23000,23000,23000,23000,23000,23000,23000,23000,23000,13,0,22000.0,24146.442892280622,8036.237899912521,60628.3610999817,271423.6923076923
1789531581,30,GET,/api/find-carparks,0.500000,0.000000,46000,47000,47000,48000,48000,48000,48000,48000,48000,48000,48000,59,0,22000.0,28430.37837965935,7435.701600043103,125206.55430003535,537.6101694915254
1789531581,30,,Aggregated,0.600000,0.000000,46000,47000,47000,48000,48000,48000,48000,48000,48000,48000,48000,72,0,22000.0,27656.890027771522,7435.701600043103,125206.55430003535,49447.59722222222
1789531582,35,GET,/api/annotate-carpark,0.100000,0.000000,23000,23000,23000,23000,23000,23000,23000,23000,23000,23000,23000,13,0,22000.0,24146.442892280622,8036.237899912521,60628.3610999817,271423.6923076923
1789531582,35,GET,/api/find-carparks,0.500000,0.000000,46000,47000,47000,48000,48000,48000,48000,48000,48000,48000,48000,59,0,22000.0,28430.37837965935,7435.701600043103,125206.55430003535,537.6101694915254
1789531582,35,,Aggregated,0.600000,0.000000,46000,47000,47000,48000,48000,48000,48000,48000,48000,48000,48000,72,0,22000.0,27656.890027771522,7435.701600043103,125206.55430003535,49447.59722222222
1789531583,40,GET,/api/annotate-carpark,0.000000,0.000000,23000,23000,23000,23000,23000,23000,23000,23000,23000,23000,23000,13,0,22000.0,24146.442892280622,8036.237899912521,60628.3610999817,271423.6923076923
1789531583,40,GET,/api/find-carparks,0.400000,0.000000,27000,46000,46000,47000,47000,47000,47000,47000,47000,47000,47000,60,0,22000.0,28401.74712499914,7435.701600043103,125206.55430003535,537.6333333333333
1789531583,40,,Aggregated,0.400000,0.000000,27000,46000,46000,47000,47000,47000,47000,47000,47000,47000,47000,73,0,22000.0,27643.95322054242,7435.701600043103,125206.55430003535,48777.61643835616
1789531584,40,GET,/api/annotate-carpark,0.000000,0.000000,23000,23000,23000,23000,23000,23000,23000,23000,23000,23000,23000,14,0,22000.0,24054.63870712057,8036.237899912521,60628.3610999817,271146.5714285714
1789531584,40,GET,/api/find-carparks,0.500000,0.000000,27000,46000,46000,47000,47000,47000,47000,47000,47000,47000,47000,60,0,22000.0,28401.74712499914,7435.701600043103,125206.55430003535,537.6333333333333
1789531584,40,,Aggregated,0.500000,0.000000,27000,27000,46000,46000,47000,47000,47000,47000,47000,47000,47000,74,0,22000.0,27579.321208103196,7435.701600043103,125206.55430003535,51733.91891891892
1789531585,40,GET,/api/annotate-carpark,0.000000,0.000000,23000,23000,23000,23000,23000,23000,23000,23000,23000,23000,23000,14,0,22000.0,24054.63870712057,8036.237899912521,60628.3610999817,271146.5714285714
1789531585,40,GET,/api/find-carparks,0.400000,0.000000,46000,46000,46000,47000,47000,47000,47000,47000,47000,47000,47000,61,0,22000.0,28683.929942622704,7435.701600043103,125206.55430003535,537.7540983606557
1789531585,40,,Aggregated,0.400000,0.000000,46000,46000,46000,46000,47000,47000,47000,47000,47000,47000,47000,75,0,22000.0,27819.795578662306,7435.701600043103,125206.55430003535,51051.4
1789531586,40,GET,/api/annotate-carpark,0.000000,0.000000,23000,23000,23000,23000,23000,23000,23000,23000,23000,23000,23000,14,0,22000.0,24054.63870712057,8036.237899912521,60628.3610999817,271146.5714285714
1789531586,40,GET,/api/find-carparks,0.400000,0.000000,46000,46000,46000,47000,47000,47000,47000,47000,47000,47000,47000,61,0,22000.0,28683.929942622704,7435.701600043103,125206.55430003535,537.7540983606557
1789531586,40,,Aggregated,0.400000,0.000000,46000,46000,46000,46000,47000,47000,47000,47000,47000,47000,47000,75,0,22000.0,27819.795578662306,7435.701600043103,125206.55430003535,51051.4
1789531587,40,GET,/api/annotate-carpark,0.000000,0.000000,23000,23000,23000,23000,23000,23000,23000,23000,23000,23000,23000,14,0,22000.0,24054.63870712057,8036.237899912521,60628.3610999817,271146.5714285714
1789531587,40,GET,/api/find-carparks,0.400000,0.000000,46000,46000,47000,47000,47000,47000,47000,47000,47000,47000,47000,61,0,22000.0,28683.929942622704,7435.701600043103,125206.55430003535,537.7540983606557
1789531587,40,,Aggregated,0.400000,0.000000,27000,46000,46000,47000,47000,47000,47000,47000,47000,47000,47000,75,0,22000.0,27819.795578662306,7435.701600043103,125206.55430003535,51051.4
1789531588,40,GET,/api/annotate-carpark,0.100000,0.000000,23000,23000,23000,23000,23000,23000,23000,23000,23000,23000,23000,14,0,22000.0,24054.63870712057,8036.237899912521,60628.3610999817,271146.5714285714
1789531588,40,GET,/api/find-carparks,0.500000,0.000000,27000,46000,46000,47000,47000,47000,47000,47000,47000,47000,47000,62,0,22000.0,28593.755188709754,7435.701600043103,125206.55430003535,537.6935483870968
1789531588,40,,Aggregated,0.600000,0.000000,27000,27000,46000,46000,47000,47000,47000,47000,47000,47000,47000,76,0,22000.0,27757.602152627536,7435.701600043103,125206.55430003535,50386.69736842105
1789531589,40,GET,/api/annotate-carpark,0.100000,0.000000,23000,23000,23000,23000,23000,23000,23000,23000,23000,23000,23000,14,0,22000.0,24054.63870712057,8036.237899912521,60628.3610999817,271146.5714285714
1789531589,40,GET,/api/find-carparks,0.500000,0.000000,46000,46000,47000,47000,47000,47000,47000,47000,47000,47000,47000,62,0,22000.0,28593.755188709754,7435.701600043103,125206.55430003535,537.6935483870968
1789531589,40,,Aggregated,0.600000,0.000000,27000,46000,46000,47000,47000,47000,47000,47000,47000,47000,47000,76,0,22000.0,27757.602152627536,7435.701600043103,125206.55430003535,50386.69736842105
1789531590,40,GET,/api/annotate-carpark,0.100000,0.000000,23000,23000,23000,23000,23000,23000,23000,23000,23000,23000,23000,14,0,22000.0,24054.63870712057,8036.237899912521,60628.3610999817,271146.5714285714
1789531590,40,GET,/api/find-carparks,0.400000,0.000000,46000,47000,47000,50000,50000,50000,50000,50000,50000,50000,50000,63,0,22000.0,28927.779546033384,7435.701600043103,125206.55430003535,537.6190476190476
1789531590,40,,Aggregated,0.500000,0.000000,46000,46000,47000,47000,50000,50000,50000,50000,50000,50000,50000,77,0,22000.0,28041.753938958325,7435.701600043103,125206.55430003535,49739.246753246756
1789531591,40,GET,/api/annotate-carpark,0.100000,0.000000,23000,23000,23000,23000,23000,23000,23000,23000,23000,23000,23000,14,0,22000.0,24054.63870712057,8036.237899912521,60628.3610999817,271146.5714285714
1789531591,40,GET,/api/find-carparks,0.400000,0.000000,46000,47000,47000,50000,50000,50000,50000,50000,50000,50000,50000,63,0,22000.0,28927.779546033384,7435.701600043103,125206.55430003535,537.6190476190476
1789531591,40,,Aggregated,0.500000,0.000000,46000,46000,47000,47000,50000,50000,50000,50000,50000,50000,50000,77,0,22000.0,28041.753938958325,7435.701600043103,125206.55430003535,49739.246753246756
1789531592,40,GET,/api/annotate-carpark,0.100000,0.000000,23000,23000,23000,23000,23000,23000,23000,23000,23000,23000,23000,14,0,22000.0,24054.63870712057,8036.237899912521,60628.3610999817,271146.5714285714
1789531592,40,GET,/api/find-carparks,0.500000,0.000000,27000,46000,46000,50000,50000,50000,50000,50000,50000,50000,50000,64,0,22000.0,28882.423070313962,7435.701600043103,125206.55430003535,537.609375
1789531592,40,,Aggregated,0.600000,0.000000,27000,27000,46000,46000,50000,50000,50000,50000,50000,50000,50000,78,0,22000.0,28015.89767179207,7435.701600043103,125206.55430003535,49108.44871794872
1789531593,40,GET,/api/annotate-carpark,0.100000,0.000000,23000,23000,23000,23000,23000,23000,23000,23000,23000,23000,23000,14,0,22000.0,24054.63870712057,8036.237899912521,60628.3610999817,271146.5714285714
1789531593,40,GET,/api/find-carparks,0.500000,0.000000,27000,27000,46000,46000,50000,50000,50000,50000,50000,50000,50000,65,0,22000.0,28439.682100000435,104.2599999345839,125206.55430003535,532.8461538461538
1789531593,40,,Aggregated,0.600000,0.000000,26000,26000,46000,46000,50000,50000,50000,50000,50000,50000,50000,79,0,22000.0,27662.585802528054,104.2599999345839,125206.55430003535,48489.70886075949
1789531594,40,GET,/api/annotate-carpark,0.100000,0.000000,23000,23000,23000,23000,23000,23000,23000,23000,23000,23000,23000,14,0,22000.0,24054.63870712057,8036.237899912521,60628.3610999817,271146.5714285714
1789531594,40,GET,/api/find-carparks,0.400000,0.000000,26000,46000,48000,48000,50000,50000,50000,50000,50000,50000,50000,67,0,22000.0,28312.976173133895,104.2599999345839,125206.55430003535,528.3432835820895
1789531594,40,,Aggregated,0.500000,0.000000,26000,46000,48000,48000,50000,50000,50000,50000,50000,50000,50000,81,0,22000.0,27576.96722839085,104.2599999345839,125206.55430003535,47301.864197530864
1789531595,40,GET,/api/annotate-carpark,0.100000,0.000000,23000,23000,23000,23000,23000,23000,23000,23000,23000,23000,23000,14,0,22000.0,24054.63870712057,8036.237899912521,60628.3610999817,271146.5714285714
1789531595,40,GET,/api/find-carparks,0.400000,0.000000,26000,46000,48000,48000,50000,50000,50000,50000,50000,50000,50000,67,0,22000.0,28312.976173133895,104.2599999345839,125206.55430003535,528.3432835820895
1789531595,40,,Aggregated,0.500000,0.000000,26000,46000,48000,48000,50000,50000,50000,50000,50000,50000,50000,81,0,22000.0,27576.96722839085,104.2599999345839,125206.55430003535,47301.864197530864
1789531596,40,GET,/api/annotate-carpark,0.100000,0.000000,23000,23000,23000,23000,23000,23000,23000,23000,23000,23000,23000,14,0,22000.0,24054.63870712057,8036.237899912521,60628.3610999817,271146.5714285714
1789531596,40,GET,/api/find-carparks,0.400000,0.000000,26000,26000,48000,48000,50000,50000,50000,50000,50000,50000,50000,67,0,22000.0,28312.976173133895,104.2599999345839,125206.55430003535,528.3432835820895
1789531596,40,,Aggregated,0.500000,0.000000,26000,26000,48000,48000,50000,50000,50000,50000,50000,50000,50000,81,0,22000.0,27576.96722839085,104.2599999345839,125206.55430003535,47301.864197530864
1789531597,40,GET,/api/annotate-carpark,0.000000,0.000000,23000,23000,23000,23000,23000,23000,23000,23000,23000,23000,23000,14,0,22000.0,24054.63870712057,8036.237899912521,60628.3610999817,271146.5714285714
1789531597,40,GET,/api/find-carparks,0.700000,0.000000,26000,26000,48000,48000,50000,50000,50000,50000,50000,50000,50000,68,0,22000.0,28284.426639705678,104.2599999345839,125206.55430003535,528.3676470588235
1789531597,40,,Aggregated,0.700000,0.000000,26000,26000,48000,48000,50000,50000,50000,50000,50000,50000,50000,82,0,22000.0,27562.267724386267,104.2599999345839,125206.55430003535,46731.4756097561
1789531598,40,GET,/api/annotate-carpark,0.000000,0.000000,23000,23000,23000,23000,23000,23000,23000,23000,23000,23000,23000,14,0,22000.0,24054.63870712057,8036.237899912521,60628.3610999817,271146.5714285714
1789531598,40,GET,/api/find-carparks,0.600000,0.000000,26000,47000,48000,48000,50000,50000,50000,50000,50000,50000,50000,69,0,23000.0,28555.335021739746,104.2599999345839,125206.55430003535,528.5217391304348
1789531598,40,,Aggregated,0.600000,0.000000,26000,47000,48000,48000,50000,50000,50000,50000,50000,50000,50000,83,0,23000.0,27796.181426502775,104.2599999345839,125206.55430003535,46174.93975903615
1789531599,40,GET,/api/annotate-carpark,0.000000,0.000000,23000,23000,23000,23000,23000,23000,23000,23000,23000,23000,23000,14,0,22000.0,24054.63870712057,8036.237899912521,60628.3610999817,271146.5714285714
1789531599,40,GET,/api/find-carparks,0.600000,0.000000,26000,47000,48000,48000,50000,50000,50000,50000,50000,50000,50000,69,0,23000.0,28555.335021739746,104.2599999345839,125206.55430003535,528.5217391304348
1789531599,40,,Aggregated,0.600000,0.000000,26000,47000,48000,48000,50000,50000,50000,50000,50000,50000,50000,83,0,23000.0,27796.181426502775,104.2599999345839,125206.55430003535,46174.93975903615
1789531600,40,GET,/api/annotate-carpark,0.000000,0.000000,23000,23000,23000,23000,23000,23000,23000,23000,23000,23000,23000,14,0,22000.0,24054.63870712057,8036.237899912521,60628.3610999817,271146.5714285714
1789531600,40,GET,/api/find-carparks,0.700000,0.000000,26000,26000,47000,47000,48000,48000,48000,48000,48000,48000,48000,70,0,22000.0,28148.85033714319,101.40709998086095,125206.55430003535,524.2285714285714
1789531600,40,,Aggregated,0.700000,0.000000,26000,26000,47000,47000,48000,48000,48000,48000,48000,48000,48000,84,0,22000.0,27466.48173213942,101.40709998086095,125206.55430003535,45627.95238095238
1789531601,40,GET,/api/annotate-carpark,0.000000,0.000000,23000,23000,23000,23000,23000,23000,23000,23000,23000,23000,23000,14,0,22000.0,24054.63870712057,8036.237899912521,60628.3610999817,271146.5714285714
1789531601,40,GET,/api/find-carparks,0.700000,0.000000,26000,29000,47000,47000,48000,48000,48000,48000,48000,48000,48000,71,0,23000.0,28157.003298590393,101.40709998086095,125206.55430003535,524.3380281690141
1789531601,40,,Aggregated,0.700000,0.000000,26000,29000,47000,47000,48000,48000,48000,48000,48000,48000,48000,85,0,23000.0,27481.319718818893,101.40709998086095,125206.55430003535,45097.41176470588
1789531602,40,GET,/api/annotate-carpark,0.000000,0.000000,0,0,0,0,0,0,0,0,0,0,0,14,0,22000.0,24054.63870712057,8036.237899912521,60628.3610999817,271146.5714285714
1789531602,40,GET,/api/find-carparks,0.700000,0.000000,26000,29000,47000,47000,48000,48000,48000,48000,48000,48000,48000,71,0,23000.0,28157.003298590393,101.40709998086095,125206.55430003535,524.3380281690141
1789531602,40,,Aggregated,0.700000,0.000000,26000,29000,47000,47000,48000,48000,48000,48000,48000,48000,48000,85,0,23000.0,27481.319718818893,101.40709998086095,125206.55430003535,45097.41176470588
1789531604,40,GET,/api/annotate-carpark,0.000000,0.000000,0,0,0,0,0,0,0,0,0,0,0,14,0,22000.0,24054.63870712057,8036.237899912521,60628.3610999817,271146.5714285714
1789531604,40,GET,/api/find-carparks,0.700000,0.000000,29000,47000,47000,47000,48000,48000,48000,48000,48000,48000,48000,72,0,23000.0,28418.58192361057,101.40709998086095,125206.55430003535,524.5833333333334
1789531604,40,,Aggregated,0.700000,0.000000,29000,47000,47000,47000,48000,48000,48000,48000,48000,48000,48000,86,0,23000.0,27708.172562786614,101.40709998086095,125206.55430003535,44579.32558139535
1789531605,40,GET,/api/annotate-carpark,0.000000,0.000000,0,0,0,0,0,0,0,0,0,0,0,14,0,22000.0,24054.63870712057,8036.237899912521,60628.3610999817,271146.5714285714
1789531605,40,GET,/api/find-carparks,0.800000,0.000000,29000,29000,47000,47000,47000,47000,47000,47000,47000,47000,47000,73,0,23000.0,28030.487178081697,87.66550000291318,125206.55430003535,520.5205479452055
1789531605,40,,Aggregated,0.800000,0.000000,29000,29000,47000,47000,47000,47000,47000,47000,47000,47000,47000,87,0,23000.0,27390.695470110943,87.66550000291318,125206.55430003535,44069.54022988506
1789531606,40,GET,/api/annotate-carpark,0.000000,0.000000,0,0,0,0,0,0,0,0,0,0,0,14,0,22000.0,24054.63870712057,8036.237899912521,60628.3610999817,271146.5714285714
1789531606,40,GET,/api/find-carparks,0.600000,0.000000,29000,29000,47000,47000,47000,47000,47000,47000,47000,47000,47000,75,0,23000.0,27799.44478266562,87.66550000291318,125206.55430003535,516.88
1789531606,40,,Aggregated,0.600000,0.000000,29000,29000,47000,47000,47000,47000,47000,47000,47000,47000,47000,89,0,23000.0,27210.374164040557,87.66550000291318,125206.55430003535,43087.84269662921
1789531607,40,GET,/api/annotate-carpark,0.000000,0.000000,26000,26000,26000,26000,26000,26000,26000,26000,26000,26000,26000,15,0,23000.0,24205.912806644727,8036.237899912521,60628.3610999817,272343.86666666664
1789531607,40,GET,/api/find-carparks,0.600000,0.000000,29000,29000,47000,47000,47000,47000,47000,47000,47000,47000,47000,76,0,22000.0,27489.269880262374,87.66550000291318,125206.55430003535,513.078947368421
1789531607,40,,Aggregated,0.600000,0.000000,26000,29000,29000,47000,47000,47000,47000,47000,47000,47000,47000,91,0,23000.0,26948.057175819904,87.66550000291318,125206.55430003535,45320.35164835165
1789531608,40,GET,/api/annotate-carpark,0.000000,0.000000,26000,26000,26000,26000,26000,26000,26000,26000,26000,26000,26000,16,1,22000.0,23320.655737479683,8036.237899912521,60628.3610999817,255324.5
1789531608,40,GET,/api/find-carparks,0.600000,0.000000,29000,29000,47000,47000,47000,47000,47000,47000,47000,47000,47000,78,0,22000.0,27518.381567948007,87.66550000291318,125206.55430003535,509.78205128205127
1789531608,40,,Aggregated,0.600000,0.000000,26000,29000,47000,47000,47000,47000,47000,47000,47000,47000,47000,94,1,22000.0,26803.875043612974,87.66550000291318,125206.55430003535,43882.5
1789531609,40,GET,/api/annotate-carpark,0.000000,0.000000,26000,26000,44000,44000,44000,44000,44000,44000,44000,44000,44000,17,1,23000.0,24509.695811744998,8036.237899912521,60628.3610999817,254406.35294117648
1789531609,40,GET,/api/find-carparks,0.800000,0.000000,10000,29000,29000,47000,47000,47000,47000,47000,47000,47000,47000,78,0,22000.0,27518.381567948007,87.66550000291318,125206.55430003535,509.78205128205127
1789531609,40,,Aggregated,0.800000,0.000000,26000,29000,44000,44000,47000,47000,47000,47000,47000,47000,47000,95,1,23000.0,26979.985169469575,87.66550000291318,125206.55430003535,45943.905263157896
1789531610,40,GET,/api/annotate-carpark,0.100000,0.000000,26000,26000,44000,44000,44000,44000,44000,44000,44000,44000,44000,17,1,23000.0,24509.695811744998,8036.237899912521,60628.3610999817,254406.35294117648
1789531610,40,GET,/api/find-carparks,0.800000,0.000000,10000,29000,29000,47000,47000,47000,47000,47000,47000,47000,47000,79,0,22000.0,27297.86227341694,87.66550000291318,125206.55430003535,506.2151898734177
1789531610,40,,Aggregated,0.900000,0.000000,26000,29000,44000,44000,47000,47000,47000,47000,47000,47000,47000,96,1,22000.0,26804.124462495867,87.66550000291318,125206.55430003535,45467.697916666664
1789531611,40,GET,/api/annotate-carpark,0.200000,0.100000,26000,26000,44000,44000,44000,44000,44000,44000,44000,44000,44000,17,1,23000.0,24509.695811744998,8036.237899912521,60628.3610999817,254406.35294117648
1789531611,40,GET,/api/find-carparks,1.000000,0.000000,29000,29000,31000,47000,47000,47000,47000,47000,47000,47000,47000,80,0,22000.0,27338.03810249956,87.66550000291318,125206.55430003535,506.6125
1789531611,40,,Aggregated,1.200000,0.100000,26000,29000,31000,44000,47000,47000,47000,47000,47000,47000,47000,97,1,23000.0,26842.349247418864,87.66550000291318,125206.55430003535,45004.50515463918
1789531612,40,GET,/api/annotate-carpark,0.200000,0.100000,26000,26000,44000,44000,44000,44000,44000,44000,44000,44000,44000,17,1,23000.0,24509.695811744998,8036.237899912521,60628.3610999817,254406.35294117648
1789531612,40,GET,/api/find-carparks,1.000000,0.000000,10000,29000,31000,47000,47000,47000,47000,47000,47000,47000,47000,80,0,22000.0,27338.03810249956,87.66550000291318,125206.55430003535,506.6125
1789531612,40,,Aggregated,1.200000,0.100000,26000,29000,44000,44000,47000,47000,47000,47000,47000,47000,47000,97,1,23000.0,26842.349247418864,87.66550000291318,125206.55430003535,45004.50515463918
1789531613,40,GET,/api/annotate-carpark,0.300000,0.100000,26000,26000,44000,44000,44000,44000,44000,44000,44000,44000,44000,17,1,23000.0,24509.695811744998,8036.237899912521,60628.3610999817,254406.35294117648
1789531613,40,GET,/api/find-carparks,1.000000,0.000000,10000,29000,31000,47000,47000,47000,47000,47000,47000,47000,47000,81,0,23000.0,27577.40787160439,87.66550000291318,125206.55430003535,506.962962962963
1789531613,40,,Aggregated,1.300000,0.100000,26000,29000,44000,44000,47000,47000,47000,47000,47000,47000,47000,98,1,23000.0,27045.25373877164,87.66550000291318,125206.55430003535,44550.73469387755
1789531614,40,GET,/api/annotate-carpark,0.300000,0.100000,26000,26000,44000,44000,44000,44000,44000,44000,44000,44000,44000,17,1,23000.0,24509.695811744998,8036.237899912521,60628.3610999817,254406.35294117648
1789531614,40,GET,/api/find-carparks,1.000000,0.000000,29000,31000,47000,47000,47000,47000,47000,47000,47000,47000,47000,81,0,23000.0,27577.40787160439,87.66550000291318,125206.55430003535,506.962962962963
1789531614,40,,Aggregated,1.300000,0.100000,26000,31000,44000,44000,47000,47000,47000,47000,47000,47000,47000,98,1,23000.0,27045.25373877164,87.66550000291318,125206.55430003535,44550.73469387755
1789531615,40,GET,/api/annotate-carpark,0.300000,0.100000,26000,26000,44000,44000,44000,44000,44000,44000,44000,44000,44000,17,1,23000.0,24509.695811744998,8036.237899912521,60628.3610999817,254406.35294117648
1789531615,40,GET,/api/find-carparks,1.000000,0.000000,29000,31000,47000,47000,47000,47000,47000,47000,47000,47000,47000,81,0,23000.0,27577.40787160439,87.66550000291318,125206.55430003535,506.962962962963
1789531615,40,,Aggregated,1.300000,0.100000,26000,31000,44000,47000,47000,47000,47000,47000,47000,47000,47000,98,1,23000.0,27045.25373877164,87.66550000291318,125206.55430003535,44550.73469387755
1789531616,40,GET,/api/annotate-carpark,0.300000,0.100000,44000,44000,44000,44000,44000,44000,44000,44000,44000,44000,44000,17,1,23000.0,24509.695811744998,8036.237899912521,60628.3610999817,254406.35294117648
1789531616,40,GET,/api/find-carparks,1.000000,0.000000,31000,34000,47000,47000,47000,47000,47000,47000,47000,47000,47000,82,0,23000.0,27655.879067072485,87.66550000291318,125206.55430003535,507.3170731707317
1789531616,40,,Aggregated,1.300000,0.100000,31000,34000,44000,47000,47000,47000,47000,47000,47000,47000,47000,99,1,23000.0,27115.625376763724,87.66550000291318,125206.55430003535,44106.14141414141
1789531617,40,GET,/api/annotate-carpark,0.300000,0.100000,44000,44000,44000,44000,44000,44000,44000,44000,44000,44000,44000,17,1,23000.0,24509.695811744998,8036.237899912521,60628.3610999817,254406.35294117648
1789531617,40,GET,/api/find-carparks,0.800000,0.000000,34000,47000,47000,47000,47000,47000,47000,47000,47000,47000,47000,83,0,23000.0,27883.050399999338,87.66550000291318,125206.55430003535,507.69879518072287
1789531617,40,,Aggregated,1.100000,0.100000,44000,44000,47000,47000,47000,47000,47000,47000,47000,47000,47000,100,1,23000.0,27309.5801199961,87.66550000291318,125206.55430003535,43670.47
1789531618,40,GET,/api/annotate-carpark,0.300000,0.100000,44000,44000,44000,44000,44000,44000,44000,44000,44000,44000,44000,17,1,23000.0,24509.695811744998,8036.237899912521,60628.3610999817,254406.35294117648
1789531618,40,GET,/api/find-carparks,0.800000,0.000000,34000,47000,47000,47000,47000,47000,47000,47000,47000,47000,47000,83,0,23000.0,27883.050399999338,87.66550000291318,125206.55430003535,507.69879518072287
1789531618,40,,Aggregated,1.100000,0.100000,34000,47000,47000,47000,47000,47000,47000,47000,47000,47000,47000,100,1,23000.0,27309.5801199961,87.66550000291318,125206.55430003535,43670.47
1789531619,40,GET,/api/annotate-carpark,0.300000,0.100000,44000,44000,44000,44000,44000,44000,44000,44000,44000,44000,44000,17,1,23000.0,24509.695811744998,8036.237899912521,60628.3610999817,254406.35294117648
1789531619,40,GET,/api/find-carparks,0.800000,0.000000,47000,47000,47000,47000,47000,47000,47000,47000,47000,47000,47000,83,0,23000.0,27883.050399999338,87.66550000291318,125206.55430003535,507.69879518072287
1789531619,40,,Aggregated,1.100000,0.100000,47000,47000,47000,47000,47000,47000,47000,47000,47000,47000,47000,100,1,23000.0,27309.5801199961,87.66550000291318,125206.55430003535,43670.47
1789531620,40,GET,/api/annotate-carpark,0.200000,0.100000,44000,44000,44000,44000,44000,44000,44000,44000,44000,44000,44000,17,1,23000.0,24509.695811744998,8036.237899912521,60628.3610999817,254406.35294117648
1789531620,40,GET,/api/find-carparks,0.700000,0.000000,38000,47000,47000,47000,47000,47000,47000,47000,47000,47000,47000,84,0,23000.0,28008.44964047567,87.66550000291318,125206.55430003535,508.04761904761904
1789531620,40,,Aggregated,0.900000,0.100000,38000,47000,47000,47000,47000,47000,47000,47000,47000,47000,47000,101,1,23000.0,27419.550481184368,87.66550000291318,125206.55430003535,43243.40594059406
1789531621,40,GET,/api/annotate-carpark,0.100000,0.000000,44000,44000,44000,44000,44000,44000,44000,44000,44000,44000,44000,18,1,23000.0,25278.271888874264,8036.237899912521,60628.3610999817,255258.05555555556
1789531621,40,GET,/api/find-carparks,0.500000,0.000000,47000,47000,47000,47000,47000,47000,47000,47000,47000,47000,47000,84,0,23000.0,28008.44964047567,87.66550000291318,125206.55430003535,508.04761904761904
1789531621,40,,Aggregated,0.600000,0.000000,38000,47000,47000,47000,47000,47000,47000,47000,47000,47000,47000,102,1,23000.0,27526.653566663656,87.66550000291318,125206.55430003535,45463.93137254902
1789531622,40,GET,/api/annotate-carpark,0.000000,0.000000,44000,44000,44000,44000,44000,44000,44000,44000,44000,44000,44000,18,1,23000.0,25278.271888874264,8036.237899912521,60628.3610999817,255258.05555555556
1789531622,40,GET,/api/find-carparks,0.500000,0.000000,47000,47000,47000,47000,47000,47000,47000,47000,47000,47000,47000,85,0,23000.0,28228.518196469282,87.66550000291318,125206.55430003535,508.4117647058824
1789531622,40,,Aggregated,0.500000,0.000000,47000,47000,47000,47000,47000,47000,47000,47000,47000,47000,47000,103,1,23000.0,27712.941171841027,87.66550000291318,125206.55430003535,45027.76699029126
1789531623,40,GET,/api/annotate-carpark,0.000000,0.000000,44000,44000,44000,44000,44000,44000,44000,44000,44000,44000,44000,18,1,23000.0,25278.271888874264,8036.237899912521,60628.3610999817,255258.05555555556
1789531623,40,GET,/api/find-carparks,0.500000,0.000000,47000,47000,47000,47000,47000,47000,47000,47000,47000,47000,47000,85,0,23000.0,28228.518196469282,87.66550000291318,125206.55430003535,508.4117647058824
1789531623,40,,Aggregated,0.500000,0.000000,38000,47000,47000,47000,47000,47000,47000,47000,47000,47000,47000,103,1,23000.0,27712.941171841027,87.66550000291318,125206.55430003535,45027.76699029126
1789531624,40,GET,/api/annotate-carpark,0.000000,0.000000,38000,38000,38000,38000,38000,38000,38000,38000,38000,38000,38000,18,1,23000.0,25278.271888874264,8036.237899912521,60628.3610999817,255258.05555555556
1789531624,40,GET,/api/find-carparks,0.500000,0.000000,47000,47000,47000,47000,47000,47000,47000,47000,47000,47000,47000,85,0,23000.0,28228.518196469282,87.66550000291318,125206.55430003535,508.4117647058824
1789531624,40,,Aggregated,0.500000,0.000000,38000,47000,47000,47000,47000,47000,47000,47000,47000,47000,47000,103,1,23000.0,27712.941171841027,87.66550000291318,125206.55430003535,45027.76699029126
1789531625,40,GET,/api/annotate-carpark,0.000000,0.000000,38000,38000,38000,38000,38000,38000,38000,38000,38000,38000,38000,18,1,23000.0,25278.271888874264,8036.237899912521,60628.3610999817,255258.05555555556
1789531625,40,GET,/api/find-carparks,0.500000,0.000000,47000,47000,47000,47000,47000,47000,47000,47000,47000,47000,47000,85,0,23000.0,28228.518196469282,87.66550000291318,125206.55430003535,508.4117647058824
1789531625,40,,Aggregated,0.500000,0.000000,38000,47000,47000,47000,47000,47000,47000,47000,47000,47000,47000,103,1,23000.0,27712.941171841027,87.66550000291318,125206.55430003535,45027.76699029126
1789531626,40,GET,/api/annotate-carpark,0.100000,0.000000,38000,38000,38000,38000,38000,38000,38000,38000,38000,38000,38000,18,1,23000.0,25278.271888874264,8036.237899912521,60628.3610999817,255258.05555555556
1789531626,40,GET,/api/find-carparks,0.400000,0.000000,47000,47000,47000,48000,48000,48000,48000,48000,48000,48000,48000,87,0,24000.0,28627.316751722086,87.66550000291318,125206.55430003535,509.01149425287355
1789531626,40,,Aggregated,0.500000,0.000000,47000,47000,47000,47000,48000,48000,48000,48000,48000,48000,48000,105,1,23000.0,28053.19477523389,87.66550000291318,125206.55430003535,44180.276190476194
1789531627,40,GET,/api/annotate-carpark,0.100000,0.000000,38000,38000,38000,38000,38000,38000,38000,38000,38000,38000,38000,18,1,23000.0,25278.271888874264,8036.237899912521,60628.3610999817,255258.05555555556
1789531627,40,GET,/api/find-carparks,0.400000,0.000000,47000,47000,47000,48000,48000,48000,48000,48000,48000,48000,48000,87,0,24000.0,28627.316751722086,87.66550000291318,125206.55430003535,509.01149425287355
1789531627,40,,Aggregated,0.500000,0.000000,47000,47000,47000,47000,48000,48000,48000,48000,48000,48000,48000,105,1,23000.0,28053.19477523389,87.66550000291318,125206.55430003535,44180.276190476194
1789531628,40,GET,/api/annotate-carpark,0.100000,0.000000,38000,38000,38000,38000,38000,38000,38000,38000,38000,38000,38000,18,1,23000.0,25278.271888874264,8036.237899912521,60628.3610999817,255258.05555555556
1789531628,40,GET,/api/find-carparks,0.400000,0.000000,47000,47000,48000,48000,48000,48000,48000,48000,48000,48000,48000,87,0,24000.0,28627.316751722086,87.66550000291318,125206.55430003535,509.01149425287355
1789531628,40,,Aggregated,0.500000,0.000000,43000,47000,47000,48000,48000,48000,48000,48000,48000,48000,48000,105,1,23000.0,28053.19477523389,87.66550000291318,125206.55430003535,44180.276190476194
1789531629,40,GET,/api/annotate-carpark,0.100000,0.000000,38000,38000,38000,38000,38000,38000,38000,38000,38000,38000,38000,18,1,23000.0,25278.271888874264,8036.237899912521,60628.3610999817,255258.05555555556
1789531629,40,GET,/api/find-carparks,0.400000,0.000000,47000,47000,48000,48000,48000,48000,48000,48000,48000,48000,48000,87,0,24000.0,28627.316751722086,87.66550000291318,125206.55430003535,509.01149425287355
1789531629,40,,Aggregated,0.500000,0.000000,47000,47000,48000,48000,48000,48000,48000,48000,48000,48000,48000,105,1,23000.0,28053.19477523389,87.66550000291318,125206.55430003535,44180.276190476194
1789531630,40,GET,/api/annotate-carpark,0.100000,0.000000,38000,38000,38000,38000,38000,38000,38000,38000,38000,38000,38000,18,1,23000.0,25278.271888874264,8036.237899912521,60628.3610999817,255258.05555555556
1789531630,40,GET,/api/find-carparks,0.500000,0.000000,47000,47000,48000,48000,48000,48000,48000,48000,48000,48000,48000,88,0,24000.0,28838.16988067966,87.66550000291318,125206.55430003535,509.42045454545456
1789531630,40,,Aggregated,0.600000,0.000000,47000,47000,48000,48000,48000,48000,48000,48000,48000,48000,48000,106,1,23000.0,28233.65890093912,87.66550000291318,125206.55430003535,43768.622641509435
1789531631,40,GET,/api/annotate-carpark,0.100000,0.000000,38000,38000,38000,38000,38000,38000,38000,38000,38000,38000,38000,18,1,23000.0,25278.271888874264,8036.237899912521,60628.3610999817,255258.05555555556
1789531631,40,GET,/api/find-carparks,0.400000,0.000000,47000,48000,48000,50000,50000,50000,50000,50000,50000,50000,50000,89,0,25000.0,29078.861975279804,87.66550000291318,125206.55430003535,509.76404494382024
1789531631,40,,Aggregated,0.500000,0.000000,47000,48000,48000,50000,50000,50000,50000,50000,50000,50000,50000,107,1,24000.0,28439.510371959244,87.66550000291318,125206.55430003535,43364.6168224299
1789531632,40,GET,/api/annotate-carpark,0.100000,0.000000,38000,38000,38000,38000,38000,38000,38000,38000,38000,38000,38000,18,1,23000.0,25278.271888874264,8036.237899912521,60628.3610999817,255258.05555555556
1789531632,40,GET,/api/find-carparks,0.400000,0.000000,47000,48000,48000,50000,50000,50000,50000,50000,50000,50000,50000,89,0,25000.0,29078.861975279804,87.66550000291318,125206.55430003535,509.76404494382024
1789531632,40,,Aggregated,0.500000,0.000000,47000,48000,48000,50000,50000,50000,50000,50000,50000,50000,50000,107,1,24000.0,28439.510371959244,87.66550000291318,125206.55430003535,43364.6168224299
1789531633,40,GET,/api/annotate-carpark,0.100000,0.000000,38000,38000,38000,38000,38000,38000,38000,38000,38000,38000,38000,18,1,23000.0,25278.271888874264,8036.237899912521,60628.3610999817,255258.05555555556
1789531633,40,GET,/api/find-carparks,0.400000,0.000000,48000,48000,50000,50000,50000,50000,50000,50000,50000,50000,50000,89,0,25000.0,29078.861975279804,87.66550000291318,125206.55430003535,509.76404494382024
1789531633,40,,Aggregated,0.500000,0.000000,48000,48000,50000,50000,50000,50000,50000,50000,50000,50000,50000,107,1,24000.0,28439.510371959244,87.66550000291318,125206.55430003535,43364.6168224299
1789531634,40,GET,/api/annotate-carpark,0.000000,0.000000,38000,38000,38000,38000,38000,38000,38000,38000,38000,38000,38000,18,1,23000.0,25278.271888874264,8036.237899912521,60628.3610999817,255258.05555555556
1789531634,40,GET,/api/find-carparks,0.400000,0.000000,48000,50000,50000,52000,52000,52000,52000,52000,52000,52000,52000,90,0,25000.0,29329.935256665987,87.66550000291318,125206.55430003535,510.0777777777778
1789531634,40,,Aggregated,0.400000,0.000000,48000,50000,50000,52000,52000,52000,52000,52000,52000,52000,52000,108,1,24000.0,28654.6580287007,87.66550000291318,125206.55430003535,42968.07407407407
1789531635,40,GET,/api/annotate-carpark,0.000000,0.000000,38000,38000,38000,38000,38000,38000,38000,38000,38000,38000,38000,18,1,23000.0,25278.271888874264,8036.237899912521,60628.3610999817,255258.05555555556
1789531635,40,GET,/api/find-carparks,0.400000,0.000000,50000,50000,52000,52000,52000,52000,52000,52000,52000,52000,52000,90,0,25000.0,29329.935256665987,87.66550000291318,125206.55430003535,510.0777777777778
1789531635,40,,Aggregated,0.400000,0.000000,50000,50000,52000,52000,52000,52000,52000,52000,52000,52000,52000,108,1,24000.0,28654.6580287007,87.66550000291318,125206.55430003535,42968.07407407407
1789531636,40,GET,/api/annotate-carpark,0.000000,0.000000,38000,38000,38000,38000,38000,38000,38000,38000,38000,38000,38000,18,1,23000.0,25278.271888874264,8036.237899912521,60628.3610999817,255258.05555555556
1789531636,40,GET,/api/find-carparks,0.400000,0.000000,50000,52000,52000,55000,55000,55000,55000,55000,55000,55000,55000,91,0,26000.0,29610.888948350643,87.66550000291318,125206.55430003535,510.38461538461536
1789531636,40,,Aggregated,0.400000,0.000000,50000,52000,52000,55000,55000,55000,55000,55000,55000,55000,55000,109,1,25000.0,28895.41090183161,87.66550000291318,125206.55430003535,42578.807339449544
1789531637,40,GET,/api/annotate-carpark,0.000000,0.000000,38000,38000,38000,38000,38000,38000,38000,38000,38000,38000,38000,18,1,23000.0,25278.271888874264,8036.237899912521,60628.3610999817,255258.05555555556
1789531637,40,GET,/api/find-carparks,0.400000,0.000000,52000,52000,55000,55000,55000,55000,55000,55000,55000,55000,55000,91,0,26000.0,29610.888948350643,87.66550000291318,125206.55430003535,510.38461538461536
1789531637,40,,Aggregated,0.400000,0.000000,52000,52000,55000,55000,55000,55000,55000,55000,55000,55000,55000,109,1,25000.0,28895.41090183161,87.66550000291318,125206.55430003535,42578.807339449544
1789531638,40,GET,/api/annotate-carpark,0.000000,0.000000,0,0,0,0,0,0,0,0,0,0,0,18,1,23000.0,25278.271888874264,8036.237899912521,60628.3610999817,255258.05555555556
1789531638,40,GET,/api/find-carparks,0.400000,0.000000,52000,52000,55000,55000,55000,55000,55000,55000,55000,55000,55000,91,0,26000.0,29610.888948350643,87.66550000291318,125206.55430003535,510.38461538461536
1789531638,40,,Aggregated,0.400000,0.000000,52000,52000,55000,55000,55000,55000,55000,55000,55000,55000,55000,109,1,25000.0,28895.41090183161,87.66550000291318,125206.55430003535,42578.807339449544
1789531639,40,GET,/api/annotate-carpark,0.000000,0.000000,0,0,0,0,0,0,0,0,0,0,0,18,1,23000.0,25278.271888874264,8036.237899912521,60628.3610999817,255258.05555555556
1789531639,40,GET,/api/find-carparks,0.500000,0.000000,55000,55000,55000,55000,55000,55000,55000,55000,55000,55000,55000,92,0,26000.0,29890.11198152034,87.66550000291318,125206.55430003535,510.70652173913044
1789531639,40,,Aggregated,0.500000,0.000000,55000,55000,55000,55000,55000,55000,55000,55000,55000,55000,55000,110,1,25000.0,29135.447239087345,87.66550000291318,125206.55430003535,42196.63636363636
1789531640,40,GET,/api/annotate-carpark,0.000000,0.000000,0,0,0,0,0,0,0,0,0,0,0,18,1,23000.0,25278.271888874264,8036.237899912521,60628.3610999817,255258.05555555556
1789531640,40,GET,/api/find-carparks,0.400000,0.000000,55000,55000,55000,60000,60000,60000,60000,60000,60000,60000,60000,93,0,26000.0,30208.807045160742,87.66550000291318,125206.55430003535,511.02150537634407
1789531640,40,,Aggregated,0.400000,0.000000,55000,55000,55000,60000,60000,60000,60000,60000,60000,60000,60000,111,1,26000.0,29409.260803600773,87.66550000291318,125206.55430003535,41821.35135135135
1789531641,40,GET,/api/annotate-carpark,0.000000,0.000000,0,0,0,0,0,0,0,0,0,0,0,18,1,23000.0,25278.271888874264,8036.237899912521,60628.3610999817,255258.05555555556
1789531641,40,GET,/api/find-carparks,0.400000,0.000000,55000,55000,55000,60000,60000,60000,60000,60000,60000,60000,60000,93,0,26000.0,30208.807045160742,87.66550000291318,125206.55430003535,511.02150537634407
1789531641,40,,Aggregated,0.400000,0.000000,55000,55000,55000,60000,60000,60000,60000,60000,60000,60000,60000,111,1,26000.0,29409.260803600773,87.66550000291318,125206.55430003535,41821.35135135135
1789531642,40,GET,/api/annotate-carpark,0.000000,0.000000,0,0,0,0,0,0,0,0,0,0,0,18,1,23000.0,25278.271888874264,8036.237899912521,60628.3610999817,255258.05555555556
1789531642,40,GET,/api/find-carparks,0.400000,0.000000,55000,55000,60000,60000,60000,60000,60000,60000,60000,60000,60000,93,0,26000.0,30208.807045160742,87.66550000291318,125206.55430003535,511.02150537634407
1789531642,40,,Aggregated,0.400000,0.000000,55000,55000,60000,60000,60000,60000,60000,60000,60000,60000,60000,111,1,26000.0,29409.260803600773,87.66550000291318,125206.55430003535,41821.35135135135
1789531643,40,GET,/api/annotate-carpark,0.000000,0.000000,0,0,0,0,0,0,0,0,0,0,0,18,1,23000.0,25278.271888874264,8036.237899912521,60628.3610999817,255258.05555555556
1789531643,40,GET,/api/find-carparks,0.400000,0.000000,55000,60000,60000,60000,60000,60000,60000,60000,60000,60000,60000,94,0,26000.0,30522.583280851013,87.66550000291318,125206.55430003535,511.32978723404256
1789531643,40,,Aggregated,0.400000,0.000000,55000,60000,60000,60000,60000,60000,60000,60000,60000,60000,60000,112,1,26000.0,29679.74752142618,87.66550000291318,125206.55430003535,41452.767857142855
1789531644,40,GET,/api/annotate-carpark,0.000000,0.000000,0,0,0,0,0,0,0,0,0,0,0,18,1,23000.0,25278.271888874264,8036.237899912521,60628.3610999817,255258.05555555556
1789531644,40,GET,/api/find-carparks,0.400000,0.000000,60000,60000,60000,60000,60000,60000,60000,60000,60000,60000,60000,94,0,26000.0,30522.583280851013,87.66550000291318,125206.55430003535,511.32978723404256
1789531644,40,,Aggregated,0.400000,0.000000,60000,60000,60000,60000,60000,60000,60000,60000,60000,60000,60000,112,1,26000.0,29679.74752142618,87.66550000291318,125206.55430003535,41452.767857142855
1789531645,40,GET,/api/annotate-carpark,0.000000,0.000000,0,0,0,0,0,0,0,0,0,0,0,18,1,23000.0,25278.271888874264,8036.237899912521,60628.3610999817,255258.05555555556
1789531645,40,GET,/api/find-carparks,0.400000,0.000000,60000,60000,60000,63000,63000,63000,63000,63000,63000,63000,63000,95,0,27000.0,30866.33173157951,87.66550000291318,125206.55430003535,511.6421052631579
1789531645,40,,Aggregated,0.400000,0.000000,60000,60000,60000,63000,63000,63000,63000,63000,63000,63000,63000,113,1,26000.0,29976.19830530788,87.66550000291318,125206.55430003535,41090.71681415929
1789531646,40,GET,/api/annotate-carpark,0.000000,0.000000,0,0,0,0,0,0,0,0,0,0,0,18,1,23000.0,25278.271888874264,8036.237899912521,60628.3610999817,255258.05555555556
1789531646,40,GET,/api/find-carparks,0.400000,0.000000,60000,60000,63000,63000,63000,63000,63000,63000,63000,63000,63000,95,0,27000.0,30866.33173157951,87.66550000291318,125206.55430003535,511.6421052631579
1789531646,40,,Aggregated,0.400000,0.000000,60000,60000,63000,63000,63000,63000,63000,63000,63000,63000,63000,113,1,26000.0,29976.19830530788,87.66550000291318,125206.55430003535,41090.71681415929
1789531647,40,GET,/api/annotate-carpark,0.000000,0.000000,0,0,0,0,0,0,0,0,0,0,0,18,1,23000.0,25278.271888874264,8036.237899912521,60628.3610999817,255258.05555555556
1789531647,40,GET,/api/find-carparks,0.400000,0.000000,60000,60000,63000,63000,63000,63000,63000,63000,63000,63000,63000,95,0,27000.0,30866.33173157951,87.66550000291318,125206.55430003535,511.6421052631579
1789531647,40,,Aggregated,0.400000,0.000000,60000,60000,63000,63000,63000,63000,63000,63000,63000,63000,63000,113,1,26000.0,29976.19830530788,87.66550000291318,125206.55430003535,41090.71681415929
