Timestamp,User Count,Type,Name,Requests/s,Failures/s,50%,66%,75%,80%,90%,95%,98%,99%,99.9%,99.99%,100%,Total Request Count,Total Failure Count,Total Median Response Time,Total Average Response Time,Total Min Response Time,Total Max Response Time,Total Average Content Size
1789532433,0,,Aggregated,0.000000,0.000000,N/A,N/A,N/A,N/A,N/A,N/A,N/A,N/A,N/A,N/A,N/A,0,0,0,0.0,0,0,0
1789532434,5,,Aggregated,0.000000,0.000000,N/A,N/A,N/A,N/A,N/A,N/A,N/A,N/A,N/A,N/A,N/A,0,0,0,0.0,0,0,0
1789532435,5,,Aggregated,0.000000,0.000000,N/A,N/A,N/A,N/A,N/A,N/A,N/A,N/A,N/A,N/A,N/A,0,0,0,0.0,0,0,0
1789532436,5,,Aggregated,0.000000,0.000000,N/A,N/A,N/A,N/A,N/A,N/A,N/A,N/A,N/A,N/A,N/A,0,0,0,0.0,0,0,0
1789532437,5,,Aggregated,0.000000,0.000000,N/A,N/A,N/A,N/A,N/A,N/A,N/A,N/A,N/A,N/A,N/A,0,0,0,0.0,0,0,0
1789532438,5,GET,/api/find-carparks,0.000000,0.000000,0,0,0,0,0,0,0,0,0,0,0,3,0,4900.0,4851.921866647899,4723.337200004607,4972.734299954027,534.0
1789532438,5,,Aggregated,0.000000,0.000000,4900,4900,5000,5000,5000,5000,5000,5000,5000,5000,5000,3,0,4900.0,4851.921866647899,4723.337200004607,4972.734299954027,534.0
1789532439,5,GET,/api/find-carparks,0.000000,0.000000,0,0,0,0,0,0,0,0,0,0,0,3,0,4900.0,4851.921866647899,4723.337200004607,4972.734299954027,534.0
1789532439,5,,Aggregated,0.000000,0.000000,4900,4900,5000,5000,5000,5000,5000,5000,5000,5000,5000,3,0,4900.0,4851.921866647899,4723.337200004607,4972.734299954027,534.0
1789532440,5,GET,/api/find-carparks,0.000000,0.000000,4900,4900,5000,5000,5000,5000,5000,5000,5000,5000,5000,3,0,4900.0,4851.921866647899,4723.337200004607,4972.734299954027,534.0
1789532440,5,,Aggregated,0.000000,0.000000,4900,4900,5000,5000,5000,5000,5000,5000,5000,5000,5000,3,0,4900.0,4851.921866647899,4723.337200004607,4972.734299954027,534.0
1789532441,5,GET,/api/find-carparks,0.000000,0.000000,5000,5000,7100,7100,7100,7100,7100,7100,7100,7100,7100,4,0,4900.0,5412.147625000216,4723.337200004607,7092.824900057167,535.75
1789532441,5,,Aggregated,0.000000,0.000000,5000,5000,7100,7100,7100,7100,7100,7100,7100,7100,7100,4,0,4900.0,5412.147625000216,4723.337200004607,7092.824900057167,535.75
1789532442,5,GET,/api/find-carparks,0.428571,0.000000,5000,7100,7100,8700,8700,8700,8700,8700,8700,8700,8700,5,0,5000.0,6066.411260003224,4723.337200004607,8683.465800015256,536.6
1789532442,5,,Aggregated,0.428571,0.000000,5000,7100,7100,8700,8700,8700,8700,8700,8700,8700,8700,5,0,5000.0,6066.411260003224,4723.337200004607,8683.465800015256,536.6
1789532443,5,GET,/api/find-carparks,0.428571,0.000000,5000,7100,7100,8700,8700,8700,8700,8700,8700,8700,8700,5,0,5000.0,6066.411260003224,4723.337200004607,8683.465800015256,536.6
1789532443,5,,Aggregated,0.428571,0.000000,5000,7100,7100,8700,8700,8700,8700,8700,8700,8700,8700,5,0,5000.0,6066.411260003224,4723.337200004607,8683.465800015256,536.6
1789532444,5,GET,/api/find-carparks,0.428571,0.000000,5000,7100,7100,8700,8700,8700,8700,8700,8700,8700,8700,5,0,5000.0,6066.411260003224,4723.337200004607,8683.465800015256,536.6
1789532444,5,,Aggregated,0.428571,0.000000,5000,7100,7100,8700,8700,8700,8700,8700,8700,8700,8700,5,0,5000.0,6066.411260003224,4723.337200004607,8683.465800015256,536.6
1789532445,5,GET,/api/find-carparks,0.500000,0.000000,4900,5000,7100,7100,8700,8700,8700,8700,8700,8700,8700,8,0,4700.0,5346.142687500105,3326.1504999827594,8683.465800015256,538.125
1789532445,5,,Aggregated,0.500000,0.000000,4900,5000,7100,7100,8700,8700,8700,8700,8700,8700,8700,8,0,4700.0,5346.142687500105,3326.1504999827594,8683.465800015256,538.125
1789532446,5,GET,/api/find-carparks,0.500000,0.000000,4900,5000,6900,7100,8700,8700,8700,8700,8700,8700,8700,9,0,4900.0,5515.695633340834,3326.1504999827594,8683.465800015256,537.5555555555555
1789532446,5,,Aggregated,0.500000,0.000000,4900,5000,6900,7100,8700,8700,8700,8700,8700,8700,8700,9,0,4900.0,5515.695633340834,3326.1504999827594,8683.465800015256,537.5555555555555
1789532447,5,GET,/api/annotate-carpark,0.000000,0.000000,0,0,0,0,0,0,0,0,0,0,0,1,0,3199.744699988514,3199.744699988514,3199.744699988514,3199.744699988514,241374.0
1789532447,5,GET,/api/find-carparks,0.500000,0.000000,4900,5000,6900,7100,8700,8700,8700,8700,8700,8700,8700,9,0,4900.0,5515.695633340834,3326.1504999827594,8683.465800015256,537.5555555555555
1789532447,5,,Aggregated,0.500000,0.000000,4700,6900,7100,7100,8700,8700,8700,8700,8700,8700,8700,10,0,4700.0,5284.100540005602,3199.744699988514,8683.465800015256,24621.2
1789532448,5,GET,/api/annotate-carpark,0.000000,0.000000,0,0,0,0,0,0,0,0,0,0,0,1,0,3199.744699988514,3199.744699988514,3199.744699988514,3199.744699988514,241374.0
1789532448,5,GET,/api/find-carparks,0.500000,0.000000,4900,5000,6900,7100,8700,8700,8700,8700,8700,8700,8700,9,0,4900.0,5515.695633340834,3326.1504999827594,8683.465800015256,537.5555555555555
1789532448,5,,Aggregated,0.500000,0.000000,4700,6900,7100,7100,8700,8700,8700,8700,8700,8700,8700,10,0,4700.0,5284.100540005602,3199.744699988514,8683.465800015256,24621.2
1789532449,5,GET,/api/annotate-carpark,0.000000,0.000000,3200,3200,3200,3200,3200,3200,3200,3200,3200,3200,3200,1,0,3199.744699988514,3199.744699988514,3199.744699988514,3199.744699988514,241374.0
1789532449,5,GET,/api/find-carparks,0.500000,0.000000,6900,6900,7100,7100,8700,8700,8700,8700,8700,8700,8700,9,0,4900.0,5515.695633340834,3326.1504999827594,8683.465800015256,537.5555555555555
1789532449,5,,Aggregated,0.500000,0.000000,4700,6900,7100,7100,8700,8700,8700,8700,8700,8700,8700,10,0,4700.0,5284.100540005602,3199.744699988514,8683.465800015256,24621.2
1789532450,5,GET,/api/annotate-carpark,0.000000,0.000000,3200,3200,3200,3200,3200,3200,3200,3200,3200,3200,3200,1,0,3199.744699988514,3199.744699988514,3199.744699988514,3199.744699988514,241374.0
1789532450,5,GET,/api/find-carparks,0.500000,0.000000,6900,6900,7100,7100,8700,8700,8700,8700,8700,8700,8700,9,0,4900.0,5515.695633340834,3326.1504999827594,8683.465800015256,537.5555555555555
1789532450,5,,Aggregated,0.500000,0.000000,4700,6900,7100,7100,8700,8700,8700,8700,8700,8700,8700,10,0,4700.0,5284.100540005602,3199.744699988514,8683.465800015256,24621.2
1789532451,5,GET,/api/annotate-carpark,0.100000,0.000000,3200,3200,3200,3200,3200,3200,3200,3200,3200,3200,3200,1,0,3199.744699988514,3199.744699988514,3199.744699988514,3199.744699988514,241374.0
1789532451,5,GET,/api/find-carparks,0.600000,0.000000,4700,4700,6900,6900,8700,8700,8700,8700,8700,8700,8700,10,0,4700.0,5297.043890005443,3326.1504999827594,8683.465800015256,537.8
1789532451,5,,Aggregated,0.700000,0.000000,4500,4700,6900,6900,8700,8700,8700,8700,8700,8700,8700,11,0,4700.0,5106.380327276632,3199.744699988514,8683.465800015256,22432.0
1789532452,5,GET,/api/annotate-carpark,0.100000,0.000000,3200,3200,3200,3200,3200,3200,3200,3200,3200,3200,3200,1,0,3199.744699988514,3199.744699988514,3199.744699988514,3199.744699988514,241374.0
1789532452,5,GET,/api/find-carparks,0.600000,0.000000,4500,4600,4700,6900,8700,8700,8700,8700,8700,8700,8700,13,0,4700.0,5084.274369229276,3326.1504999827594,8683.465800015256,537.3846153846154
1789532452,5,,Aggregated,0.700000,0.000000,4500,4600,4700,6900,8700,8700,8700,8700,8700,8700,8700,14,0,4600.0,4949.66510714065,3199.744699988514,8683.465800015256,17740.0
1789532453,5,GET,/api/annotate-carpark,0.100000,0.000000,3200,3200,3200,3200,3200,3200,3200,3200,3200,3200,3200,1,0,3199.744699988514,3199.744699988514,3199.744699988514,3199.744699988514,241374.0
1789532453,5,GET,/api/find-carparks,0.600000,0.000000,4500,4600,4700,4700,6900,6900,6900,6900,6900,6900,6900,13,0,4700.0,5084.274369229276,3326.1504999827594,8683.465800015256,537.3846153846154
1789532453,5,,Aggregated,0.700000,0.000000,4300,4500,4600,4700,6900,6900,6900,6900,6900,6900,6900,14,0,4600.0,4949.66510714065,3199.744699988514,8683.465800015256,17740.0
1789532454,5,GET,/api/annotate-carpark,0.100000,0.000000,3200,3200,3200,3200,3200,3200,3200,3200,3200,3200,3200,1,0,3199.744699988514,3199.744699988514,3199.744699988514,3199.744699988514,241374.0
1789532454,5,GET,/api/find-carparks,0.600000,0.000000,4500,4600,4700,4700,6900,6900,6900,6900,6900,6900,6900,13,0,4700.0,5084.274369229276,3326.1504999827594,8683.465800015256,537.3846153846154
1789532454,5,,Aggregated,0.700000,0.000000,4300,4500,4600,4700,6900,6900,6900,6900,6900,6900,6900,14,0,4600.0,4949.66510714065,3199.744699988514,8683.465800015256,17740.0
1789532455,5,GET,/api/annotate-carpark,0.100000,0.000000,3200,3200,3200,3200,3200,3200,3200,3200,3200,3200,3200,1,0,3199.744699988514,3199.744699988514,3199.744699988514,3199.744699988514,241374.0
1789532455,5,GET,/api/find-carparks,0.800000,0.000000,4300,4300,4600,4600,6900,6900,6900,6900,6900,6900,6900,14,0,4600.0,4956.143921432418,3290.448100073263,8683.465800015256,537.1428571428571
1789532455,5,,Aggregated,0.900000,0.000000,4300,4300,4600,4600,6900,6900,6900,6900,6900,6900,6900,15,0,4600.0,4839.050640002824,3199.744699988514,8683.465800015256,16592.933333333334
1789532456,5,GET,/api/annotate-carpark,0.100000,0.000000,3200,3200,3200,3200,3200,3200,3200,3200,3200,3200,3200,1,0,3199.744699988514,3199.744699988514,3199.744699988514,3199.744699988514,241374.0
1789532456,5,GET,/api/find-carparks,0.800000,0.000000,4300,4600,6900,6900,7300,7300,7300,7300,7300,7300,7300,15,0,4700.0,5115.460440004244,3290.448100073263,8683.465800015256,537.5333333333333
1789532456,5,,Aggregated,0.900000,0.000000,4300,4300,4600,4600,7300,7300,7300,7300,7300,7300,7300,16,0,4600.0,4995.728206253261,3199.744699988514,8683.465800015256,15589.8125
1789532457,5,GET,/api/annotate-carpark,0.100000,0.000000,3200,3200,3200,3200,3200,3200,3200,3200,3200,3200,3200,1,0,3199.744699988514,3199.744699988514,3199.744699988514,3199.744699988514,241374.0
1789532457,5,GET,/api/find-carparks,0.800000,0.000000,4300,4600,6900,6900,7300,7300,7300,7300,7300,7300,7300,15,0,4700.0,5115.460440004244,3290.448100073263,8683.465800015256,537.5333333333333
1789532457,5,,Aggregated,0.900000,0.000000,4300,4300,4600,4600,7300,7300,7300,7300,7300,7300,7300,16,0,4600.0,4995.728206253261,3199.744699988514,8683.465800015256,15589.8125
1789532458,5,GET,/api/annotate-carpark,0.100000,0.000000,3200,3200,3200,3200,3200,3200,3200,3200,3200,3200,3200,1,0,3199.744699988514,3199.744699988514,3199.744699988514,3199.744699988514,241374.0
1789532458,5,GET,/api/find-carparks,0.600000,0.000000,4300,4600,4700,4700,7300,7300,7300,7300,7300,7300,7300,16,0,4700.0,5092.453143755847,3290.448100073263,8683.465800015256,537.5625
1789532458,5,,Aggregated,0.700000,0.000000,4300,4600,4700,4700,7300,7300,7300,7300,7300,7300,7300,17,0,4700.0,4981.117352946004,3199.744699988514,8683.465800015256,14704.411764705883
1789532459,5,GET,/api/annotate-carpark,0.100000,0.000000,3200,3200,3200,3200,3200,3200,3200,3200,3200,3200,3200,1,0,3199.744699988514,3199.744699988514,3199.744699988514,3199.744699988514,241374.0
1789532459,5,GET,/api/find-carparks,0.600000,0.000000,4600,4600,4700,4700,7300,7300,7300,7300,7300,7300,7300,17,0,4700.0,5060.938023530659,3290.448100073263,8683.465800015256,537.6470588235294
1789532459,5,,Aggregated,0.700000,0.000000,4600,4600,4700,4700,7300,7300,7300,7300,7300,7300,7300,18,0,4600.0,4957.538394444984,3199.744699988514,8683.465800015256,13917.444444444445
1789532460,5,GET,/api/annotate-carpark,0.000000,0.000000,3200,3200,3200,3200,3200,3200,3200,3200,3200,3200,3200,1,0,3199.744699988514,3199.744699988514,3199.744699988514,3199.744699988514,241374.0
1789532460,5,GET,/api/find-carparks,0.600000,0.000000,4600,4600,4700,5700,7300,7300,7300,7300,7300,7300,7300,18,0,4700.0,5096.832666668989,3290.448100073263,8683.465800015256,537.1111111111111
1789532460,5,,Aggregated,0.600000,0.000000,4600,4600,4700,5700,7300,7300,7300,7300,7300,7300,7300,19,0,4700.0,4996.985931580543,3199.744699988514,8683.465800015256,13212.736842105263
1789532461,5,GET,/api/annotate-carpark,0.000000,0.000000,3200,3200,3200,3200,3200,3200,3200,3200,3200,3200,3200,1,0,3199.744699988514,3199.744699988514,3199.744699988514,3199.744699988514,241374.0
1789532461,5,GET,/api/find-carparks,0.700000,0.000000,4600,4700,5700,5700,7300,7300,7300,7300,7300,7300,7300,19,0,4700.0,5000.143578950022,3259.7400000086054,8683.465800015256,536.7368421052631
1789532461,5,,Aggregated,0.700000,0.000000,4600,4700,5700,5700,7300,7300,7300,7300,7300,7300,7300,20,0,4600.0,4910.123635001946,3199.744699988514,8683.465800015256,12578.6
1789532462,5,GET,/api/annotate-carpark,0.000000,0.000000,3200,3200,3200,3200,3200,3200,3200,3200,3200,3200,3200,1,0,3199.744699988514,3199.744699988514,3199.744699988514,3199.744699988514,241374.0
1789532462,5,GET,/api/find-carparks,0.700000,0.000000,4600,4700,5700,5700,7300,7300,7300,7300,7300,7300,7300,19,0,4700.0,5000.143578950022,3259.7400000086054,8683.465800015256,536.7368421052631
1789532462,5,,Aggregated,0.700000,0.000000,4600,4700,5700,5700,7300,7300,7300,7300,7300,7300,7300,20,0,4600.0,4910.123635001946,3199.744699988514,8683.465800015256,12578.6
1789532463,5,GET,/api/annotate-carpark,0.000000,0.000000,3200,3200,3200,3200,3200,3200,3200,3200,3200,3200,3200,1,0,3199.744699988514,3199.744699988514,3199.744699988514,3199.744699988514,241374.0
1789532463,5,GET,/api/find-carparks,0.700000,0.000000,4700,4700,5700,5700,7300,7300,7300,7300,7300,7300,7300,19,0,4700.0,5000.143578950022,3259.7400000086054,8683.465800015256,536.7368421052631
1789532463,5,,Aggregated,0.700000,0.000000,4700,4700,5700,5700,7300,7300,7300,7300,7300,7300,7300,20,0,4600.0,4910.123635001946,3199.744699988514,8683.465800015256,12578.6
1789532464,5,GET,/api/annotate-carpark,0.000000,0.000000,3200,3200,3200,3200,3200,3200,3200,3200,3200,3200,3200,1,0,3199.744699988514,3199.744699988514,3199.744699988514,3199.744699988514,241374.0
1789532464,5,GET,/api/find-carparks,0.800000,0.000000,4700,5700,6200,6200,7300,7300,7300,7300,7300,7300,7300,21,0,4700.0,5021.315119051862,3259.7400000086054,8683.465800015256,536.8095238095239
1789532464,5,,Aggregated,0.800000,0.000000,4700,5700,6200,6200,7300,7300,7300,7300,7300,7300,7300,22,0,4600.0,4938.516463639892,3199.744699988514,8683.465800015256,11483.954545454546
1789532465,5,GET,/api/annotate-carpark,0.000000,0.000000,3200,3200,3200,3200,3200,3200,3200,3200,3200,3200,3200,1,0,3199.744699988514,3199.744699988514,3199.744699988514,3199.744699988514,241374.0
1789532465,5,GET,/api/find-carparks,0.600000,0.000000,4700,5700,6200,6200,7300,7300,7300,7300,7300,7300,7300,22,0,4600.0,4992.550404551862,3259.7400000086054,8683.465800015256,536.8636363636364
1789532465,5,,Aggregated,0.600000,0.000000,4700,5700,6200,6200,7300,7300,7300,7300,7300,7300,7300,23,0,4600.0,4914.6023304404125,3199.744699988514,8683.465800015256,11008.04347826087
1789532466,5,GET,/api/annotate-carpark,0.000000,0.000000,0,0,0,0,0,0,0,0,0,0,0,1,0,3199.744699988514,3199.744699988514,3199.744699988514,3199.744699988514,241374.0
1789532466,5,GET,/api/find-carparks,0.600000,0.000000,4600,4700,5700,6200,7300,7300,7300,7300,7300,7300,7300,23,0,4600.0,4914.898352181215,3206.553200026974,8683.465800015256,536.9565217391304
1789532466,5,,Aggregated,0.600000,0.000000,4600,4700,5700,6200,7300,7300,7300,7300,7300,7300,7300,24,0,4600.0,4843.4336166731855,3199.744699988514,8683.465800015256,10571.833333333334
1789532467,5,GET,/api/annotate-carpark,0.000000,0.000000,0,0,0,0,0,0,0,0,0,0,0,1,0,3199.744699988514,3199.744699988514,3199.744699988514,3199.744699988514,241374.0
1789532467,5,GET,/api/find-carparks,0.600000,0.000000,4600,4700,5700,5700,6200,6200,6200,6200,6200,6200,6200,23,0,4600.0,4914.898352181215,3206.553200026974,8683.465800015256,536.9565217391304
1789532467,5,,Aggregated,0.600000,0.000000,4600,4700,5700,5700,6200,6200,6200,6200,6200,6200,6200,24,0,4600.0,4843.4336166731855,3199.744699988514,8683.465800015256,10571.833333333334
1789532468,5,GET,/api/annotate-carpark,0.000000,0.000000,0,0,0,0,0,0,0,0,0,0,0,1,0,3199.744699988514,3199.744699988514,3199.744699988514,3199.744699988514,241374.0
1789532468,5,GET,/api/find-carparks,0.800000,0.000000,4600,5700,6200,6200,6300,6300,6300,6300,6300,6300,6300,24,0,4600.0,4971.292150007987,3206.553200026974,8683.465800015256,536.9166666666666
1789532468,5,,Aggregated,0.800000,0.000000,4600,5700,6200,6200,6300,6300,6300,6300,6300,6300,6300,25,0,4600.0,4900.430252007209,3199.744699988514,8683.465800015256,10170.4
1789532469,5,GET,/api/annotate-carpark,0.000000,0.000000,0,0,0,0,0,0,0,0,0,0,0,1,0,3199.744699988514,3199.744699988514,3199.744699988514,3199.744699988514,241374.0
1789532469,5,GET,/api/find-carparks,0.800000,0.000000,4400,5700,6200,6200,6300,6300,6300,6300,6300,6300,6300,24,0,4600.0,4971.292150007987,3206.553200026974,8683.465800015256,536.9166666666666
1789532469,5,,Aggregated,0.800000,0.000000,4400,5700,6200,6200,6300,6300,6300,6300,6300,6300,6300,25,0,4600.0,4900.430252007209,3199.744699988514,8683.465800015256,10170.4
1789532470,5,GET,/api/annotate-carpark,0.000000,0.000000,0,0,0,0,0,0,0,0,0,0,0,1,0,3199.744699988514,3199.744699988514,3199.744699988514,3199.744699988514,241374.0
1789532470,5,GET,/api/find-carparks,0.800000,0.000000,4400,4400,6200,6200,6300,6300,6300,6300,6300,6300,6300,24,0,4600.0,4971.292150007987,3206.553200026974,8683.465800015256,536.9166666666666
1789532470,5,,Aggregated,0.800000,0.000000,4400,4400,6200,6200,6300,6300,6300,6300,6300,6300,6300,25,0,4600.0,4900.430252007209,3199.744699988514,8683.465800015256,10170.4
1789532471,5,GET,/api/annotate-carpark,0.000000,0.000000,0,0,0,0,0,0,0,0,0,0,0,1,0,3199.744699988514,3199.744699988514,3199.744699988514,3199.744699988514,241374.0
1789532471,5,GET,/api/find-carparks,0.800000,0.000000,4300,4400,6200,6200,6300,6300,6300,6300,6300,6300,6300,25,0,4600.0,4946.434360006824,3206.553200026974,8683.465800015256,536.96
1789532471,5,,Aggregated,0.800000,0.000000,4300,4400,6200,6200,6300,6300,6300,6300,6300,6300,6300,26,0,4600.0,4879.253988467658,3199.744699988514,8683.465800015256,9799.923076923076
1789532472,5,GET,/api/annotate-carpark,0.000000,0.000000,0,0,0,0,0,0,0,0,0,0,0,1,0,3199.744699988514,3199.744699988514,3199.744699988514,3199.744699988514,241374.0
1789532472,5,GET,/api/find-carparks,0.700000,0.000000,4400,4500,6200,6300,6900,6900,6900,6900,6900,6900,6900,28,0,4600.0,4939.678150004641,3206.553200026974,8683.465800015256,537.1071428571429
1789532472,5,,Aggregated,0.700000,0.000000,4400,4500,6200,6300,6900,6900,6900,6900,6900,6900,6900,29,0,4600.0,4879.680444831671,3199.744699988514,8683.465800015256,8841.827586206897
1789532473,5,GET,/api/annotate-carpark,0.000000,0.000000,0,0,0,0,0,0,0,0,0,0,0,1,0,3199.744699988514,3199.744699988514,3199.744699988514,3199.744699988514,241374.0
1789532473,5,GET,/api/find-carparks,0.700000,0.000000,4400,4500,6200,6300,6900,6900,6900,6900,6900,6900,6900,28,0,4600.0,4939.678150004641,3206.553200026974,8683.465800015256,537.1071428571429
1789532473,5,,Aggregated,0.700000,0.000000,4400,4500,6200,6300,6900,6900,6900,6900,6900,6900,6900,29,0,4600.0,4879.680444831671,3199.744699988514,8683.465800015256,8841.827586206897
1789532474,5,GET,/api/annotate-carpark,0.000000,0.000000,0,0,0,0,0,0,0,0,0,0,0,1,0,3199.744699988514,3199.744699988514,3199.744699988514,3199.744699988514,241374.0
1789532474,5,GET,/api/find-carparks,0.700000,0.000000,4400,4500,6300,6300,6900,6900,6900,6900,6900,6900,6900,28,0,4600.0,4939.678150004641,3206.553200026974,8683.465800015256,537.1071428571429
1789532474,5,,Aggregated,0.700000,0.000000,4400,4500,6300,6300,6900,6900,6900,6900,6900,6900,6900,29,0,4600.0,4879.680444831671,3199.744699988514,8683.465800015256,8841.827586206897
1789532475,5,GET,/api/annotate-carpark,0.000000,0.000000,0,0,0,0,0,0,0,0,0,0,0,1,0,3199.744699988514,3199.744699988514,3199.744699988514,3199.744699988514,241374.0
1789532475,5,GET,/api/find-carparks,0.700000,0.000000,4500,4500,6300,6300,6900,6900,6900,6900,6900,6900,6900,28,0,4600.0,4939.678150004641,3206.553200026974,8683.465800015256,537.1071428571429
1789532475,5,,Aggregated,0.700000,0.000000,4500,4500,6300,6300,6900,6900,6900,6900,6900,6900,6900,29,0,4600.0,4879.680444831671,3199.744699988514,8683.465800015256,8841.827586206897
1789532477,5,GET,/api/annotate-carpark,0.000000,0.000000,1100,1100,1100,1100,1100,1100,1100,1100,1100,1100,1100,2,0,1100.0,2133.9415999827906,1068.138499977067,3199.744699988514,275445.0
1789532477,5,GET,/api/find-carparks,0.900000,0.000000,4500,5300,6300,6300,6900,6900,6900,6900,6900,6900,6900,30,0,4600.0,4921.162746668172,3206.553200026974,8683.465800015256,537.1
1789532477,5,,Aggregated,0.900000,0.000000,4500,5300,6300,6300,6900,6900,6900,6900,6900,6900,6900,32,0,4500.0,4746.961425000336,1068.138499977067,8683.465800015256,17718.84375
1789532478,5,GET,/api/annotate-carpark,0.000000,0.000000,1100,1100,1100,1100,1100,1100,1100,1100,1100,1100,1100,2,0,1100.0,2133.9415999827906,1068.138499977067,3199.744699988514,275445.0
1789532478,5,GET,/api/find-carparks,0.700000,0.000000,4500,5300,6300,6300,6900,6900,6900,6900,6900,6900,6900,31,0,4600.0,4866.722393551871,3206.553200026974,8683.465800015256,537.258064516129
1789532478,5,,Aggregated,0.700000,0.000000,4300,4500,5300,6300,6900,6900,6900,6900,6900,6900,6900,33,0,4500.0,4701.099315153745,1068.138499977067,8683.465800015256,17198.333333333332
1789532479,5,GET,/api/annotate-carpark,0.000000,0.000000,1100,1100,1100,1100,1100,1100,1100,1100,1100,1100,1100,2,0,1100.0,2133.9415999827906,1068.138499977067,3199.744699988514,275445.0
1789532479,5,GET,/api/find-carparks,0.700000,0.000000,4300,4500,5300,5300,6900,6900,6900,6900,6900,6900,6900,31,0,4600.0,4866.722393551871,3206.553200026974,8683.465800015256,537.258064516129
1789532479,5,,Aggregated,0.700000,0.000000,4300,4500,5300,5300,6900,6900,6900,6900,6900,6900,6900,33,0,4500.0,4701.099315153745,1068.138499977067,8683.465800015256,17198.333333333332
1789532480,5,GET,/api/annotate-carpark,0.000000,0.000000,1100,1100,1100,1100,1100,1100,1100,1100,1100,1100,1100,2,0,1100.0,2133.9415999827906,1068.138499977067,3199.744699988514,275445.0
1789532480,5,GET,/api/find-carparks,0.700000,0.000000,4300,4500,5300,5300,6900,6900,6900,6900,6900,6900,6900,31,0,4600.0,4866.722393551871,3206.553200026974,8683.465800015256,537.258064516129
1789532480,5,,Aggregated,0.700000,0.000000,4300,4500,5300,5300,6900,6900,6900,6900,6900,6900,6900,33,0,4500.0,4701.099315153745,1068.138499977067,8683.465800015256,17198.333333333332
1789532481,5,GET,/api/annotate-carpark,0.100000,0.000000,1100,1100,1100,1100,1100,1100,1100,1100,1100,1100,1100,2,0,1100.0,2133.9415999827906,1068.138499977067,3199.744699988514,275445.0
1789532481,5,GET,/api/find-carparks,0.800000,0.000000,4500,5300,6700,6700,6900,6900,6900,6900,6900,6900,6900,32,0,4600.0,4924.779071876401,3206.553200026974,8683.465800015256,537.4375
1789532481,5,,Aggregated,0.900000,0.000000,4500,5300,6700,6700,6900,6900,6900,6900,6900,6900,6900,34,0,4500.0,4760.612161765012,1068.138499977067,8683.465800015256,16708.470588235294
1789532482,5,GET,/api/annotate-carpark,0.100000,0.000000,1100,1100,1100,1100,1100,1100,1100,1100,1100,1100,1100,2,0,1100.0,2133.9415999827906,1068.138499977067,3199.744699988514,275445.0
1789532482,5,GET,/api/find-carparks,0.700000,0.000000,4500,5300,6700,6700,6900,6900,6900,6900,6900,6900,6900,33,0,4600.0,4904.966390910417,3206.553200026974,8683.465800015256,537.5151515151515
1789532482,5,,Aggregated,0.800000,0.000000,4300,4500,5300,6700,6900,6900,6900,6900,6900,6900,6900,35,0,4500.0,4746.622117143124,1068.138499977067,8683.465800015256,16246.514285714286
1789532483,5,GET,/api/annotate-carpark,0.100000,0.000000,1100,1100,1100,1100,1100,1100,1100,1100,1100,1100,1100,2,0,1100.0,2133.9415999827906,1068.138499977067,3199.744699988514,275445.0
1789532483,5,GET,/api/find-carparks,0.700000,0.000000,4500,5300,6700,6700,6900,6900,6900,6900,6900,6900,6900,33,0,4600.0,4904.966390910417,3206.553200026974,8683.465800015256,537.5151515151515
1789532483,5,,Aggregated,0.800000,0.000000,4300,4500,5300,6700,6900,6900,6900,6900,6900,6900,6900,35,0,4500.0,4746.622117143124,1068.138499977067,8683.465800015256,16246.514285714286
1789532484,5,GET,/api/annotate-carpark,0.100000,0.000000,1100,1100,1100,1100,1100,1100,1100,1100,1100,1100,1100,2,0,1100.0,2133.9415999827906,1068.138499977067,3199.744699988514,275445.0
1789532484,5,GET,/api/find-carparks,0.800000,0.000000,4300,4300,5300,5300,6700,6700,6700,6700,6700,6700,6700,35,0,4500.0,4840.421065714742,3206.553200026974,8683.465800015256,537.3714285714286
1789532484,5,,Aggregated,0.900000,0.000000,4300,4300,5300,5300,6700,6700,6700,6700,6700,6700,6700,37,0,4500.0,4694.12487837788,1068.138499977067,8683.465800015256,15397.243243243243
1789532485,5,GET,/api/annotate-carpark,0.100000,0.000000,1100,1100,1100,1100,1100,1100,1100,1100,1100,1100,1100,3,0,1100.0,1706.8469000126545,852.6575000723824,3199.744699988514,268965.6666666667
1789532485,5,GET,/api/find-carparks,0.800000,0.000000,4300,5300,5500,5500,6700,6700,6700,6700,6700,6700,6700,36,0,4500.0,4858.936375000566,3206.553200026974,8683.465800015256,537.3888888888889
1789532485,5,,Aggregated,0.900000,0.000000,4300,4300,5300,5500,6700,6700,6700,6700,6700,6700,6700,39,0,4500.0,4616.467953847649,852.6575000723824,8683.465800015256,21185.71794871795
1789532486,5,GET,/api/annotate-carpark,0.100000,0.000000,1100,1100,3100,3100,3100,3100,3100,3100,3100,3100,3100,4,0,1100.0,2053.039875027025,852.6575000723824,3199.744699988514,260990.0
1789532486,5,GET,/api/find-carparks,0.500000,0.000000,4300,4300,5500,5500,6700,6700,6700,6700,6700,6700,6700,36,0,4500.0,4858.936375000566,3206.553200026974,8683.465800015256,537.3888888888889
1789532486,5,,Aggregated,0.600000,0.000000,4300,4300,5500,5500,6700,6700,6700,6700,6700,6700,6700,40,0,4400.0,4578.346725003212,852.6575000723824,8683.465800015256,26582.65
1789532487,5,GET,/api/annotate-carpark,0.100000,0.000000,1100,1100,3100,3100,3100,3100,3100,3100,3100,3100,3100,4,0,1100.0,2053.039875027025,852.6575000723824,3199.744699988514,260990.0
1789532487,5,GET,/api/find-carparks,0.500000,0.000000,4300,4300,5500,5500,6700,6700,6700,6700,6700,6700,6700,36,0,4500.0,4858.936375000566,3206.553200026974,8683.465800015256,537.3888888888889
1789532487,5,,Aggregated,0.600000,0.000000,4300,4300,5500,5500,6700,6700,6700,6700,6700,6700,6700,40,0,4400.0,4578.346725003212,852.6575000723824,8683.465800015256,26582.65
1789532488,5,GET,/api/annotate-carpark,0.200000,0.000000,1100,1100,3100,3100,3100,3100,3100,3100,3100,3100,3100,5,0,1100.0,1842.390160029754,852.6575000723824,3199.744699988514,264014.8
1789532488,5,GET,/api/find-carparks,0.800000,0.000000,4300,5500,5500,6700,6700,6700,6700,6700,6700,6700,6700,36,0,4500.0,4858.936375000566,3206.553200026974,8683.465800015256,537.3888888888889
1789532488,5,,Aggregated,1.000000,0.000000,4300,4300,5500,5500,6700,6700,6700,6700,6700,6700,6700,41,0,4400.0,4491.064885369979,852.6575000723824,8683.465800015256,32668.780487804877
1789532489,5,GET,/api/annotate-carpark,0.300000,0.000000,1100,1100,3100,3100,3100,3100,3100,3100,3100,3100,3100,5,0,1100.0,1842.390160029754,852.6575000723824,3199.744699988514,264014.8
1789532489,5,GET,/api/find-carparks,0.800000,0.000000,4300,4300,5500,5500,6700,6700,6700,6700,6700,6700,6700,37,0,4500.0,4814.963154057418,3206.553200026974,8683.465800015256,537.4324324324324
1789532489,5,,Aggregated,1.100000,0.000000,3300,4300,4300,5500,6700,6700,6700,6700,6700,6700,6700,42,0,4300.0,4461.085416673172,852.6575000723824,8683.465800015256,31903.785714285714
1789532490,5,GET,/api/annotate-carpark,0.300000,0.000000,1000,1000,3100,3100,3100,3100,3100,3100,3100,3100,3100,5,0,1100.0,1842.390160029754,852.6575000723824,3199.744699988514,264014.8
1789532490,5,GET,/api/find-carparks,0.800000,0.000000,4300,4300,4300,5500,5500,5500,5500,5500,5500,5500,5500,37,0,4500.0,4814.963154057418,3206.553200026974,8683.465800015256,537.4324324324324
1789532490,5,,Aggregated,1.100000,0.000000,3300,4300,4300,4300,5500,5500,5500,5500,5500,5500,5500,42,0,4300.0,4461.085416673172,852.6575000723824,8683.465800015256,31903.785714285714
1789532491,5,GET,/api/annotate-carpark,0.300000,0.000000,1000,1000,3100,3100,3100,3100,3100,3100,3100,3100,3100,5,0,1100.0,1842.390160029754,852.6575000723824,3199.744699988514,264014.8
1789532491,5,GET,/api/find-carparks,0.600000,0.000000,4300,4300,4300,4300,5500,5500,5500,5500,5500,5500,5500,39,0,4500.0,4783.60750769468,3206.553200026974,8683.465800015256,537.5384615384615
1789532491,5,,Aggregated,0.900000,0.000000,4100,4300,4300,4300,5500,5500,5500,5500,5500,5500,5500,44,0,4300.0,4449.378263641847,852.6575000723824,8683.465800015256,30478.136363636364
1789532492,5,GET,/api/annotate-carpark,0.300000,0.000000,1000,1000,3100,3100,3100,3100,3100,3100,3100,3100,3100,5,0,1100.0,1842.390160029754,852.6575000723824,3199.744699988514,264014.8
1789532492,5,GET,/api/find-carparks,0.600000,0.000000,4300,4300,4300,4300,5500,5500,5500,5500,5500,5500,5500,39,0,4500.0,4783.60750769468,3206.553200026974,8683.465800015256,537.5384615384615
1789532492,5,,Aggregated,0.900000,0.000000,3300,4100,4300,4300,5500,5500,5500,5500,5500,5500,5500,44,0,4300.0,4449.378263641847,852.6575000723824,8683.465800015256,30478.136363636364
1789532493,5,GET,/api/annotate-carpark,0.300000,0.000000,1000,1000,3100,3100,3100,3100,3100,3100,3100,3100,3100,6,0,1000.0,1659.3865667042944,744.3686000769958,3199.744699988514,261284.66666666666
1789532493,5,GET,/api/find-carparks,0.600000,0.000000,4100,4300,4300,5500,5500,5500,5500,5500,5500,5500,5500,40,0,4400.0,4764.244397499715,3206.553200026974,8683.465800015256,537.625
1789532493,5,,Aggregated,0.900000,0.000000,3200,4000,4100,4300,5500,5500,5500,5500,5500,5500,5500,46,0,4300.0,4359.262941309008,744.3686000769958,8683.465800015256,34548.108695652176
1789532494,5,GET,/api/annotate-carpark,0.300000,0.000000,1000,1000,3100,3100,3100,3100,3100,3100,3100,3100,3100,7,0,1000.0,1570.0213714735582,744.3686000769958,3199.744699988514,267342.5714285714
1789532494,5,GET,/api/find-carparks,0.600000,0.000000,4100,4300,4300,5500,5500,5500,5500,5500,5500,5500,5500,40,0,4400.0,4764.244397499715,3206.553200026974,8683.465800015256,537.625
1789532494,5,,Aggregated,0.900000,0.000000,3200,4000,4100,4100,4300,4300,4300,4300,4300,4300,4300,47,0,4300.0,4288.509053197947,744.3686000769958,8683.465800015256,40274.53191489362
1789532495,5,GET,/api/annotate-carpark,0.400000,0.000000,1000,1000,3100,3100,3100,3100,3100,3100,3100,3100,3100,7,0,1000.0,1570.0213714735582,744.3686000769958,3199.744699988514,267342.5714285714
1789532495,5,GET,/api/find-carparks,0.600000,0.000000,4300,4300,5500,5500,7700,7700,7700,7700,7700,7700,7700,41,0,4500.0,4836.975058535023,3206.553200026974,8683.465800015256,537.560975609756
1789532495,5,,Aggregated,1.000000,0.000000,3200,4000,4100,4300,7700,7700,7700,7700,7700,7700,7700,48,0,4300.0,4360.544312505226,744.3686000769958,8683.465800015256,39446.625
1789532496,5,GET,/api/annotate-carpark,0.400000,0.000000,1000,1000,1000,1000,1000,1000,1000,1000,1000,1000,1000,8,0,1000.0,1482.668212542194,744.3686000769958,3199.744699988514,264780.625
1789532496,5,GET,/api/find-carparks,0.600000,0.000000,4100,4300,4300,7700,7700,7700,7700,7700,7700,7700,7700,41,0,4500.0,4836.975058535023,3206.553200026974,8683.465800015256,537.560975609756
1789532496,5,,Aggregated,1.000000,0.000000,3200,4000,4100,4300,7700,7700,7700,7700,7700,7700,7700,49,0,4300.0,4289.333124495378,744.3686000769958,8683.465800015256,43679.28571428572
1789532497,5,GET,/api/annotate-carpark,0.500000,0.000000,890,1000,1000,1000,1000,1000,1000,1000,1000,1000,1000,9,0,1000.0,1416.631677808861,744.3686000769958,3199.744699988514,264182.22222222225
1789532497,5,GET,/api/find-carparks,0.500000,0.000000,4100,4300,4300,7700,7700,7700,7700,7700,7700,7700,7700,41,0,4500.0,4836.975058535023,3206.553200026974,8683.465800015256,537.560975609756
1789532497,5,,Aggregated,1.000000,0.000000,3200,4000,4100,4300,7700,7700,7700,7700,7700,7700,7700,50,0,4300.0,4221.313250004314,744.3686000769958,8683.465800015256,47993.6
1789532498,5,GET,/api/annotate-carpark,0.400000,0.000000,890,1000,1000,1000,1000,1000,1000,1000,1000,1000,1000,9,0,1000.0,1416.631677808861,744.3686000769958,3199.744699988514,264182.22222222225
1789532498,5,GET,/api/find-carparks,0.400000,0.000000,4100,4100,4300,4300,7700,7700,7700,7700,7700,7700,7700,42,0,4400.0,4799.816628571578,3206.553200026974,8683.465800015256,537.6666666666666
1789532498,5,,Aggregated,0.800000,0.000000,3300,4000,4100,4300,7700,7700,7700,7700,7700,7700,7700,51,0,4300.0,4202.783990201687,744.3686000769958,8683.465800015256,47063.17647058824
1789532499,5,GET,/api/annotate-carpark,0.500000,0.000000,890,960,960,1000,1000,1000,1000,1000,1000,1000,1000,10,0,960.0,1370.938200026285,744.3686000769958,3199.744699988514,262107.1
1789532499,5,GET,/api/find-carparks,0.500000,0.000000,4300,4300,5100,5100,7700,7700,7700,7700,7700,7700,7700,43,0,4500.0,4806.687613954594,3206.553200026974,8683.465800015256,537.6976744186046
1789532499,5,,Aggregated,1.000000,0.000000,3300,4100,4300,4300,5100,7700,7700,7700,7700,7700,7700,53,0,4300.0,4158.433007553026,744.3686000769958,8683.465800015256,49890.41509433962
1789532500,5,GET,/api/annotate-carpark,0.500000,0.000000,890,960,960,1000,1000,1000,1000,1000,1000,1000,1000,10,0,960.0,1370.938200026285,744.3686000769958,3199.744699988514,262107.1
1789532500,5,GET,/api/find-carparks,0.500000,0.000000,4100,5100,5100,7700,7700,7700,7700,7700,7700,7700,7700,43,0,4500.0,4806.687613954594,3206.553200026974,8683.465800015256,537.6976744186046
1789532500,5,,Aggregated,1.000000,0.000000,3300,4000,4100,5100,7700,7700,7700,7700,7700,7700,7700,53,0,4300.0,4158.433007553026,744.3686000769958,8683.465800015256,49890.41509433962
1789532501,5,GET,/api/annotate-carpark,0.400000,0.000000,890,890,960,960,1000,1000,1000,1000,1000,1000,1000,11,0,960.0,1319.8001182066616,744.3686000769958,3199.744699988514,260136.18181818182
1789532501,5,GET,/api/find-carparks,0.600000,0.000000,4100,5100,5100,7700,7700,7700,7700,7700,7700,7700,7700,43,0,4500.0,4806.687613954594,3206.553200026974,8683.465800015256,537.6976744186046
1789532501,5,,Aggregated,1.000000,0.000000,1000,3300,4000,5100,7700,7700,7700,7700,7700,7700,7700,54,0,4300.0,4096.395716672608,744.3686000769958,8683.465800015256,53418.87037037037
1789532502,5,GET,/api/annotate-carpark,0.400000,0.000000,890,960,960,1000,1000,1000,1000,1000,1000,1000,1000,11,0,960.0,1319.8001182066616,744.3686000769958,3199.744699988514,260136.18181818182
1789532502,5,GET,/api/find-carparks,0.600000,0.000000,5100,5100,7700,7700,7700,7700,7700,7700,7700,7700,7700,43,0,4500.0,4806.687613954594,3206.553200026974,8683.465800015256,537.6976744186046
1789532502,5,,Aggregated,1.000000,0.000000,1000,3300,4000,5100,7700,7700,7700,7700,7700,7700,7700,54,0,4300.0,4096.395716672608,744.3686000769958,8683.465800015256,53418.87037037037
1789532503,5,GET,/api/annotate-carpark,0.500000,0.000000,890,960,960,1000,1000,1000,1000,1000,1000,1000,1000,11,0,960.0,1319.8001182066616,744.3686000769958,3199.744699988514,260136.18181818182
1789532503,5,GET,/api/find-carparks,0.600000,0.000000,5000,5100,5100,7700,7700,7700,7700,7700,7700,7700,7700,44,0,4500.0,4810.249581819252,3206.553200026974,8683.465800015256,537.7272727272727
1789532503,5,,Aggregated,1.100000,0.000000,3300,4000,5000,5100,7700,7700,7700,7700,7700,7700,7700,55,0,4300.0,4112.159689096734,744.3686000769958,8683.465800015256,52457.41818181818
1789532504,10,GET,/api/annotate-carpark,0.600000,0.000000,890,890,960,960,960,960,960,960,960,960,960,11,0,960.0,1319.8001182066616,744.3686000769958,3199.744699988514,260136.18181818182
1789532504,10,GET,/api/find-carparks,0.500000,0.000000,5000,5100,5100,7700,7700,7700,7700,7700,7700,7700,7700,45,0,4500.0,4775.83434889093,3206.553200026974,8683.465800015256,537.7555555555556
1789532504,10,,Aggregated,1.100000,0.000000,3300,3300,5000,5100,7700,7700,7700,7700,7700,7700,7700,56,0,4300.0,4096.970482149378,744.3686000769958,8683.465800015256,51530.30357142857
1789532505,10,GET,/api/annotate-carpark,0.600000,0.000000,890,890,960,960,960,960,960,960,960,960,960,11,0,960.0,1319.8001182066616,744.3686000769958,3199.744699988514,260136.18181818182
1789532505,10,GET,/api/find-carparks,0.500000,0.000000,5000,5100,5100,7700,7700,7700,7700,7700,7700,7700,7700,45,0,4500.0,4775.83434889093,3206.553200026974,8683.465800015256,537.7555555555556
1789532505,10,,Aggregated,1.100000,0.000000,3300,3300,5000,5000,5100,5100,5100,5100,5100,5100,5100,56,0,4300.0,4096.970482149378,744.3686000769958,8683.465800015256,51530.30357142857
1789532506,10,GET,/api/annotate-carpark,0.500000,0.000000,890,890,960,960,960,960,960,960,960,960,960,11,0,960.0,1319.8001182066616,744.3686000769958,3199.744699988514,260136.18181818182
1789532506,10,GET,/api/find-carparks,0.500000,0.000000,4300,5000,5000,5100,5100,5100,5100,5100,5100,5100,5100,46,0,4400.0,4765.892026088019,3206.553200026974,8683.465800015256,537.7608695652174
1789532506,10,,Aggregated,1.000000,0.000000,3300,4300,5000,5000,5100,5100,5100,5100,5100,5100,5100,57,0,4300.0,4100.856745619686,744.3686000769958,8683.465800015256,50635.70175438596
1789532507,10,GET,/api/annotate-carpark,0.400000,0.000000,960,960,960,960,960,960,960,960,960,960,960,11,0,960.0,1319.8001182066616,744.3686000769958,3199.744699988514,260136.18181818182
1789532507,10,GET,/api/find-carparks,0.500000,0.000000,5000,5000,5100,5100,6000,6000,6000,6000,6000,6000,6000,47,0,4500.0,4791.856648937918,3206.553200026974,8683.465800015256,537.7234042553191
1789532507,10,,Aggregated,0.900000,0.000000,4300,5000,5100,5100,6000,6000,6000,6000,6000,6000,6000,58,0,4300.0,4133.363168971645,744.3686000769958,8683.465800015256,49771.91379310345
1789532508,10,GET,/api/annotate-carpark,0.400000,0.000000,960,960,960,960,960,960,960,960,960,960,960,11,0,960.0,1319.8001182066616,744.3686000769958,3199.744699988514,260136.18181818182
1789532508,10,GET,/api/find-carparks,0.500000,0.000000,4600,5000,5100,5100,6000,6000,6000,6000,6000,6000,6000,49,0,4500.0,4764.432987756552,3206.553200026974,8683.465800015256,537.8367346938776
1789532508,10,,Aggregated,0.900000,0.000000,4300,4600,5000,5100,6000,6000,6000,6000,6000,6000,6000,60,0,4300.0,4132.916961672406,744.3686000769958,8683.465800015256,48130.86666666667
1789532509,10,GET,/api/annotate-carpark,0.400000,0.000000,810,810,810,810,810,810,810,810,810,810,810,11,0,960.0,1319.8001182066616,744.3686000769958,3199.744699988514,260136.18181818182
1789532509,10,GET,/api/find-carparks,0.500000,0.000000,4600,5000,5100,5100,6000,6000,6000,6000,6000,6000,6000,49,0,4500.0,4764.432987756552,3206.553200026974,8683.465800015256,537.8367346938776
1789532509,10,,Aggregated,0.900000,0.000000,4300,4600,5000,5000,6000,6000,6000,6000,6000,6000,6000,60,0,4300.0,4132.916961672406,744.3686000769958,8683.465800015256,48130.86666666667
1789532510,10,GET,/api/annotate-carpark,0.200000,0.000000,810,810,810,810,810,810,810,810,810,810,810,11,0,960.0,1319.8001182066616,744.3686000769958,3199.744699988514,260136.18181818182
1789532510,10,GET,/api/find-carparks,0.700000,0.000000,4600,5000,5800,5800,6000,6000,6000,6000,6000,6000,6000,50,0,4500.0,4784.377498000395,3206.553200026974,8683.465800015256,537.92
1789532510,10,,Aggregated,0.900000,0.000000,4600,5000,5800,5800,6000,6000,6000,6000,6000,6000,6000,61,0,4300.0,4159.617642627754,744.3686000769958,8683.465800015256,47350.72131147541
1789532511,10,GET,/api/annotate-carpark,0.200000,0.000000,3500,3500,3500,3500,3500,3500,3500,3500,3500,3500,3500,12,0,960.0,1497.853416687576,744.3686000769958,3456.4396999776363,264293.75
1789532511,10,GET,/api/find-carparks,0.700000,0.000000,5000,5800,5900,5900,6000,6000,6000,6000,6000,6000,6000,51,0,4500.0,4806.163962745546,3206.553200026974,8683.465800015256,537.9607843137255
1789532511,10,,Aggregated,0.900000,0.000000,4600,5000,5800,5900,6000,6000,6000,6000,6000,6000,6000,63,0,4300.0,4176.009573020218,744.3686000769958,8683.465800015256,50777.15873015873
1789532512,10,GET,/api/annotate-carpark,0.100000,0.000000,3500,3500,3500,3500,3500,3500,3500,3500,3500,3500,3500,12,0,960.0,1497.853416687576,744.3686000769958,3456.4396999776363,264293.75
1789532512,10,GET,/api/find-carparks,0.600000,0.000000,5900,6000,7500,7500,8000,8000,8000,8000,8000,8000,8000,54,0,4600.0,4965.885722220668,3206.553200026974,8683.465800015256,537.9814814814815
1789532512,10,,Aggregated,0.700000,0.000000,5800,6000,7500,7500,7500,8000,8000,8000,8000,8000,8000,66,0,4300.0,4335.334393941925,744.3686000769958,8683.465800015256,48493.57575757576
1789532513,10,GET,/api/annotate-carpark,0.100000,0.000000,3500,3500,3500,3500,3500,3500,3500,3500,3500,3500,3500,12,0,960.0,1497.853416687576,744.3686000769958,3456.4396999776363,264293.75
1789532513,10,GET,/api/find-carparks,0.600000,0.000000,5900,6000,7500,7500,8000,8000,8000,8000,8000,8000,8000,54,0,4600.0,4965.885722220668,3206.553200026974,8683.465800015256,537.9814814814815
1789532513,10,,Aggregated,0.700000,0.000000,5800,6000,7500,7500,7500,8000,8000,8000,8000,8000,8000,66,0,4300.0,4335.334393941925,744.3686000769958,8683.465800015256,48493.57575757576
1789532514,10,GET,/api/annotate-carpark,0.100000,0.000000,3500,3500,3500,3500,3500,3500,3500,3500,3500,3500,3500,12,0,960.0,1497.853416687576,744.3686000769958,3456.4396999776363,264293.75
1789532514,10,GET,/api/find-carparks,0.600000,0.000000,5900,6000,7500,7500,8000,8000,8000,8000,8000,8000,8000,54,0,4600.0,4965.885722220668,3206.553200026974,8683.465800015256,537.9814814814815
1789532514,10,,Aggregated,0.700000,0.000000,5900,6000,7500,7500,8000,8000,8000,8000,8000,8000,8000,66,0,4300.0,4335.334393941925,744.3686000769958,8683.465800015256,48493.57575757576
1789532515,10,GET,/api/annotate-carpark,0.100000,0.000000,3500,3500,3500,3500,3500,3500,3500,3500,3500,3500,3500,12,0,960.0,1497.853416687576,744.3686000769958,3456.4396999776363,264293.75
1789532515,10,GET,/api/find-carparks,0.900000,0.000000,6000,6200,7500,7500,8000,8000,8000,8000,8000,8000,8000,55,0,4600.0,4988.646210907874,3206.553200026974,8683.465800015256,537.9818181818182
1789532515,10,,Aggregated,1.000000,0.000000,6000,6200,7500,7500,8000,8000,8000,8000,8000,8000,8000,67,0,4300.0,4363.429591047522,744.3686000769958,8683.465800015256,47777.82089552239
1789532516,10,GET,/api/annotate-carpark,0.100000,0.000000,3500,3500,3500,3500,3500,3500,3500,3500,3500,3500,3500,12,0,960.0,1497.853416687576,744.3686000769958,3456.4396999776363,264293.75
1789532516,10,GET,/api/find-carparks,0.900000,0.000000,6200,7200,7500,7500,8000,8000,8000,8000,8000,8000,8000,57,0,4600.0,5049.5487754376145,3206.553200026974,8683.465800015256,537.8245614035088
1789532516,10,,Aggregated,1.000000,0.000000,6200,7200,7500,7500,7500,8000,8000,8000,8000,8000,8000,69,0,4300.0,4431.862626089782,744.3686000769958,8683.465800015256,46408.42028985507
1789532517,10,GET,/api/annotate-carpark,0.100000,0.000000,3500,3500,3500,3500,3500,3500,3500,3500,3500,3500,3500,12,0,960.0,1497.853416687576,744.3686000769958,3456.4396999776363,264293.75
1789532517,10,GET,/api/find-carparks,0.900000,0.000000,6200,7200,7500,7500,8000,12000,12000,12000,12000,12000,12000,59,0,4700.0,5164.998037286766,3206.553200026974,12186.00410001818,537.6779661016949
1789532517,10,,Aggregated,1.000000,0.000000,6200,7200,7500,7500,8000,12000,12000,12000,12000,12000,12000,71,0,4400.0,4545.198946481269,744.3686000769958,12186.00410001818,45116.16901408451
1789532518,10,GET,/api/annotate-carpark,0.100000,0.000000,3500,3500,3500,3500,3500,3500,3500,3500,3500,3500,3500,12,0,960.0,1497.853416687576,744.3686000769958,3456.4396999776363,264293.75
1789532518,10,GET,/api/find-carparks,0.900000,0.000000,7200,7500,7500,8000,12000,12000,12000,12000,12000,12000,12000,59,0,4700.0,5164.998037286766,3206.553200026974,12186.00410001818,537.6779661016949
1789532518,10,,Aggregated,1.000000,0.000000,6200,7500,7500,7500,8000,12000,12000,12000,12000,12000,12000,71,0,4400.0,4545.198946481269,744.3686000769958,12186.00410001818,45116.16901408451
1789532519,10,GET,/api/annotate-carpark,0.100000,0.000000,3500,3500,3500,3500,3500,3500,3500,3500,3500,3500,3500,12,0,960.0,1497.853416687576,744.3686000769958,3456.4396999776363,264293.75
1789532519,10,GET,/api/find-carparks,0.900000,0.000000,6200,7500,7500,7500,8000,12000,12000,12000,12000,12000,12000,60,0,4700.0,5168.779654998798,3206.553200026974,12186.00410001818,537.55
1789532519,10,,Aggregated,1.000000,0.000000,6200,7200,7500,7500,8000,12000,12000,12000,12000,12000,12000,72,0,4400.0,4556.958615280261,744.3686000769958,12186.00410001818,44496.916666666664
1789532520,10,GET,/api/annotate-carpark,0.100000,0.000000,3500,3500,3500,3500,3500,3500,3500,3500,3500,3500,3500,12,0,960.0,1497.853416687576,744.3686000769958,3456.4396999776363,264293.75
1789532520,10,GET,/api/find-carparks,0.900000,0.000000,7200,7500,7500,8000,12000,12000,12000,12000,12000,12000,12000,60,0,4700.0,5168.779654998798,3206.553200026974,12186.00410001818,537.55
1789532520,10,,Aggregated,1.000000,0.000000,7200,7500,7500,8000,12000,12000,12000,12000,12000,12000,12000,72,0,4400.0,4556.958615280261,744.3686000769958,12186.00410001818,44496.916666666664
1789532521,10,GET,/api/annotate-carpark,0.100000,0.000000,3500,3500,3500,3500,3500,3500,3500,3500,3500,3500,3500,12,0,960.0,1497.853416687576,744.3686000769958,3456.4396999776363,264293.75
1789532521,10,GET,/api/find-carparks,1.100000,0.000000,7200,7300,8000,8000,9100,12000,12000,12000,12000,12000,12000,64,0,4700.0,5308.093007812204,3206.553200026974,12186.00410001818,537.515625
1789532521,10,,Aggregated,1.200000,0.000000,7200,7300,8000,8000,9100,12000,12000,12000,12000,12000,12000,76,0,4500.0,4706.47623026621,744.3686000769958,12186.00410001818,42183.23684210526
1789532522,10,GET,/api/annotate-carpark,0.100000,0.000000,4500,4500,4500,4500,4500,4500,4500,4500,4500,4500,4500,13,0,1000.0,1728.685415403631,744.3686000769958,4498.669399996288,262098.6923076923
1789532522,10,GET,/api/find-carparks,1.100000,0.000000,7200,7300,8000,8000,9100,12000,12000,12000,12000,12000,12000,64,0,4700.0,5308.093007812204,3206.553200026974,12186.00410001818,537.515625
1789532522,10,,Aggregated,1.200000,0.000000,7000,7300,7500,8000,9100,12000,12000,12000,12000,12000,12000,77,0,4500.0,4703.777440262705,744.3686000769958,12186.00410001818,44697.194805194806
1789532523,10,GET,/api/annotate-carpark,0.100000,0.000000,4500,4500,4500,4500,4500,4500,4500,4500,4500,4500,4500,13,0,1000.0,1728.685415403631,744.3686000769958,4498.669399996288,262098.6923076923
1789532523,10,GET,/api/find-carparks,1.100000,0.000000,6300,7200,7300,7300,9100,12000,12000,12000,12000,12000,12000,65,0,4700.0,5323.096112306946,3206.553200026974,12186.00410001818,537.6153846153846
1789532523,10,,Aggregated,1.200000,0.000000,6300,7000,7300,7300,9100,12000,12000,12000,12000,12000,12000,78,0,4500.0,4724.02766282306,744.3686000769958,12186.00410001818,44131.1282051282
1789532524,10,GET,/api/annotate-carpark,0.100000,0.000000,4500,4500,4500,4500,4500,4500,4500,4500,4500,4500,4500,13,0,1000.0,1728.685415403631,744.3686000769958,4498.669399996288,262098.6923076923
1789532524,10,GET,/api/find-carparks,1.100000,0.000000,6300,7200,7300,7300,9100,12000,12000,12000,12000,12000,12000,65,0,4700.0,5323.096112306946,3206.553200026974,12186.00410001818,537.6153846153846
1789532524,10,,Aggregated,1.200000,0.000000,6300,7000,7300,7300,9100,12000,12000,12000,12000,12000,12000,78,0,4500.0,4724.02766282306,744.3686000769958,12186.00410001818,44131.1282051282
1789532525,10,GET,/api/annotate-carpark,0.100000,0.000000,4500,4500,4500,4500,4500,4500,4500,4500,4500,4500,4500,13,0,1000.0,1728.685415403631,744.3686000769958,4498.669399996288,262098.6923076923
1789532525,10,GET,/api/find-carparks,1.100000,0.000000,6900,7200,7200,7300,9100,12000,12000,12000,12000,12000,12000,68,0,4900.0,5384.1310000006,3206.553200026974,12186.00410001818,537.7205882352941
1789532525,10,,Aggregated,1.200000,0.000000,6900,7200,7200,7300,9100,12000,12000,12000,12000,12000,12000,81,0,4600.0,4797.454548151703,744.3686000769958,12186.00410001818,42516.641975308645
1789532526,10,GET,/api/annotate-carpark,0.100000,0.000000,4500,4500,4500,4500,4500,4500,4500,4500,4500,4500,4500,13,0,1000.0,1728.685415403631,744.3686000769958,4498.669399996288,262098.6923076923
1789532526,10,GET,/api/find-carparks,1.100000,0.000000,6900,7200,7200,7300,9100,12000,12000,12000,12000,12000,12000,68,0,4900.0,5384.1310000006,3206.553200026974,12186.00410001818,537.7205882352941
1789532526,10,,Aggregated,1.200000,0.000000,6900,7200,7200,7300,9100,12000,12000,12000,12000,12000,12000,81,0,4600.0,4797.454548151703,744.3686000769958,12186.00410001818,42516.641975308645
1789532527,10,GET,/api/annotate-carpark,0.100000,0.000000,4500,4500,4500,4500,4500,4500,4500,4500,4500,4500,4500,13,0,1000.0,1728.685415403631,744.3686000769958,4498.669399996288,262098.6923076923
1789532527,10,GET,/api/find-carparks,1.100000,0.000000,6900,7000,7200,7300,9100,9100,9100,9100,9100,9100,9100,69,0,5000.0,5392.100786957282,3206.553200026974,12186.00410001818,537.7246376811594
1789532527,10,,Aggregated,1.200000,0.000000,6300,7000,7200,7200,7300,9100,9100,9100,9100,9100,9100,82,0,4600.0,4811.3154231743865,744.3686000769958,12186.00410001818,42004.70731707317
1789532528,10,GET,/api/annotate-carpark,0.100000,0.000000,4500,4500,4500,4500,4500,4500,4500,4500,4500,4500,4500,13,0,1000.0,1728.685415403631,744.3686000769958,4498.669399996288,262098.6923076923
1789532528,10,GET,/api/find-carparks,1.300000,0.000000,6300,7000,7200,7200,7300,9100,9100,9100,9100,9100,9100,70,0,4900.0,5382.87291428673,3206.553200026974,12186.00410001818,537.7714285714286
1789532528,10,,Aggregated,1.400000,0.000000,6300,6900,7200,7200,7300,9100,9100,9100,9100,9100,9100,83,0,4600.0,4810.530293979738,744.3686000769958,12186.00410001818,41505.14457831325
1789532529,10,GET,/api/annotate-carpark,0.100000,0.000000,5000,5000,5000,5000,5000,5000,5000,5000,5000,5000,5000,14,0,1000.0,1963.8683143005308,744.3686000769958,5021.245999960229,261120.92857142858
1789532529,10,GET,/api/find-carparks,1.000000,0.000000,7000,7100,7200,7200,7300,9100,9100,9100,9100,9100,9100,73,0,5000.0,5454.16176164593,3206.553200026974,12186.00410001818,537.7534246575342
1789532529,10,,Aggregated,1.100000,0.000000,6900,7100,7200,7200,7300,9100,9100,9100,9100,9100,9100,87,0,4700.0,4892.505344831728,744.3686000769958,12186.00410001818,42470.67816091954
1789532530,10,GET,/api/annotate-carpark,0.100000,0.000000,4500,4500,5000,5000,5000,5000,5000,5000,5000,5000,5000,15,0,1000.0,2056.466046681938,744.3686000769958,5021.245999960229,259974.93333333332
1789532530,10,GET,/api/find-carparks,1.000000,0.000000,7100,7100,7200,7200,9100,9100,9100,9100,9100,9100,9100,73,0,5000.0,5454.16176164593,3206.553200026974,12186.00410001818,537.7534246575342
1789532530,10,,Aggregated,1.100000,0.000000,6300,7100,7100,7200,7200,9100,9100,9100,9100,9100,9100,88,0,4700.0,4875.009082958885,744.3686000769958,12186.00410001818,44760.0
1789532531,10,GET,/api/annotate-carpark,0.100000,0.000000,4500,4500,5000,5000,5000,5000,5000,5000,5000,5000,5000,15,0,1000.0,2056.466046681938,744.3686000769958,5021.245999960229,259974.93333333332
1789532531,10,GET,/api/find-carparks,1.000000,0.000000,6900,7100,7100,7200,7200,7200,7200,7200,7200,7200,7200,74,0,5000.0,5449.746052706237,3206.553200026974,12186.00410001818,537.7027027027027
1789532531,10,,Aggregated,1.100000,0.000000,6000,6900,7100,7100,7200,7200,7200,7200,7200,7200,7200,89,0,4700.0,4877.8449280954,744.3686000769958,12186.00410001818,44263.07865168539
1789532532,10,GET,/api/annotate-carpark,0.100000,0.000000,4500,4500,5000,5000,5000,5000,5000,5000,5000,5000,5000,15,0,1000.0,2056.466046681938,744.3686000769958,5021.245999960229,259974.93333333332
1789532532,10,GET,/api/find-carparks,1.000000,0.000000,6900,7100,7100,7200,7200,7200,7200,7200,7200,7200,7200,74,0,5000.0,5449.746052706237,3206.553200026974,12186.00410001818,537.7027027027027
1789532532,10,,Aggregated,1.100000,0.000000,6000,6900,7100,7100,7200,7200,7200,7200,7200,7200,7200,89,0,4700.0,4877.8449280954,744.3686000769958,12186.00410001818,44263.07865168539
1789532533,10,GET,/api/annotate-carpark,0.300000,0.000000,4500,4500,5000,5000,5000,5000,5000,5000,5000,5000,5000,15,0,1000.0,2056.466046681938,744.3686000769958,5021.245999960229,259974.93333333332
1789532533,10,GET,/api/find-carparks,1.100000,0.000000,6900,7100,7100,7200,7200,7200,7200,7200,7200,7200,7200,75,0,5100.0,5452.62370400286,3206.553200026974,12186.00410001818,537.68
1789532533,10,,Aggregated,1.400000,0.000000,6000,6900,7100,7100,7200,7200,7200,7200,7200,7200,7200,90,0,4700.0,4886.597427782706,744.3686000769958,12186.00410001818,43777.22222222222
1789532534,10,GET,/api/annotate-carpark,0.300000,0.000000,4500,4500,5000,5000,5000,5000,5000,5000,5000,5000,5000,16,0,1000.0,2135.4187125107273,744.3686000769958,5021.245999960229,259384.6875
1789532534,10,GET,/api/find-carparks,1.000000,0.000000,6200,7100,7100,7200,7200,7200,7200,7200,7200,7200,7200,77,0,5100.0,5447.412375327466,3206.553200026974,12186.00410001818,537.7012987012987
1789532534,10,,Aggregated,1.300000,0.000000,5700,6200,7100,7100,7200,7200,7200,7200,7200,7200,7200,93,0,4700.0,4877.607013982651,744.3686000769958,12186.00410001818,45070.51612903226
1789532535,10,GET,/api/annotate-carpark,0.300000,0.000000,4100,4100,5000,5000,5000,5000,5000,5000,5000,5000,5000,17,0,1100.0,2248.3460470650566,744.3686000769958,5021.245999960229,258315.23529411765
1789532535,10,GET,/api/find-carparks,1.000000,0.000000,5900,6200,7100,7100,7200,7200,7200,7200,7200,7200,7200,78,0,5100.0,5447.200483336555,3206.553200026974,12186.00410001818,537.7564102564103
1789532535,10,,Aggregated,1.300000,0.000000,5400,5900,6200,7100,7100,7200,7200,7200,7200,7200,7200,95,0,4700.0,4874.773900003761,744.3686000769958,12186.00410001818,46666.357894736844
1789532536,10,GET,/api/annotate-carpark,0.200000,0.000000,4100,4100,5000,5000,5000,5000,5000,5000,5000,5000,5000,17,0,1100.0,2248.3460470650566,744.3686000769958,5021.245999960229,258315.23529411765
1789532536,10,GET,/api/find-carparks,0.900000,0.000000,5700,6200,7100,7100,7100,7200,7200,7200,7200,7200,7200,79,0,5100.0,5437.078806332937,3206.553200026974,12186.00410001818,537.7848101265823
1789532536,10,,Aggregated,1.100000,0.000000,5100,5700,6200,7100,7100,7200,7200,7200,7200,7200,7200,96,0,4700.0,4872.407380212583,744.3686000769958,12186.00410001818,46185.875
1789532537,10,GET,/api/annotate-carpark,0.200000,0.000000,4100,4100,5000,5000,5000,5000,5000,5000,5000,5000,5000,17,0,1100.0,2248.3460470650566,744.3686000769958,5021.245999960229,258315.23529411765
1789532537,10,GET,/api/find-carparks,0.900000,0.000000,5700,6200,7100,7100,7200,7200,7200,7200,7200,7200,7200,79,0,5100.0,5437.078806332937,3206.553200026974,12186.00410001818,537.7848101265823
1789532537,10,,Aggregated,1.100000,0.000000,5100,5700,6200,7100,7100,7200,7200,7200,7200,7200,7200,96,0,4700.0,4872.407380212583,744.3686000769958,12186.00410001818,46185.875
1789532538,10,GET,/api/annotate-carpark,0.200000,0.000000,3400,3400,4100,4100,4100,4100,4100,4100,4100,4100,4100,17,0,1100.0,2248.3460470650566,744.3686000769958,5021.245999960229,258315.23529411765
1789532538,10,GET,/api/find-carparks,0.900000,0.000000,5400,5700,6200,6200,7100,7100,7100,7100,7100,7100,7100,79,0,5100.0,5437.078806332937,3206.553200026974,12186.00410001818,537.7848101265823
1789532538,10,,Aggregated,1.100000,0.000000,5100,5400,5700,6200,7100,7100,7100,7100,7100,7100,7100,96,0,4700.0,4872.407380212583,744.3686000769958,12186.00410001818,46185.875
1789532539,10,GET,/api/annotate-carpark,0.400000,0.000000,3400,3400,4100,4100,4100,4100,4100,4100,4100,4100,4100,17,0,1100.0,2248.3460470650566,744.3686000769958,5021.245999960229,258315.23529411765
1789532539,10,GET,/api/find-carparks,1.100000,0.000000,5100,5400,5700,6200,6500,6500,6500,6500,6500,6500,6500,82,0,5000.0,5427.74279634383,3206.553200026974,12186.00410001818,537.7317073170732
1789532539,10,,Aggregated,1.500000,0.000000,5000,5400,5700,5700,6200,6500,6500,6500,6500,6500,6500,99,0,4700.0,4881.78577879091,744.3686000769958,12186.00410001818,44802.555555555555
1789532540,10,GET,/api/annotate-carpark,0.400000,0.000000,3400,3400,4100,4100,4100,4100,4100,4100,4100,4100,4100,17,0,1100.0,2248.3460470650566,744.3686000769958,5021.245999960229,258315.23529411765
1789532540,10,GET,/api/find-carparks,1.000000,0.000000,5100,5700,6200,6200,6500,8400,8400,8400,8400,8400,8400,84,0,5000.0,5452.926039288286,3206.553200026974,12186.00410001818,537.75
1789532540,10,,Aggregated,1.400000,0.000000,5000,5400,5700,6200,6500,8400,8400,8400,8400,8400,8400,101,0,4700.0,4913.541288122,744.3686000769958,12186.00410001818,43926.039603960395
1789532541,10,GET,/api/annotate-carpark,0.300000,0.000000,4100,4100,4500,4500,4500,4500,4500,4500,4500,4500,4500,19,0,3100.0,2456.388473688429,744.3686000769958,5021.245999960229,259121.68421052632
1789532541,10,GET,/api/find-carparks,1.000000,0.000000,5400,5700,6200,6500,8400,8400,8400,8400,8400,8400,8400,84,0,5000.0,5452.926039288286,3206.553200026974,12186.00410001818,537.75
1789532541,10,,Aggregated,1.300000,0.000000,4600,5400,5700,6200,6500,8400,8400,8400,8400,8400,8400,103,0,4700.0,4900.166682527148,744.3686000769958,12186.00410001818,48237.69902912621
1789532542,10,GET,/api/annotate-carpark,0.200000,0.000000,4100,4100,4500,4500,4500,4500,4500,4500,4500,4500,4500,19,0,3100.0,2456.388473688429,744.3686000769958,5021.245999960229,259121.68421052632
1789532542,10,GET,/api/find-carparks,0.900000,0.000000,5400,5700,6500,6500,6600,8400,8400,8400,8400,8400,8400,86,0,5100.0,5463.566650002978,3206.553200026974,12186.00410001818,537.8604651162791
1789532542,10,,Aggregated,1.100000,0.000000,5000,5400,6200,6200,6600,8400,8400,8400,8400,8400,8400,105,0,4700.0,4919.4105990508215,744.3686000769958,12186.00410001818,47329.219047619044
1789532543,10,GET,/api/annotate-carpark,0.300000,0.000000,3900,3900,4100,4100,4500,4500,4500,4500,4500,4500,4500,21,0,2400.0,2384.7084952396385,744.3686000769958,5021.245999960229,259823.33333333334
1789532543,10,GET,/api/find-carparks,1.000000,0.000000,5200,6400,6500,6500,6600,8400,8400,8400,8400,8400,8400,87,0,5100.0,5474.209466670779,3206.553200026974,12186.00410001818,537.8850574712644
1789532543,10,,Aggregated,1.300000,0.000000,4600,5200,5400,6400,6600,8400,8400,8400,8400,8400,8400,108,0,4700.0,4873.473166670279,744.3686000769958,12186.00410001818,50954.5
1789532544,10,GET,/api/annotate-carpark,0.300000,0.000000,3900,3900,4100,4100,4500,4500,4500,4500,4500,4500,4500,21,0,2400.0,2384.7084952396385,744.3686000769958,5021.245999960229,259823.33333333334
1789532544,10,GET,/api/find-carparks,1.000000,0.000000,5200,6400,6500,6600,8400,8400,8400,8400,8400,8400,8400,87,0,5100.0,5474.209466670779,3206.553200026974,12186.00410001818,537.8850574712644
1789532544,10,,Aggregated,1.300000,0.000000,4600,5200,6400,6500,6600,8400,8400,8400,8400,8400,8400,108,0,4700.0,4873.473166670279,744.3686000769958,12186.00410001818,50954.5
1789532545,10,GET,/api/annotate-carpark,0.400000,0.000000,3300,3900,4100,4100,4500,4500,4500,4500,4500,4500,4500,22,0,1100.0,2317.7342045448972,744.3686000769958,5021.245999960229,259123.63636363635
1789532545,10,GET,/api/find-carparks,1.300000,0.000000,5200,6400,6500,6600,8400,8400,8400,8400,8400,8400,8400,87,0,5100.0,5474.209466670779,3206.553200026974,12186.00410001818,537.8850574712644
1789532545,10,,Aggregated,1.700000,0.000000,4600,5200,6400,6500,6600,8400,8400,8400,8400,8400,8400,109,0,4700.0,4837.122716516931,744.3686000769958,12186.00410001818,52729.50458715596
1789532546,10,GET,/api/annotate-carpark,0.600000,0.000000,3300,3900,4100,4100,4500,4500,4500,4500,4500,4500,4500,22,0,1100.0,2317.7342045448972,744.3686000769958,5021.245999960229,259123.63636363635
1789532546,10,GET,/api/find-carparks,1.100000,0.000000,5200,6400,6500,6600,8400,8400,8400,8400,8400,8400,8400,88,0,5100.0,5465.576617049836,3206.553200026974,12186.00410001818,537.9204545454545
1789532546,10,,Aggregated,1.700000,0.000000,4700,5200,6400,6500,6600,8400,8400,8400,8400,8400,8400,110,0,4700.0,4836.008134548849,744.3686000769958,12186.00410001818,52255.06363636364
1789532547,10,GET,/api/annotate-carpark,0.400000,0.000000,2400,3900,3900,4500,4500,4500,4500,4500,4500,4500,4500,22,0,1100.0,2317.7342045448972,744.3686000769958,5021.245999960229,259123.63636363635
1789532547,10,GET,/api/find-carparks,0.900000,0.000000,5200,6400,6500,6500,6600,8400,8400,8400,8400,8400,8400,90,0,5100.0,5455.225271115907,3206.553200026974,12186.00410001818,537.9222222222222
1789532547,10,,Aggregated,1.300000,0.000000,4700,5200,6400,6400,6600,8400,8400,8400,8400,8400,8400,112,0,4700.0,4838.932383039459,744.3686000769958,12186.00410001818,51331.544642857145
1789532548,10,GET,/api/annotate-carpark,0.500000,0.000000,2400,3900,3900,4500,4500,4500,4500,4500,4500,4500,4500,22,0,1100.0,2317.7342045448972,744.3686000769958,5021.245999960229,259123.63636363635
1789532548,10,GET,/api/find-carparks,0.800000,0.000000,5500,5600,6500,6500,6600,8400,8400,8400,8400,8400,8400,91,0,5100.0,5455.406312092597,3206.553200026974,12186.00410001818,537.8901098901099
1789532548,10,,Aggregated,1.300000,0.000000,4700,5500,5600,6400,6600,8400,8400,8400,8400,8400,8400,113,0,4700.0,4844.53209646384,744.3686000769958,12186.00410001818,50882.017699115044
1789532549,10,GET,/api/annotate-carpark,0.500000,0.000000,2400,3900,3900,4500,4500,4500,4500,4500,4500,4500,4500,22,0,1100.0,2317.7342045448972,744.3686000769958,5021.245999960229,259123.63636363635
1789532549,10,GET,/api/find-carparks,0.900000,0.000000,5500,5600,6400,6600,8400,8400,8400,8400,8400,8400,8400,92,0,5100.0,5445.862283699883,3206.553200026974,12186.00410001818,537.75
1789532549,10,,Aggregated,1.400000,0.000000,4600,5200,5600,6400,6600,8400,8400,8400,8400,8400,8400,114,0,4700.0,4842.188443862956,744.3686000769958,12186.00410001818,50440.28947368421
1789532550,10,GET,/api/annotate-carpark,0.500000,0.000000,2400,2400,3900,3900,3900,3900,3900,3900,3900,3900,3900,22,0,1100.0,2317.7342045448972,744.3686000769958,5021.245999960229,259123.63636363635
1789532550,10,GET,/api/find-carparks,0.900000,0.000000,5500,5600,6400,6600,8400,8400,8400,8400,8400,8400,8400,92,0,5100.0,5445.862283699883,3206.553200026974,12186.00410001818,537.75
1789532550,10,,Aggregated,1.400000,0.000000,4700,5200,5600,5600,6400,6600,6600,6600,6600,6600,6600,114,0,4700.0,4842.188443862956,744.3686000769958,12186.00410001818,50440.28947368421
1789532551,10,GET,/api/annotate-carpark,0.500000,0.000000,2400,2400,3900,3900,3900,3900,3900,3900,3900,3900,3900,22,0,1100.0,2317.7342045448972,744.3686000769958,5021.245999960229,259123.63636363635
1789532551,10,GET,/api/find-carparks,0.900000,0.000000,5600,6600,7100,7100,7700,8200,8200,8200,8200,8200,8200,95,0,5200.0,5516.298380003948,3206.553200026974,12186.00410001818,537.6421052631579
1789532551,10,,Aggregated,1.400000,0.000000,5500,6400,6600,7100,7700,8200,8200,8200,8200,8200,8200,117,0,4700.0,4914.858962396263,744.3686000769958,12186.00410001818,49160.64957264957
1789532552,10,GET,/api/annotate-carpark,0.500000,0.000000,1000,1000,2400,2400,2400,2400,2400,2400,2400,2400,2400,22,0,1100.0,2317.7342045448972,744.3686000769958,5021.245999960229,259123.63636363635
1789532552,10,GET,/api/find-carparks,1.000000,0.000000,6400,6600,7400,7400,7700,8200,8200,8200,8200,8200,8200,96,0,5200.0,5535.423860420754,3206.553200026974,12186.00410001818,537.6354166666666
1789532552,10,,Aggregated,1.500000,0.000000,5500,5600,7400,7400,7700,8200,8200,8200,8200,8200,8200,118,0,4700.0,4935.515619494747,744.3686000769958,12186.00410001818,48748.58474576271
1789532553,10,GET,/api/annotate-carpark,0.400000,0.000000,1000,1000,2400,2400,2400,2400,2400,2400,2400,2400,2400,22,0,1100.0,2317.7342045448972,744.3686000769958,5021.245999960229,259123.63636363635
1789532553,10,GET,/api/find-carparks,0.900000,0.000000,5600,6600,7100,7400,7700,8200,8200,8200,8200,8200,8200,97,0,5200.0,5528.4553824782315,3206.553200026974,12186.00410001818,537.680412371134
1789532553,10,,Aggregated,1.300000,0.000000,4900,5600,7100,7400,7700,8200,8200,8200,8200,8200,8200,119,0,4700.0,4934.876677314086,744.3686000769958,12186.00410001818,48343.487394957985
1789532554,10,GET,/api/annotate-carpark,0.400000,0.000000,910,910,910,910,910,910,910,910,910,910,910,22,0,1100.0,2317.7342045448972,744.3686000769958,5021.245999960229,259123.63636363635
1789532554,10,GET,/api/find-carparks,0.900000,0.000000,5600,7100,7400,7700,8200,8200,8200,8200,8200,8200,8200,97,0,5200.0,5528.4553824782315,3206.553200026974,12186.00410001818,537.680412371134
1789532554,10,,Aggregated,1.300000,0.000000,5500,7100,7400,7400,7700,8200,8200,8200,8200,8200,8200,119,0,4700.0,4934.876677314086,744.3686000769958,12186.00410001818,48343.487394957985
1789532555,10,GET,/api/annotate-carpark,0.300000,0.000000,910,910,910,910,910,910,910,910,910,910,910,22,0,1100.0,2317.7342045448972,744.3686000769958,5021.245999960229,259123.63636363635
1789532555,10,GET,/api/find-carparks,0.900000,0.000000,6200,6700,7400,7400,7700,8200,8200,8200,8200,8200,8200,99,0,5300.0,5547.086497982776,3206.553200026974,12186.00410001818,537.5656565656566
1789532555,10,,Aggregated,1.200000,0.000000,6200,6700,7400,7400,7700,8200,8200,8200,8200,8200,8200,121,0,4700.0,4959.931535539526,744.3686000769958,12186.00410001818,47553.21487603306
1789532556,10,GET,/api/annotate-carpark,0.300000,0.000000,910,910,910,910,910,910,910,910,910,910,910,22,0,1100.0,2317.7342045448972,744.3686000769958,5021.245999960229,259123.63636363635
1789532556,10,GET,/api/find-carparks,0.900000,0.000000,6200,6700,7400,7400,7700,8200,8200,8200,8200,8200,8200,100,0,5300.0,5551.685002002632,3206.553200026974,12186.00410001818,537.54
1789532556,10,,Aggregated,1.200000,0.000000,6200,6700,7400,7400,7700,8200,8200,8200,8200,8200,8200,122,0,4700.0,4968.513546723369,744.3686000769958,12186.00410001818,47167.81967213115
1789532557,10,GET,/api/annotate-carpark,0.100000,0.000000,910,910,910,910,910,910,910,910,910,910,910,22,0,1100.0,2317.7342045448972,744.3686000769958,5021.245999960229,259123.63636363635
1789532557,10,GET,/api/find-carparks,1.100000,0.000000,6500,6700,7400,7400,7700,8200,8200,8200,8200,8200,8200,102,0,5300.0,5558.532218629148,3206.553200026974,12186.00410001818,537.4901960784314
1789532557,10,,Aggregated,1.200000,0.000000,6500,6700,7400,7400,7700,8200,8200,8200,8200,8200,8200,124,0,4700.0,4983.551925807748,744.3686000769958,12186.00410001818,46415.67741935484
1789532558,10,GET,/api/annotate-carpark,0.100000,0.000000,910,910,910,910,910,910,910,910,910,910,910,22,0,1100.0,2317.7342045448972,744.3686000769958,5021.245999960229,259123.63636363635
1789532558,10,GET,/api/find-carparks,1.100000,0.000000,6500,7100,7400,7400,7700,8200,8200,8200,8200,8200,8200,102,0,5300.0,5558.532218629148,3206.553200026974,12186.00410001818,537.4901960784314
1789532558,10,,Aggregated,1.200000,0.000000,6500,7100,7400,7400,7700,8200,8200,8200,8200,8200,8200,124,0,4700.0,4983.551925807748,744.3686000769958,12186.00410001818,46415.67741935484
1789532559,10,GET,/api/annotate-carpark,0.000000,0.000000,910,910,910,910,910,910,910,910,910,910,910,22,0,1100.0,2317.7342045448972,744.3686000769958,5021.245999960229,259123.63636363635
1789532559,10,GET,/api/find-carparks,1.200000,0.000000,6600,7100,7400,7400,7700,8200,8200,8200,8200,8200,8200,103,0,5400.0,5568.486572816308,3206.553200026974,12186.00410001818,537.4368932038835
1789532559,10,,Aggregated,1.200000,0.000000,6600,7100,7400,7400,7700,8200,8200,8200,8200,8200,8200,125,0,4900.0,4996.35415600054,744.3686000769958,12186.00410001818,46048.608
1789532560,10,GET,/api/annotate-carpark,0.000000,0.000000,910,910,910,910,910,910,910,910,910,910,910,22,0,1100.0,2317.7342045448972,744.3686000769958,5021.245999960229,259123.63636363635
1789532560,10,GET,/api/find-carparks,1.200000,0.000000,6700,6900,7400,7400,7700,8200,8200,8200,8200,8200,8200,105,0,5400.0,5595.236961906111,3206.553200026974,12186.00410001818,537.4095238095238
1789532560,10,,Aggregated,1.200000,0.000000,6700,6900,7400,7400,7700,8200,8200,8200,8200,8200,8200,127,0,4900.0,5027.480578741176,744.3686000769958,12186.00410001818,45331.87401574803
1789532561,10,GET,/api/annotate-carpark,0.000000,0.000000,3300,3300,3300,3300,3300,3300,3300,3300,3300,3300,3300,23,0,2400.0,2359.082439129808,744.3686000769958,5021.245999960229,258490.91304347827
1789532561,10,GET,/api/find-carparks,1.100000,0.000000,6500,6700,6900,6900,7100,7400,7400,7400,7400,7400,7400,106,0,5400.0,5594.358164152649,3206.553200026974,12186.00410001818,537.3867924528302
1789532561,10,,Aggregated,1.100000,0.000000,6500,6600,6900,6900,7100,7400,7400,7400,7400,7400,7400,129,0,4900.0,5017.526058140825,744.3686000769958,12186.00410001818,46529.1007751938
1789532562,10,GET,/api/annotate-carpark,0.000000,0.000000,3300,3300,3300,3300,3300,3300,3300,3300,3300,3300,3300,23,0,2400.0,2359.082439129808,744.3686000769958,5021.245999960229,258490.91304347827
1789532562,10,GET,/api/find-carparks,1.100000,0.000000,6500,6700,6900,6900,7100,8300,8300,8300,8300,8300,8300,107,0,5500.0,5619.674882244441,3206.553200026974,12186.00410001818,537.4485981308411
1789532562,10,,Aggregated,1.100000,0.000000,6500,6600,6900,6900,7100,8300,8300,8300,8300,8300,8300,130,0,4900.0,5042.800834616467,744.3686000769958,12186.00410001818,46175.36923076923
1789532563,10,GET,/api/annotate-carpark,0.000000,0.000000,3300,3300,3300,3300,3300,3300,3300,3300,3300,3300,3300,23,0,2400.0,2359.082439129808,744.3686000769958,5021.245999960229,258490.91304347827
1789532563,10,GET,/api/find-carparks,1.100000,0.000000,6500,6700,6900,6900,7100,8300,8300,8300,8300,8300,8300,108,0,5500.0,5625.221978704859,3206.553200026974,12186.00410001818,537.4907407407408
1789532563,10,,Aggregated,1.100000,0.000000,6500,6600,6900,6900,7100,8300,8300,8300,8300,8300,8300,131,0,5000.0,5051.777632061911,744.3686000769958,12186.00410001818,45827.02290076336
1789532564,10,GET,/api/annotate-carpark,0.000000,0.000000,3300,3300,3300,3300,3300,3300,3300,3300,3300,3300,3300,23,0,2400.0,2359.082439129808,744.3686000769958,5021.245999960229,258490.91304347827
1789532564,10,GET,/api/find-carparks,1.100000,0.000000,6500,6600,6900,7100,8300,8300,8300,8300,8300,8300,8300,108,0,5500.0,5625.221978704859,3206.553200026974,12186.00410001818,537.4907407407408
1789532564,10,,Aggregated,1.100000,0.000000,6200,6600,6900,6900,7100,8300,8300,8300,8300,8300,8300,131,0,5000.0,5051.777632061911,744.3686000769958,12186.00410001818,45827.02290076336
1789532565,10,GET,/api/annotate-carpark,0.100000,0.000000,3300,3300,3300,3300,3300,3300,3300,3300,3300,3300,3300,23,0,2400.0,2359.082439129808,744.3686000769958,5021.245999960229,258490.91304347827
1789532565,10,GET,/api/find-carparks,1.200000,0.000000,6500,6600,7100,7100,7900,8300,8300,8300,8300,8300,8300,110,0,5500.0,5645.753365456635,3206.553200026974,12186.00410001818,537.3909090909091
1789532565,10,,Aggregated,1.300000,0.000000,6200,6600,6900,7100,7900,8300,8300,8300,8300,8300,8300,133,0,5000.0,5077.381701505379,744.3686000769958,12186.00410001818,45145.89473684211
1789532566,10,GET,/api/annotate-carpark,0.100000,0.000000,3300,3300,3300,3300,3300,3300,3300,3300,3300,3300,3300,23,0,2400.0,2359.082439129808,744.3686000769958,5021.245999960229,258490.91304347827
1789532566,10,GET,/api/find-carparks,1.100000,0.000000,6600,6900,7600,7600,7900,8300,8300,8300,8300,8300,8300,112,0,5500.0,5652.199687502746,3206.553200026974,12186.00410001818,537.375
1789532566,10,,Aggregated,1.200000,0.000000,6500,6900,7100,7600,7900,8300,8300,8300,8300,8300,8300,135,0,5000.0,5091.150082224393,744.3686000769958,12186.00410001818,44485.014814814815
1789532567,10,GET,/api/annotate-carpark,0.100000,0.000000,3300,3300,3300,3300,3300,3300,3300,3300,3300,3300,3300,23,0,2400.0,2359.082439129808,744.3686000769958,5021.245999960229,258490.91304347827
1789532567,10,GET,/api/find-carparks,1.000000,0.000000,6500,6900,7100,7600,7900,8300,8300,8300,8300,8300,8300,113,0,5500.0,5646.061955754381,3206.553200026974,12186.00410001818,537.3805309734513
1789532567,10,,Aggregated,1.100000,0.000000,6500,6900,7100,7600,7900,8300,8300,8300,8300,8300,8300,136,0,5000.0,5090.175713972284,744.3686000769958,12186.00410001818,44161.875
1789532568,10,GET,/api/annotate-carpark,0.100000,0.000000,3300,3300,3300,3300,3300,3300,3300,3300,3300,3300,3300,23,0,2400.0,2359.082439129808,744.3686000769958,5021.245999960229,258490.91304347827
1789532568,10,GET,/api/find-carparks,1.000000,0.000000,6600,7100,7600,7600,7900,8300,8300,8300,8300,8300,8300,113,0,5500.0,5646.061955754381,3206.553200026974,12186.00410001818,537.3805309734513
1789532568,10,,Aggregated,1.100000,0.000000,6600,6900,7600,7600,7900,8300,8300,8300,8300,8300,8300,136,0,5000.0,5090.175713972284,744.3686000769958,12186.00410001818,44161.875
1789532569,10,GET,/api/annotate-carpark,0.100000,0.000000,3300,3300,3300,3300,3300,3300,3300,3300,3300,3300,3300,23,0,2400.0,2359.082439129808,744.3686000769958,5021.245999960229,258490.91304347827
1789532569,10,GET,/api/find-carparks,1.200000,0.000000,6200,6900,7600,7600,7900,8300,8300,8300,8300,8300,8300,115,0,5500.0,5643.883661742565,3206.553200026974,12186.00410001818,537.4521739130435
1789532569,10,,Aggregated,1.300000,0.000000,6100,6900,7100,7600,7900,8300,8300,8300,8300,8300,8300,138,0,5000.0,5096.416791307105,744.3686000769958,12186.00410001818,43529.69565217391
1789532570,10,GET,/api/annotate-carpark,0.100000,0.000000,3300,3300,3300,3300,3300,3300,3300,3300,3300,3300,3300,24,0,2400.0,2364.8756083324165,744.3686000769958,5021.245999960229,259254.25
1789532570,10,GET,/api/find-carparks,1.100000,0.000000,6100,6200,7600,7900,8300,8300,8300,8300,8300,8300,8300,115,0,5500.0,5643.883661742565,3206.553200026974,12186.00410001818,537.4521739130435
1789532570,10,,Aggregated,1.200000,0.000000,5600,6200,7600,7600,7900,8300,8300,8300,8300,8300,8300,139,0,5000.0,5077.7239978444095,744.3686000769958,12186.00410001818,45207.97841726619
1789532571,10,GET,/api/annotate-carpark,0.100000,0.000000,3300,3300,3300,3300,3300,3300,3300,3300,3300,3300,3300,24,0,2400.0,2364.8756083324165,744.3686000769958,5021.245999960229,259254.25
1789532571,10,GET,/api/find-carparks,1.100000,0.000000,6200,7300,7900,7900,8300,8900,8900,8900,8900,8900,8900,118,0,5500.0,5685.901753393286,3206.553200026974,12186.00410001818,537.4830508474577
1789532571,10,,Aggregated,1.200000,0.000000,6100,7300,7600,7900,8300,8900,8900,8900,8900,8900,8900,142,0,5000.0,5124.6015598618715,744.3686000769958,12186.00410001818,44264.26056338028
1789532572,10,GET,/api/annotate-carpark,0.100000,0.000000,3300,3300,3800,3800,3800,3800,3800,3800,3800,3800,3800,25,0,2500.0,2423.2133160019293,744.3686000769958,5021.245999960229,258844.52
1789532572,10,GET,/api/find-carparks,1.200000,0.000000,6200,7300,7900,7900,8300,8900,8900,8900,8900,8900,8900,118,0,5500.0,5685.901753393286,3206.553200026974,12186.00410001818,537.4830508474577
1789532572,10,,Aggregated,1.300000,0.000000,6100,7300,7600,7900,8300,8900,8900,8900,8900,8900,8900,143,0,5000.0,5115.501676926266,744.3686000769958,12186.00410001818,45696.055944055945
1789532573,15,GET,/api/annotate-carpark,0.100000,0.000000,3300,3300,3800,3800,3800,3800,3800,3800,3800,3800,3800,25,0,2500.0,2423.2133160019293,744.3686000769958,5021.245999960229,258844.52
1789532573,15,GET,/api/find-carparks,1.000000,0.000000,6100,7300,7600,7600,7900,8900,8900,8900,8900,8900,8900,119,0,5600.0,5691.428552945184,3206.553200026974,12186.00410001818,537.4705882352941
1789532573,15,,Aggregated,1.100000,0.000000,5700,6300,7300,7600,7900,8900,8900,8900,8900,8900,8900,144,0,5000.0,5124.030074309202,744.3686000769958,12186.00410001818,45382.444444444445
1789532575,20,GET,/api/annotate-carpark,0.100000,0.000000,3800,3800,3800,3800,3800,3800,3800,3800,3800,3800,3800,25,0,2500.0,2423.2133160019293,744.3686000769958,5021.245999960229,258844.52
1789532575,20,GET,/api/find-carparks,1.000000,0.000000,6100,6300,7300,7600,8900,8900,8900,8900,8900,8900,8900,119,0,5600.0,5691.428552945184,3206.553200026974,12186.00410001818,537.4705882352941
1789532575,20,,Aggregated,1.100000,0.000000,5700,6300,7300,7300,7600,8900,8900,8900,8900,8900,8900,144,0,5000.0,5124.030074309202,744.3686000769958,12186.00410001818,45382.444444444445
1789532576,20,GET,/api/annotate-carpark,0.200000,0.000000,2500,2500,3800,3800,3800,3800,3800,3800,3800,3800,3800,26,0,2400.0,2372.030976926908,744.3686000769958,5021.245999960229,257817.34615384616
1789532576,20,GET,/api/find-carparks,1.000000,0.000000,6100,6300,7300,7800,8900,8900,8900,8900,8900,8900,8900,121,0,5600.0,5698.252333062585,3206.553200026974,12186.00410001818,537.5206611570248
1789532576,20,,Aggregated,1.200000,0.000000,5700,6100,7300,7300,7800,8900,8900,8900,8900,8900,8900,147,0,5000.0,5109.94107279369,744.3686000769958,12186.00410001818,46042.795918367345
1789532577,20,GET,/api/annotate-carpark,0.200000,0.000000,3800,3800,4200,4200,4200,4200,4200,4200,4200,4200,4200,27,0,2500.0,2439.3700111131357,744.3686000769958,5021.245999960229,256967.92592592593
1789532577,20,GET,/api/find-carparks,1.100000,0.000000,6300,7300,7800,8000,8900,8900,8900,8900,8900,8900,8900,122,0,5600.0,5717.306607381868,3206.553200026974,12186.00410001818,537.5737704918033
1789532577,20,,Aggregated,1.300000,0.000000,5700,6300,7300,7800,8000,8900,8900,8900,8900,8900,8900,149,0,5000.0,5123.318096648608,744.3686000769958,12186.00410001818,47004.81879194631
1789532578,20,GET,/api/annotate-carpark,0.200000,0.000000,3800,3800,4200,4200,4200,4200,4200,4200,4200,4200,4200,27,0,2500.0,2439.3700111131357,744.3686000769958,5021.245999960229,256967.92592592593
1789532578,20,GET,/api/find-carparks,1.100000,0.000000,6300,7300,7800,8000,8900,8900,8900,8900,8900,8900,8900,123,0,5600.0,5706.665046346503,3206.553200026974,12186.00410001818,537.569105691057
1789532578,20,,Aggregated,1.300000,0.000000,5700,6300,7300,7800,8000,8900,8900,8900,8900,8900,8900,150,0,5000.0,5118.551940004497,744.3686000769958,12186.00410001818,46695.03333333333
1789532579,20,GET,/api/annotate-carpark,0.300000,0.000000,3800,3800,4200,4200,4200,4200,4200,4200,4200,4200,4200,27,0,2500.0,2439.3700111131357,744.3686000769958,5021.245999960229,256967.92592592593
1789532579,20,GET,/api/find-carparks,1.100000,0.000000,6300,7300,7800,7800,8000,8900,8900,8900,8900,8900,8900,124,0,5600.0,5715.1253500046405,3206.553200026974,12186.00410001818,537.5322580645161
1789532579,20,,Aggregated,1.400000,0.000000,5700,6800,7300,7800,8000,8900,8900,8900,8900,8900,8900,151,0,5000.0,5129.39426291808,744.3686000769958,12186.00410001818,46389.32450331126
1789532580,20,GET,/api/annotate-carpark,0.400000,0.000000,3800,3800,4200,4200,4200,4200,4200,4200,4200,4200,4200,27,0,2500.0,2439.3700111131357,744.3686000769958,5021.245999960229,256967.92592592593
1789532580,20,GET,/api/find-carparks,1.000000,0.000000,7300,7600,7800,8000,8900,8900,8900,8900,8900,8900,8900,125,0,5600.0,5730.477476004511,3206.553200026974,12186.00410001818,537.472
1789532580,20,,Aggregated,1.400000,0.000000,6300,7300,7600,7800,8000,8900,8900,8900,8900,8900,8900,152,0,5000.0,5145.872860530385,744.3686000769958,12186.00410001818,46087.61842105263
1789532581,20,GET,/api/annotate-carpark,0.400000,0.000000,3800,3800,4200,4200,4200,4200,4200,4200,4200,4200,4200,27,0,2500.0,2439.3700111131357,744.3686000769958,5021.245999960229,256967.92592592593
1789532581,20,GET,/api/find-carparks,1.000000,0.000000,6800,7300,7800,7800,8000,8900,8900,8900,8900,8900,8900,127,0,5700.0,5742.913822838706,3206.553200026974,12186.00410001818,537.4488188976378
1789532581,20,,Aggregated,1.400000,0.000000,6300,6700,7600,7600,7800,8000,8000,8000,8000,8000,8000,154,0,5000.0,5163.721076627081,744.3686000769958,12186.00410001818,45496.03896103896
1789532582,20,GET,/api/annotate-carpark,0.400000,0.000000,3800,3800,4200,4200,4200,4200,4200,4200,4200,4200,4200,27,0,2500.0,2439.3700111131357,744.3686000769958,5021.245999960229,256967.92592592593
1789532582,20,GET,/api/find-carparks,1.100000,0.000000,6800,7600,7800,7800,8000,8000,8000,8000,8000,8000,8000,128,0,5700.0,5759.302650785685,3206.553200026974,12186.00410001818,537.4140625
1789532582,20,,Aggregated,1.500000,0.000000,6700,6800,7800,7800,7800,8000,8000,8000,8000,8000,8000,155,0,5000.0,5180.991803874983,744.3686000769958,12186.00410001818,45205.95483870968
1789532583,20,GET,/api/annotate-carpark,0.400000,0.000000,4200,4200,4200,4200,4200,4200,4200,4200,4200,4200,4200,27,0,2500.0,2439.3700111131357,744.3686000769958,5021.245999960229,256967.92592592593
1789532583,20,GET,/api/find-carparks,0.900000,0.000000,6800,7600,7800,7800,8000,9100,9100,9100,9100,9100,9100,130,0,5700.0,5775.963954619454,3206.553200026974,12186.00410001818,537.4076923076923
1789532583,20,,Aggregated,1.300000,0.000000,6700,7600,7800,7800,8000,9100,9100,9100,9100,9100,9100,157,0,5000.0,5202.15480509926,744.3686000769958,12186.00410001818,44636.923566878984
1789532584,20,GET,/api/annotate-carpark,0.400000,0.000000,4200,4200,4200,4200,4200,4200,4200,4200,4200,4200,4200,27,0,2500.0,2439.3700111131357,744.3686000769958,5021.245999960229,256967.92592592593
1789532584,20,GET,/api/find-carparks,0.900000,0.000000,6800,7800,7800,7800,8000,9100,9100,9100,9100,9100,9100,130,0,5700.0,5775.963954619454,3206.553200026974,12186.00410001818,537.4076923076923
1789532584,20,,Aggregated,1.300000,0.000000,6700,7600,7800,7800,8000,9100,9100,9100,9100,9100,9100,157,0,5000.0,5202.15480509926,744.3686000769958,12186.00410001818,44636.923566878984
1789532585,20,GET,/api/annotate-carpark,0.300000,0.000000,4200,4200,4200,4200,4200,4200,4200,4200,4200,4200,4200,27,0,2500.0,2439.3700111131357,744.3686000769958,5021.245999960229,256967.92592592593
1789532585,20,GET,/api/find-carparks,1.000000,0.000000,7600,8000,9100,9100,9600,11000,11000,11000,11000,11000,11000,132,0,5700.0,5845.087901519781,3206.553200026974,12186.00410001818,537.3939393939394
1789532585,20,,Aggregated,1.300000,0.000000,7600,7800,9100,9100,9600,11000,11000,11000,11000,11000,11000,159,0,5100.0,5266.7584484318595,744.3686000769958,12186.00410001818,44082.201257861634
1789532586,20,GET,/api/annotate-carpark,0.200000,0.000000,4200,4200,4200,4200,4200,4200,4200,4200,4200,4200,4200,28,0,2400.0,2388.8754857180174,744.3686000769958,5021.245999960229,257006.17857142858
1789532586,20,GET,/api/find-carparks,1.100000,0.000000,7800,9100,10000,10000,11000,12000,12000,12000,12000,12000,12000,134,0,5700.0,5924.485155974633,3206.553200026974,12186.00410001818,537.4402985074627
1789532586,20,,Aggregated,1.300000,0.000000,7600,9100,9600,10000,11000,12000,12000,12000,12000,12000,12000,162,0,5100.0,5313.392126547564,744.3686000769958,12186.00410001818,44865.37037037037
1789532587,20,GET,/api/annotate-carpark,0.200000,0.000000,4200,4200,4200,4200,4200,4200,4200,4200,4200,4200,4200,28,0,2400.0,2388.8754857180174,744.3686000769958,5021.245999960229,257006.17857142858
1789532587,20,GET,/api/find-carparks,1.100000,0.000000,7800,9600,10000,10000,11000,12000,12000,12000,12000,12000,12000,134,0,5700.0,5924.485155974633,3206.553200026974,12186.00410001818,537.4402985074627
1789532587,20,,Aggregated,1.300000,0.000000,7800,9100,10000,10000,11000,12000,12000,12000,12000,12000,12000,162,0,5100.0,5313.392126547564,744.3686000769958,12186.00410001818,44865.37037037037
1789532588,20,GET,/api/annotate-carpark,0.200000,0.000000,4200,4200,4200,4200,4200,4200,4200,4200,4200,4200,4200,28,0,2400.0,2388.8754857180174,744.3686000769958,5021.245999960229,257006.17857142858
1789532588,20,GET,/api/find-carparks,1.300000,0.000000,9100,9600,11000,11000,12000,14000,14000,14000,14000,14000,14000,135,0,5800.0,5981.857405189873,3206.553200026974,13669.738800032064,537.4444444444445
1789532588,20,,Aggregated,1.500000,0.000000,7800,9600,10000,11000,12000,14000,14000,14000,14000,14000,14000,163,0,5100.0,5364.658057059739,744.3686000769958,13669.738800032064,44593.42331288344
1789532589,20,GET,/api/annotate-carpark,0.200000,0.000000,4200,4200,4200,4200,4200,4200,4200,4200,4200,4200,4200,28,0,2400.0,2388.8754857180174,744.3686000769958,5021.245999960229,257006.17857142858
1789532589,20,GET,/api/find-carparks,1.200000,0.000000,9600,10000,11000,11000,12000,14000,14000,14000,14000,14000,14000,136,0,5800.0,6018.317641181056,3206.553200026974,13669.738800032064,537.5294117647059
1789532589,20,,Aggregated,1.400000,0.000000,9100,10000,11000,11000,12000,14000,14000,14000,14000,14000,14000,164,0,5100.0,5398.656785370294,744.3686000769958,13669.738800032064,44324.85975609756
1789532590,20,GET,/api/annotate-carpark,0.100000,0.000000,1000,1000,1000,1000,1000,1000,1000,1000,1000,1000,1000,28,0,2400.0,2388.8754857180174,744.3686000769958,5021.245999960229,257006.17857142858
1789532590,20,GET,/api/find-carparks,1.200000,0.000000,11000,12000,12000,12000,14000,14000,14000,14000,14000,14000,14000,138,0,5900.0,6118.559620294221,3206.553200026974,14296.052300021984,537.4855072463768
1789532590,20,,Aggregated,1.300000,0.000000,11000,11000,12000,12000,14000,14000,14000,14000,14000,14000,14000,166,0,5200.0,5489.456272293415,744.3686000769958,14296.052300021984,43797.26506024096
1789532591,20,GET,/api/annotate-carpark,0.100000,0.000000,1000,1000,1000,1000,1000,1000,1000,1000,1000,1000,1000,28,0,2400.0,2388.8754857180174,744.3686000769958,5021.245999960229,257006.17857142858
1789532591,20,GET,/api/find-carparks,1.200000,0.000000,11000,12000,12000,12000,14000,14000,14000,14000,14000,14000,14000,139,0,5900.0,6145.862874105111,3206.553200026974,14296.052300021984,537.4820143884892
1789532591,20,,Aggregated,1.300000,0.000000,11000,11000,12000,12000,14000,14000,14000,14000,14000,14000,14000,167,0,5300.0,5515.948820962364,744.3686000769958,14296.052300021984,43538.22155688623
1789532592,20,GET,/api/annotate-carpark,0.100000,0.000000,1000,1000,1000,1000,1000,1000,1000,1000,1000,1000,1000,28,0,2400.0,2388.8754857180174,744.3686000769958,5021.245999960229,257006.17857142858
1789532592,20,GET,/api/find-carparks,1.300000,0.000000,11000,12000,14000,14000,14000,17000,17000,17000,17000,17000,17000,140,0,5900.0,6225.019042861614,3206.553200026974,17227.726500015706,537.55
1789532592,20,,Aggregated,1.400000,0.000000,11000,12000,12000,14000,14000,17000,17000,17000,17000,17000,17000,168,0,5300.0,5585.661783337682,744.3686000769958,17227.726500015706,43282.32142857143
1789532593,20,GET,/api/annotate-carpark,0.100000,0.000000,1000,1000,1000,1000,1000,1000,1000,1000,1000,1000,1000,28,0,2400.0,2388.8754857180174,744.3686000769958,5021.245999960229,257006.17857142858
1789532593,20,GET,/api/find-carparks,1.300000,0.000000,11000,12000,14000,14000,14000,17000,17000,17000,17000,17000,17000,141,0,5900.0,6214.437609933092,3206.553200026974,17227.726500015706,537.5106382978723
1789532593,20,,Aggregated,1.400000,0.000000,11000,12000,14000,14000,14000,17000,17000,17000,17000,17000,17000,169,0,5300.0,5580.616666276157,744.3686000769958,17227.726500015706,43029.36094674556
1789532594,20,GET,/api/annotate-carpark,0.100000,0.000000,1000,1000,1000,1000,1000,1000,1000,1000,1000,1000,1000,28,0,2400.0,2388.8754857180174,744.3686000769958,5021.245999960229,257006.17857142858
1789532594,20,GET,/api/find-carparks,1.200000,0.000000,12000,14000,14000,14000,16000,17000,17000,17000,17000,17000,17000,143,0,6000.0,6321.6044370661375,3206.553200026974,17227.726500015706,537.5524475524476
1789532594,20,,Aggregated,1.300000,0.000000,12000,12000,14000,14000,16000,17000,17000,17000,17000,17000,17000,171,0,5300.0,5677.648819301533,744.3686000769958,17227.726500015706,42532.415204678364
1789532595,20,GET,/api/annotate-carpark,0.100000,0.000000,1000,1000,1000,1000,1000,1000,1000,1000,1000,1000,1000,28,0,2400.0,2388.8754857180174,744.3686000769958,5021.245999960229,257006.17857142858
1789532595,20,GET,/api/find-carparks,1.100000,0.000000,12000,12000,14000,14000,16000,17000,17000,17000,17000,17000,17000,145,0,6000.0,6389.033938623194,3206.553200026974,17227.726500015706,537.5379310344828
1789532595,20,,Aggregated,1.200000,0.000000,12000,12000,14000,14000,16000,17000,17000,17000,17000,17000,17000,173,0,5400.0,5741.609449135651,744.3686000769958,17227.726500015706,42046.91329479769
1789532596,20,GET,/api/annotate-carpark,0.100000,0.000000,1000,1000,1000,1000,1000,1000,1000,1000,1000,1000,1000,28,0,2400.0,2388.8754857180174,744.3686000769958,5021.245999960229,257006.17857142858
1789532596,20,GET,/api/find-carparks,1.100000,0.000000,12000,14000,14000,14000,16000,17000,17000,17000,17000,17000,17000,145,0,6000.0,6389.033938623194,3206.553200026974,17227.726500015706,537.5379310344828
1789532596,20,,Aggregated,1.200000,0.000000,12000,14000,14000,14000,16000,17000,17000,17000,17000,17000,17000,173,0,5400.0,5741.609449135651,744.3686000769958,17227.726500015706,42046.91329479769
1789532597,20,GET,/api/annotate-carpark,0.100000,0.000000,1000,1000,1000,1000,1000,1000,1000,1000,1000,1000,1000,28,0,2400.0,2388.8754857180174,744.3686000769958,5021.245999960229,257006.17857142858
1789532597,20,GET,/api/find-carparks,1.300000,0.000000,12000,14000,16000,16000,17000,21000,21000,21000,21000,21000,21000,146,0,6000.0,6491.666512331792,3206.553200026974,21373.389700078405,537.5068493150685
1789532597,20,,Aggregated,1.400000,0.000000,12000,14000,16000,16000,17000,21000,21000,21000,21000,21000,21000,174,0,5400.0,5831.447266669805,744.3686000769958,21373.389700078405,41808.3275862069
1789532598,20,GET,/api/annotate-carpark,0.100000,0.000000,1000,1000,1000,1000,1000,1000,1000,1000,1000,1000,1000,28,0,2400.0,2388.8754857180174,744.3686000769958,5021.245999960229,257006.17857142858
1789532598,20,GET,/api/find-carparks,1.300000,0.000000,12000,14000,17000,17000,19000,21000,21000,21000,21000,21000,21000,148,0,6000.0,6602.490160137579,3206.553200026974,21373.389700078405,537.527027027027
1789532598,20,,Aggregated,1.400000,0.000000,12000,14000,17000,17000,19000,21000,21000,21000,21000,21000,21000,176,0,5400.0,5932.142371025376,744.3686000769958,21373.389700078405,41339.357954545456
1789532599,20,GET,/api/annotate-carpark,0.000000,0.000000,1000,1000,1000,1000,1000,1000,1000,1000,1000,1000,1000,28,0,2400.0,2388.8754857180174,744.3686000769958,5021.245999960229,257006.17857142858
1789532599,20,GET,/api/find-carparks,1.200000,0.000000,11000,12000,16000,17000,19000,21000,21000,21000,21000,21000,21000,151,0,6100.0,6647.296001988969,3206.553200026974,21373.389700078405,537.4966887417219
1789532599,20,,Aggregated,1.200000,0.000000,11000,12000,16000,17000,19000,21000,21000,21000,21000,21000,21000,179,0,5500.0,5981.174356985692,744.3686000769958,21373.389700078405,40655.50279329609
1789532600,20,GET,/api/annotate-carpark,0.000000,0.000000,1000,1000,1000,1000,1000,1000,1000,1000,1000,1000,1000,28,0,2400.0,2388.8754857180174,744.3686000769958,5021.245999960229,257006.17857142858
1789532600,20,GET,/api/find-carparks,1.200000,0.000000,11000,12000,16000,17000,19000,21000,21000,21000,21000,21000,21000,151,0,6100.0,6647.296001988969,3206.553200026974,21373.389700078405,537.4966887417219
1789532600,20,,Aggregated,1.200000,0.000000,11000,12000,16000,17000,19000,21000,21000,21000,21000,21000,21000,179,0,5500.0,5981.174356985692,744.3686000769958,21373.389700078405,40655.50279329609
1789532601,20,GET,/api/annotate-carpark,0.000000,0.000000,1000,1000,1000,1000,1000,1000,1000,1000,1000,1000,1000,28,0,2400.0,2388.8754857180174,744.3686000769958,5021.245999960229,257006.17857142858
1789532601,20,GET,/api/find-carparks,1.300000,0.000000,11000,16000,17000,19000,20000,21000,21000,21000,21000,21000,21000,152,0,6100.0,6733.161027633621,3206.553200026974,21373.389700078405,537.4473684210526
1789532601,20,,Aggregated,1.300000,0.000000,11000,16000,17000,19000,20000,21000,21000,21000,21000,21000,21000,180,0,5500.0,6057.383276668972,744.3686000769958,21373.389700078405,40432.583333333336
1789532602,20,GET,/api/annotate-carpark,0.000000,0.000000,1000,1000,1000,1000,1000,1000,1000,1000,1000,1000,1000,28,0,2400.0,2388.8754857180174,744.3686000769958,5021.245999960229,257006.17857142858
1789532602,20,GET,/api/find-carparks,1.400000,0.000000,11000,16000,19000,20000,20000,21000,21000,21000,21000,21000,21000,154,0,6200.0,6847.924150001899,3206.553200026974,21373.389700078405,537.4545454545455
1789532602,20,,Aggregated,1.400000,0.000000,11000,16000,19000,20000,20000,21000,21000,21000,21000,21000,21000,182,0,5500.0,6161.916663188994,744.3686000769958,21373.389700078405,39994.181318681316
1789532603,20,GET,/api/annotate-carpark,0.000000,0.000000,0,0,0,0,0,0,0,0,0,0,0,29,0,2500.0,2845.8672793148535,744.3686000769958,15641.637500026263,256557.89655172414
1789532603,20,GET,/api/find-carparks,1.300000,0.000000,11000,11000,20000,20000,20000,21000,21000,21000,21000,21000,21000,155,0,6200.0,6877.786192904798,3206.553200026974,21373.389700078405,537.4774193548387
1789532603,20,,Aggregated,1.300000,0.000000,11000,16000,19000,20000,20000,21000,21000,21000,21000,21000,21000,184,0,5500.0,6242.320711958556,744.3686000769958,21373.389700078405,40888.52173913043
1789532604,20,GET,/api/annotate-carpark,0.000000,0.000000,16000,16000,16000,16000,16000,16000,16000,16000,16000,16000,16000,29,0,2500.0,2845.8672793148535,744.3686000769958,15641.637500026263,256557.89655172414
1789532604,20,GET,/api/find-carparks,1.300000,0.000000,11000,12000,19000,20000,20000,21000,21000,21000,21000,21000,21000,156,0,6200.0,6911.683943591272,3206.553200026974,21373.389700078405,537.4230769230769
1789532604,20,,Aggregated,1.300000,0.000000,11000,16000,19000,20000,20000,21000,21000,21000,21000,21000,21000,185,0,5600.0,6274.339709731725,744.3686000769958,21373.389700078405,40670.362162162164
1789532605,20,GET,/api/annotate-carpark,0.000000,0.000000,16000,16000,16000,16000,16000,16000,16000,16000,16000,16000,16000,29,0,2500.0,2845.8672793148535,744.3686000769958,15641.637500026263,256557.89655172414
1789532605,20,GET,/api/find-carparks,1.300000,0.000000,12000,19000,20000,20000,20000,21000,21000,21000,21000,21000,21000,157,0,6200.0,6992.268928664048,3206.553200026974,21373.389700078405,537.4331210191083
1789532605,20,,Aggregated,1.300000,0.000000,12000,19000,20000,20000,20000,21000,21000,21000,21000,21000,21000,186,0,5600.0,6345.786951077346,744.3686000769958,21373.389700078405,40454.602150537634
1789532606,20,GET,/api/annotate-carpark,0.000000,0.000000,16000,16000,16000,16000,16000,16000,16000,16000,16000,16000,16000,29,0,2500.0,2845.8672793148535,744.3686000769958,15641.637500026263,256557.89655172414
1789532606,20,GET,/api/find-carparks,1.300000,0.000000,11000,12000,20000,20000,20000,20000,20000,20000,20000,20000,20000,158,0,6200.0,6976.809789875339,3206.553200026974,21373.389700078405,537.4303797468355
1789532606,20,,Aggregated,1.300000,0.000000,11000,16000,19000,20000,20000,20000,20000,20000,20000,20000,20000,187,0,5600.0,6336.182341713553,744.3686000769958,21373.389700078405,40241.13903743315
1789532607,20,GET,/api/annotate-carpark,0.100000,0.000000,16000,16000,16000,16000,16000,16000,16000,16000,16000,16000,16000,29,0,2500.0,2845.8672793148535,744.3686000769958,15641.637500026263,256557.89655172414
1789532607,20,GET,/api/find-carparks,1.100000,0.000000,12000,12000,20000,20000,20000,20000,20000,20000,20000,20000,20000,160,0,6200.0,7064.936420627055,3206.553200026974,21373.389700078405,537.38125
1789532607,20,,Aggregated,1.200000,0.000000,12000,16000,16000,20000,20000,20000,20000,20000,20000,20000,20000,189,0,5600.0,6417.566023282855,744.3686000769958,21373.389700078405,39820.95238095238
1789532608,20,GET,/api/annotate-carpark,0.100000,0.000000,16000,16000,16000,16000,16000,16000,16000,16000,16000,16000,16000,30,0,2500.0,2998.8186033403813,744.3686000769958,15641.637500026263,257696.56666666668
1789532608,20,GET,/api/find-carparks,1.300000,0.000000,12000,12000,20000,20000,20000,20000,20000,20000,20000,20000,20000,162,0,6200.0,7110.831017903466,3206.553200026974,21373.389700078405,537.3333333333334
1789532608,20,,Aggregated,1.400000,0.000000,12000,16000,16000,20000,20000,20000,20000,20000,20000,20000,20000,192,0,5700.0,6468.329078127984,744.3686000769958,21373.389700078405,40718.463541666664
1789532609,20,GET,/api/annotate-carpark,0.100000,0.000000,16000,16000,16000,16000,16000,16000,16000,16000,16000,16000,16000,30,0,2500.0,2998.8186033403813,744.3686000769958,15641.637500026263,257696.56666666668
1789532609,20,GET,/api/find-carparks,1.300000,0.000000,12000,16000,20000,20000,20000,20000,20000,20000,20000,20000,20000,162,0,6200.0,7110.831017903466,3206.553200026974,21373.389700078405,537.3333333333334
1789532609,20,,Aggregated,1.400000,0.000000,12000,16000,16000,20000,20000,20000,20000,20000,20000,20000,20000,192,0,5700.0,6468.329078127984,744.3686000769958,21373.389700078405,40718.463541666664
1789532610,20,GET,/api/annotate-carpark,0.100000,0.000000,16000,16000,16000,16000,16000,16000,16000,16000,16000,16000,16000,30,0,2500.0,2998.8186033403813,744.3686000769958,15641.637500026263,257696.56666666668
1789532610,20,GET,/api/find-carparks,1.300000,0.000000,12000,16000,20000,20000,20000,20000,20000,20000,20000,20000,20000,163,0,6200.0,7190.777334358195,3206.553200026974,21373.389700078405,537.361963190184
1789532610,20,,Aggregated,1.400000,0.000000,12000,16000,20000,20000,20000,20000,20000,20000,20000,20000,20000,193,0,5700.0,6539.177531609312,744.3686000769958,21373.389700078405,40510.29533678757
1789532611,20,GET,/api/annotate-carpark,0.100000,0.000000,16000,16000,16000,16000,16000,16000,16000,16000,16000,16000,16000,30,0,2500.0,2998.8186033403813,744.3686000769958,15641.637500026263,257696.56666666668
1789532611,20,GET,/api/find-carparks,1.300000,0.000000,12000,16000,20000,20000,20000,20000,20000,20000,20000,20000,20000,163,0,6200.0,7190.777334358195,3206.553200026974,21373.389700078405,537.361963190184
1789532611,20,,Aggregated,1.400000,0.000000,12000,16000,16000,20000,20000,20000,20000,20000,20000,20000,20000,193,0,5700.0,6539.177531609312,744.3686000769958,21373.389700078405,40510.29533678757
1789532612,20,GET,/api/annotate-carpark,0.200000,0.000000,16000,16000,16000,16000,16000,16000,16000,16000,16000,16000,16000,30,0,2500.0,2998.8186033403813,744.3686000769958,15641.637500026263,257696.56666666668
1789532612,20,GET,/api/find-carparks,1.200000,0.000000,12000,12000,16000,16000,20000,20000,20000,20000,20000,20000,20000,167,0,6200.0,7254.094358684891,3206.553200026974,21373.389700078405,537.3832335329341
1789532612,20,,Aggregated,1.400000,0.000000,12000,12000,16000,16000,20000,20000,20000,20000,20000,20000,20000,197,0,5700.0,6606.082822338011,744.3686000769958,21373.389700078405,39698.68020304568
1789532613,20,GET,/api/annotate-carpark,0.200000,0.000000,16000,16000,16000,16000,16000,16000,16000,16000,16000,16000,16000,30,0,2500.0,2998.8186033403813,744.3686000769958,15641.637500026263,257696.56666666668
1789532613,20,GET,/api/find-carparks,1.200000,0.000000,12000,12000,16000,16000,20000,20000,20000,20000,20000,20000,20000,168,0,6200.0,7280.425698811693,3206.553200026974,21373.389700078405,537.3928571428571
1789532613,20,,Aggregated,1.400000,0.000000,12000,12000,16000,16000,20000,20000,20000,20000,20000,20000,20000,198,0,5700.0,6631.697351013009,744.3686000769958,21373.389700078405,39500.90404040404
1789532614,20,GET,/api/annotate-carpark,0.200000,0.000000,16000,16000,16000,16000,16000,16000,16000,16000,16000,16000,16000,30,0,2500.0,2998.8186033403813,744.3686000769958,15641.637500026263,257696.56666666668
1789532614,20,GET,/api/find-carparks,1.100000,0.000000,12000,16000,16000,19000,20000,20000,20000,20000,20000,20000,20000,169,0,6200.0,7350.688842013644,3206.553200026974,21373.389700078405,537.4082840236687
1789532614,20,,Aggregated,1.300000,0.000000,12000,16000,16000,19000,20000,20000,20000,20000,20000,20000,20000,199,0,5800.0,6694.62800201265,744.3686000769958,21373.389700078405,39305.12060301508
1789532615,20,GET,/api/annotate-carpark,0.200000,0.000000,7400,7400,7400,7400,7400,7400,7400,7400,7400,7400,7400,30,0,2500.0,2998.8186033403813,744.3686000769958,15641.637500026263,257696.56666666668
1789532615,20,GET,/api/find-carparks,1.100000,0.000000,12000,16000,16000,16000,19000,20000,20000,20000,20000,20000,20000,169,0,6200.0,7350.688842013644,3206.553200026974,21373.389700078405,537.4082840236687
1789532615,20,,Aggregated,1.300000,0.000000,12000,12000,16000,16000,19000,20000,20000,20000,20000,20000,20000,199,0,5800.0,6694.62800201265,744.3686000769958,21373.389700078405,39305.12060301508
1789532616,20,GET,/api/annotate-carpark,0.100000,0.000000,7400,7400,7400,7400,7400,7400,7400,7400,7400,7400,7400,30,0,2500.0,2998.8186033403813,744.3686000769958,15641.637500026263,257696.56666666668
1789532616,20,GET,/api/find-carparks,1.300000,0.000000,12000,15000,16000,16000,19000,20000,20000,20000,20000,20000,20000,172,0,6300.0,7416.400177328479,3206.553200026974,21373.389700078405,537.4476744186046
1789532616,20,,Aggregated,1.400000,0.000000,12000,15000,16000,16000,19000,20000,20000,20000,20000,20000,20000,202,0,5900.0,6760.323705944108,744.3686000769958,21373.389700078405,38729.39603960396
1789532617,20,GET,/api/annotate-carpark,0.100000,0.000000,7400,7400,7400,7400,7400,7400,7400,7400,7400,7400,7400,30,0,2500.0,2998.8186033403813,744.3686000769958,15641.637500026263,257696.56666666668
1789532617,20,GET,/api/find-carparks,1.300000,0.000000,12000,12000,16000,16000,19000,20000,20000,20000,20000,20000,20000,173,0,6300.0,7438.4648861300275,3206.553200026974,21373.389700078405,537.4797687861271
1789532617,20,,Aggregated,1.400000,0.000000,12000,12000,16000,16000,19000,20000,20000,20000,20000,20000,20000,203,0,5900.0,6782.35952414141,744.3686000769958,21373.389700078405,38541.28571428572
1789532618,20,GET,/api/annotate-carpark,0.100000,0.000000,7400,7400,7400,7400,7400,7400,7400,7400,7400,7400,7400,30,0,2500.0,2998.8186033403813,744.3686000769958,15641.637500026263,257696.56666666668
1789532618,20,GET,/api/find-carparks,1.300000,0.000000,12000,15000,19000,19000,19000,20000,20000,20000,20000,20000,20000,174,0,6300.0,7506.406634485338,3206.553200026974,21373.389700078405,537.5057471264367
1789532618,20,,Aggregated,1.400000,0.000000,12000,15000,19000,19000,19000,20000,20000,20000,20000,20000,20000,204,0,5900.0,6843.526041669904,744.3686000769958,21373.389700078405,38355.01470588235
1789532619,20,GET,/api/annotate-carpark,0.100000,0.000000,17000,17000,17000,17000,17000,17000,17000,17000,17000,17000,17000,31,0,3100.0,3464.8914000041964,744.3686000769958,17447.07529991865,257074.16129032258
1789532619,20,GET,/api/find-carparks,1.300000,0.000000,12000,15000,19000,19000,19000,20000,20000,20000,20000,20000,20000,174,0,6300.0,7506.406634485338,3206.553200026974,21373.389700078405,537.5057471264367
1789532619,20,,Aggregated,1.400000,0.000000,12000,16000,17000,19000,19000,20000,20000,20000,20000,20000,20000,205,0,6000.0,6895.250672197946,744.3686000769958,21373.389700078405,39330.85365853659
1789532620,20,GET,/api/annotate-carpark,0.000000,0.000000,17000,17000,17000,17000,17000,17000,17000,17000,17000,17000,17000,31,0,3100.0,3464.8914000041964,744.3686000769958,17447.07529991865,257074.16129032258
1789532620,20,GET,/api/find-carparks,1.200000,0.000000,11000,12000,15000,16000,19000,19000,19000,19000,19000,19000,19000,176,0,6300.0,7507.929661934957,3206.553200026974,21373.389700078405,537.4715909090909
1789532620,20,,Aggregated,1.200000,0.000000,11000,15000,16000,17000,19000,19000,19000,19000,19000,19000,19000,207,0,6000.0,6902.450501935665,744.3686000769958,21373.389700078405,38956.00966183575
1789532621,20,GET,/api/annotate-carpark,0.000000,0.000000,7400,7400,17000,17000,17000,17000,17000,17000,17000,17000,17000,32,0,3100.0,3574.7906312535633,744.3686000769958,17447.07529991865,256762.15625
1789532621,20,GET,/api/find-carparks,1.200000,0.000000,11000,12000,17000,17000,19000,19000,19000,19000,19000,19000,19000,178,0,6300.0,7574.387133711415,3206.553200026974,21373.389700078405,537.4831460674158
1789532621,20,,Aggregated,1.200000,0.000000,11000,15000,17000,17000,19000,19000,19000,19000,19000,19000,19000,210,0,6000.0,6964.9248095273615,744.3686000769958,21373.389700078405,39581.24285714285
1789532622,20,GET,/api/annotate-carpark,0.000000,0.000000,7900,7900,17000,17000,17000,17000,17000,17000,17000,17000,17000,35,0,3300.0,4106.05857714545,744.3686000769958,17447.07529991865,259510.77142857143
1789532622,20,GET,/api/find-carparks,1.200000,0.000000,11000,15000,17000,17000,19000,19000,19000,19000,19000,19000,19000,179,0,6300.0,7602.989404472683,3206.553200026974,21373.389700078405,537.5027932960894
1789532622,20,,Aggregated,1.200000,0.000000,11000,15000,17000,17000,19000,19000,19000,19000,19000,19000,19000,214,0,6000.0,7031.061465423837,744.3686000769958,21373.389700078405,42892.943925233645
1789532623,20,GET,/api/annotate-carpark,0.000000,0.000000,7900,17000,17000,17000,17000,17000,17000,17000,17000,17000,17000,35,0,3300.0,4106.05857714545,744.3686000769958,17447.07529991865,259510.77142857143
1789532623,20,GET,/api/find-carparks,1.200000,0.000000,11000,15000,17000,17000,19000,19000,19000,19000,19000,19000,19000,179,0,6300.0,7602.989404472683,3206.553200026974,21373.389700078405,537.5027932960894
1789532623,20,,Aggregated,1.200000,0.000000,11000,15000,17000,17000,19000,19000,19000,19000,19000,19000,19000,214,0,6000.0,7031.061465423837,744.3686000769958,21373.389700078405,42892.943925233645
1789532624,20,GET,/api/annotate-carpark,0.100000,0.000000,7900,17000,17000,17000,17000,17000,17000,17000,17000,17000,17000,35,0,3300.0,4106.05857714545,744.3686000769958,17447.07529991865,259510.77142857143
1789532624,20,GET,/api/find-carparks,1.500000,0.000000,11000,15000,16000,16000,17000,19000,19000,19000,19000,19000,19000,180,0,6300.0,7650.431392225437,3206.553200026974,21373.389700078405,537.5
1789532624,20,,Aggregated,1.600000,0.000000,11000,15000,17000,17000,17000,19000,19000,19000,19000,19000,19000,215,0,6100.0,7073.440468840323,744.3686000769958,21373.389700078405,42695.93953488372
1789532625,20,GET,/api/annotate-carpark,0.500000,0.000000,7900,17000,17000,17000,17000,17000,17000,17000,17000,17000,17000,35,0,3300.0,4106.05857714545,744.3686000769958,17447.07529991865,259510.77142857143
1789532625,20,GET,/api/find-carparks,1.300000,0.000000,13000,15000,16000,17000,19000,19000,19000,19000,19000,19000,19000,181,0,6400.0,7693.570112709846,3206.553200026974,21373.389700078405,537.5082872928177
1789532625,20,,Aggregated,1.800000,0.000000,11000,15000,17000,17000,17000,19000,19000,19000,19000,19000,19000,216,0,6100.0,7112.260373150801,744.3686000769958,21373.389700078405,42500.76851851852
1789532626,20,GET,/api/annotate-carpark,0.500000,0.000000,7900,17000,17000,17000,17000,17000,17000,17000,17000,17000,17000,35,0,3300.0,4106.05857714545,744.3686000769958,17447.07529991865,259510.77142857143
1789532626,20,GET,/api/find-carparks,1.100000,0.000000,11000,13000,15000,16000,17000,19000,19000,19000,19000,19000,19000,185,0,6400.0,7678.9458156783585,3206.553200026974,21373.389700078405,537.5351351351351
1789532626,20,,Aggregated,1.600000,0.000000,11000,13000,16000,17000,17000,19000,19000,19000,19000,19000,19000,220,0,6100.0,7110.53193682085,744.3686000769958,21373.389700078405,41737.82272727273
1789532627,20,GET,/api/annotate-carpark,0.500000,0.000000,7900,7900,17000,17000,17000,17000,17000,17000,17000,17000,17000,36,0,3300.0,4105.094286111934,744.3686000769958,17447.07529991865,259346.66666666666
1789532627,20,GET,/api/find-carparks,1.200000,0.000000,13000,13000,16000,16000,17000,19000,19000,19000,19000,19000,19000,185,0,6400.0,7678.9458156783585,3206.553200026974,21373.389700078405,537.5351351351351
1789532627,20,,Aggregated,1.700000,0.000000,11000,13000,16000,17000,17000,19000,19000,19000,19000,19000,19000,221,0,6100.0,7096.779955658489,744.3686000769958,21373.389700078405,42696.4886877828
1789532628,20,GET,/api/annotate-carpark,0.500000,0.000000,7900,7900,17000,17000,17000,17000,17000,17000,17000,17000,17000,36,0,3300.0,4105.094286111934,744.3686000769958,17447.07529991865,259346.66666666666
1789532628,20,GET,/api/find-carparks,1.100000,0.000000,13000,14000,15000,16000,17000,17000,17000,17000,17000,17000,17000,187,0,6500.0,7763.364092516588,3206.553200026974,21373.389700078405,537.5775401069519
1789532628,20,,Aggregated,1.600000,0.000000,11000,14000,16000,17000,17000,17000,17000,17000,17000,17000,17000,223,0,6200.0,7172.7913883436395,744.3686000769958,21373.389700078405,42318.41704035874
1789532629,20,GET,/api/annotate-carpark,0.500000,0.000000,7900,7900,17000,17000,17000,17000,17000,17000,17000,17000,17000,36,0,3300.0,4105.094286111934,744.3686000769958,17447.07529991865,259346.66666666666
1789532629,20,GET,/api/find-carparks,1.100000,0.000000,13000,14000,16000,16000,17000,17000,17000,17000,17000,17000,17000,187,0,6500.0,7763.364092516588,3206.553200026974,21373.389700078405,537.5775401069519
1789532629,20,,Aggregated,1.600000,0.000000,11000,14000,15000,16000,17000,17000,17000,17000,17000,17000,17000,223,0,6200.0,7172.7913883436395,744.3686000769958,21373.389700078405,42318.41704035874
1789532630,20,GET,/api/annotate-carpark,0.600000,0.000000,7000,7000,7900,7900,17000,17000,17000,17000,17000,17000,17000,37,0,3300.0,4019.8565864860007,744.3686000769958,17447.07529991865,260362.51351351352
1789532630,20,GET,/api/find-carparks,1.300000,0.000000,13000,14000,15000,16000,17000,17000,17000,17000,17000,17000,17000,188,0,6500.0,7765.369857982188,3206.553200026974,21373.389700078405,537.5478723404256
1789532630,20,,Aggregated,1.900000,0.000000,8100,13000,15000,15000,17000,17000,17000,17000,17000,17000,17000,225,0,6200.0,7149.441008891703,744.3686000769958,21373.389700078405,43264.32
1789532631,20,GET,/api/annotate-carpark,0.600000,0.000000,7000,7000,7900,7900,17000,17000,17000,17000,17000,17000,17000,37,0,3300.0,4019.8565864860007,744.3686000769958,17447.07529991865,260362.51351351352
1789532631,20,GET,/api/find-carparks,1.300000,0.000000,13000,13000,14000,15000,16000,17000,17000,17000,17000,17000,17000,191,0,6600.0,7809.451125657274,3206.553200026974,21373.389700078405,537.5497382198953
1789532631,20,,Aggregated,1.900000,0.000000,8100,13000,14000,15000,17000,17000,17000,17000,17000,17000,17000,228,0,6200.0,7194.47306447597,744.3686000769958,21373.389700078405,42702.12719298246
1789532632,20,GET,/api/annotate-carpark,0.500000,0.000000,7000,7000,7900,7900,17000,17000,17000,17000,17000,17000,17000,37,0,3300.0,4019.8565864860007,744.3686000769958,17447.07529991865,260362.51351351352
1789532632,20,GET,/api/find-carparks,1.200000,0.000000,13000,14000,15000,16000,17000,17000,17000,17000,17000,17000,17000,192,0,6600.0,7856.760834377686,3206.553200026974,21373.389700078405,537.53125
1789532632,20,,Aggregated,1.700000,0.000000,11000,13000,15000,16000,17000,17000,17000,17000,17000,17000,17000,229,0,6200.0,7236.824340176846,744.3686000769958,21373.389700078405,42517.98689956332
1789532633,20,GET,/api/annotate-carpark,0.600000,0.000000,7000,7900,13000,13000,17000,17000,17000,17000,17000,17000,17000,38,0,3300.0,4258.171510527302,744.3686000769958,17447.07529991865,259923.86842105264
1789532633,20,GET,/api/find-carparks,1.100000,0.000000,13000,13000,15000,15000,17000,17000,17000,17000,17000,17000,17000,192,0,6600.0,7856.760834377686,3206.553200026974,21373.389700078405,537.53125
1789532633,20,,Aggregated,1.700000,0.000000,11000,13000,14000,15000,17000,17000,17000,17000,17000,17000,17000,230,0,6200.0,7262.211293915449,744.3686000769958,21373.389700078405,43392.6652173913
1789532634,20,GET,/api/annotate-carpark,0.200000,0.000000,4100,4100,13000,13000,13000,13000,13000,13000,13000,13000,13000,38,0,3300.0,4258.171510527302,744.3686000769958,17447.07529991865,259923.86842105264
1789532634,20,GET,/api/find-carparks,1.200000,0.000000,11000,13000,14000,14000,17000,17000,17000,17000,17000,17000,17000,193,0,6600.0,7873.67576943322,3206.553200026974,21373.389700078405,537.5284974093264
1789532634,20,,Aggregated,1.400000,0.000000,11000,13000,13000,14000,17000,17000,17000,17000,17000,17000,17000,231,0,6200.0,7278.917493076402,744.3686000769958,21373.389700078405,43207.142857142855
1789532635,20,GET,/api/annotate-carpark,0.200000,0.000000,4100,4100,13000,13000,13000,13000,13000,13000,13000,13000,13000,38,0,3300.0,4258.171510527302,744.3686000769958,17447.07529991865,259923.86842105264
1789532635,20,GET,/api/find-carparks,1.300000,0.000000,13000,13000,14000,14000,17000,17000,17000,17000,17000,17000,17000,194,0,6600.0,7898.238620621791,3206.553200026974,21373.389700078405,537.5463917525773
1789532635,20,,Aggregated,1.500000,0.000000,11000,13000,13000,14000,17000,17000,17000,17000,17000,17000,17000,232,0,6200.0,7302.020731899418,744.3686000769958,21373.389700078405,43023.237068965514
1789532636,20,GET,/api/annotate-carpark,0.300000,0.000000,4100,4100,13000,13000,13000,13000,13000,13000,13000,13000,13000,38,0,3300.0,4258.171510527302,744.3686000769958,17447.07529991865,259923.86842105264
1789532636,20,GET,/api/find-carparks,1.200000,0.000000,12000,13000,14000,14000,17000,17000,17000,17000,17000,17000,17000,196,0,6700.0,7916.787619900899,3206.553200026974,21373.389700078405,537.5816326530612
1789532636,20,,Aggregated,1.500000,0.000000,12000,13000,13000,14000,17000,17000,17000,17000,17000,17000,17000,234,0,6200.0,7322.653379917153,744.3686000769958,21373.389700078405,42660.14102564102
1789532637,20,GET,/api/annotate-carpark,0.300000,0.000000,4100,4100,13000,13000,13000,13000,13000,13000,13000,13000,13000,38,0,3300.0,4258.171510527302,744.3686000769958,17447.07529991865,259923.86842105264
1789532637,20,GET,/api/find-carparks,1.200000,0.000000,11000,13000,13000,13000,14000,17000,17000,17000,17000,17000,17000,197,0,6700.0,7898.868603048596,3206.553200026974,21373.389700078405,537.6040609137056
1789532637,20,,Aggregated,1.500000,0.000000,11000,13000,13000,13000,14000,17000,17000,17000,17000,17000,17000,235,0,6200.0,7310.160137023876,744.3686000769958,21373.389700078405,42480.914893617024
1789532638,20,GET,/api/annotate-carpark,0.300000,0.000000,13000,13000,13000,13000,13000,13000,13000,13000,13000,13000,13000,38,0,3300.0,4258.171510527302,744.3686000769958,17447.07529991865,259923.86842105264
1789532638,20,GET,/api/find-carparks,1.300000,0.000000,12000,13000,14000,14000,16000,17000,17000,17000,17000,17000,17000,198,0,6700.0,7940.717852528023,3206.553200026974,21373.389700078405,537.6313131313132
1789532638,20,,Aggregated,1.600000,0.000000,12000,13000,13000,14000,16000,17000,17000,17000,17000,17000,17000,236,0,6200.0,7347.765475426212,744.3686000769958,21373.389700078405,42303.21186440678
1789532639,20,GET,/api/annotate-carpark,0.300000,0.000000,13000,13000,13000,13000,13000,13000,13000,13000,13000,13000,13000,38,0,3300.0,4258.171510527302,744.3686000769958,17447.07529991865,259923.86842105264
1789532639,20,GET,/api/find-carparks,1.200000,0.000000,11000,13000,13000,15000,16000,17000,17000,17000,17000,17000,17000,200,0,6700.0,7991.722742503043,3206.553200026974,21373.389700078405,537.635
1789532639,20,,Aggregated,1.500000,0.000000,11000,13000,13000,15000,16000,17000,17000,17000,17000,17000,17000,238,0,6200.0,7395.6095205909505,744.3686000769958,21373.389700078405,41952.24369747899
1789532640,20,GET,/api/annotate-carpark,0.200000,0.000000,13000,13000,13000,13000,13000,13000,13000,13000,13000,13000,13000,38,0,3300.0,4258.171510527302,744.3686000769958,17447.07529991865,259923.86842105264
1789532640,20,GET,/api/find-carparks,1.100000,0.000000,12000,13000,15000,15000,16000,17000,17000,17000,17000,17000,17000,201,0,6700.0,8007.963778112844,3206.553200026974,21373.389700078405,537.6069651741293
1789532640,20,,Aggregated,1.300000,0.000000,12000,13000,13000,15000,16000,17000,17000,17000,17000,17000,17000,239,0,6200.0,7411.762497074138,744.3686000769958,21373.389700078405,41778.93723849372
1789532641,20,GET,/api/annotate-carpark,0.200000,0.000000,13000,13000,13000,13000,13000,13000,13000,13000,13000,13000,13000,38,0,3300.0,4258.171510527302,744.3686000769958,17447.07529991865,259923.86842105264
1789532641,20,GET,/api/find-carparks,1.100000,0.000000,12000,13000,15000,15000,16000,17000,17000,17000,17000,17000,17000,202,0,6700.0,8029.783392577469,3206.553200026974,21373.389700078405,537.6287128712871
1789532641,20,,Aggregated,1.300000,0.000000,12000,13000,15000,15000,16000,17000,17000,17000,17000,17000,17000,240,0,6200.0,7432.61151125286,744.3686000769958,21373.389700078405,41607.11666666667
1789532642,20,GET,/api/annotate-carpark,0.200000,0.000000,13000,13000,13000,13000,13000,13000,13000,13000,13000,13000,13000,38,0,3300.0,4258.171510527302,744.3686000769958,17447.07529991865,259923.86842105264
1789532642,20,GET,/api/find-carparks,1.300000,0.000000,12000,12000,15000,15000,16000,17000,17000,17000,17000,17000,17000,203,0,6700.0,8011.632489658699,3206.553200026974,21373.389700078405,537.6305418719212
1789532642,20,,Aggregated,1.500000,0.000000,12000,12000,13000,13000,15000,16000,16000,16000,16000,16000,16000,241,0,6200.0,7419.800468052919,744.3686000769958,21373.389700078405,41436.705394190874
1789532643,20,GET,/api/annotate-carpark,0.100000,0.000000,13000,13000,13000,13000,13000,13000,13000,13000,13000,13000,13000,38,0,3300.0,4258.171510527302,744.3686000769958,17447.07529991865,259923.86842105264
1789532643,20,GET,/api/find-carparks,1.200000,0.000000,12000,13000,15000,16000,17000,17000,17000,17000,17000,17000,17000,205,0,6700.0,8096.539845369847,3206.553200026974,21373.389700078405,537.6878048780488
1789532643,20,,Aggregated,1.300000,0.000000,12000,13000,15000,16000,17000,17000,17000,17000,17000,17000,17000,243,0,6300.0,7496.301175723688,744.3686000769958,21373.389700078405,41100.135802469136
1789532644,25,GET,/api/annotate-carpark,0.100000,0.000000,14000,14000,14000,14000,14000,14000,14000,14000,14000,14000,14000,39,0,3300.0,4503.062748717359,744.3686000769958,17447.07529991865,259490.02564102566
1789532644,25,GET,/api/find-carparks,1.100000,0.000000,12000,13000,15000,16000,17000,17000,17000,17000,17000,17000,17000,207,0,6800.0,8122.506501936525,3206.553200026974,21373.389700078405,537.7101449275362
1789532644,25,,Aggregated,1.200000,0.000000,12000,13000,15000,16000,17000,17000,17000,17000,17000,17000,17000,246,0,6300.0,7548.692248377389,744.3686000769958,21373.389700078405,41591.12601626016
1789532645,30,GET,/api/annotate-carpark,0.100000,0.000000,13000,13000,14000,14000,14000,14000,14000,14000,14000,14000,14000,40,0,3300.0,4593.68930250057,744.3686000769958,17447.07529991865,260563.075
1789532645,30,GET,/api/find-carparks,1.200000,0.000000,12000,12000,16000,16000,17000,17000,17000,17000,17000,17000,17000,207,0,6800.0,8122.506501936525,3206.553200026974,21373.389700078405,537.7101449275362
1789532645,30,,Aggregated,1.300000,0.000000,12000,14000,15000,16000,17000,17000,17000,17000,17000,17000,17000,247,0,6300.0,7551.038129558233,744.3686000769958,21373.389700078405,42647.08097165992
1789532646,35,GET,/api/annotate-carpark,0.100000,0.000000,13000,13000,14000,14000,14000,14000,14000,14000,14000,14000,14000,40,0,3300.0,4593.68930250057,744.3686000769958,17447.07529991865,260563.075
1789532646,35,GET,/api/find-carparks,1.200000,0.000000,12000,12000,15000,16000,17000,17000,17000,17000,17000,17000,17000,208,0,6800.0,8143.140330773559,3206.553200026974,21373.389700078405,537.7115384615385
1789532646,35,,Aggregated,1.300000,0.000000,12000,12000,15000,16000,17000,17000,17000,17000,17000,17000,17000,248,0,6300.0,7570.648229439206,744.3686000769958,21373.389700078405,42477.28629032258
1789532647,40,GET,/api/annotate-carpark,0.100000,0.000000,13000,13000,14000,14000,14000,14000,14000,14000,14000,14000,14000,40,0,3300.0,4593.68930250057,744.3686000769958,17447.07529991865,260563.075
1789532647,40,GET,/api/find-carparks,1.400000,0.000000,12000,15000,17000,17000,17000,17000,17000,17000,17000,17000,17000,209,0,6900.0,8186.577642588257,3206.553200026974,21373.389700078405,537.7081339712919
1789532647,40,,Aggregated,1.500000,0.000000,12000,15000,16000,17000,17000,17000,17000,17000,17000,17000,17000,249,0,6300.0,7609.406824903488,744.3686000769958,21373.389700078405,42308.85140562249
1789532648,40,GET,/api/annotate-carpark,0.200000,0.000000,14000,14000,14000,14000,14000,14000,14000,14000,14000,14000,14000,41,0,3400.0,4826.883700000486,744.3686000769958,17447.07529991865,260894.51219512196
1789532648,40,GET,/api/find-carparks,1.300000,0.000000,12000,14000,15000,17000,17000,17000,17000,17000,17000,17000,17000,211,0,6900.0,8230.089649293237,3206.553200026974,21373.389700078405,537.7345971563981
1789532648,40,,Aggregated,1.500000,0.000000,12000,14000,15000,15000,17000,17000,17000,17000,17000,17000,17000,252,0,6400.0,7676.393443257511,744.3686000769958,21373.389700078405,42897.369047619046
1789532649,40,GET,/api/annotate-carpark,0.200000,0.000000,8100,8100,14000,14000,14000,14000,14000,14000,14000,14000,14000,44,0,3500.0,4895.853245456237,744.3686000769958,17447.07529991865,260845.02272727274
1789532649,40,GET,/api/find-carparks,1.100000,0.000000,12000,12000,14000,17000,17000,17000,17000,17000,17000,17000,17000,213,0,6900.0,8211.954572304707,3206.553200026974,21373.389700078405,537.7323943661971
1789532649,40,,Aggregated,1.300000,0.000000,11000,12000,14000,14000,17000,17000,17000,17000,17000,17000,17000,257,0,6400.0,7644.217380159444,744.3686000769958,21373.389700078405,45103.961089494165
1789532650,40,GET,/api/annotate-carpark,0.200000,0.000000,7100,8100,14000,14000,14000,14000,14000,14000,14000,14000,14000,46,0,3800.0,4898.070863043161,744.3686000769958,17447.07529991865,260697.91304347827
1789532650,40,GET,/api/find-carparks,1.300000,0.000000,12000,12000,14000,17000,17000,17000,17000,17000,17000,17000,17000,214,0,6900.0,8229.219953742784,3206.553200026974,21373.389700078405,537.7056074766355
1789532650,40,,Aggregated,1.500000,0.000000,11000,12000,14000,14000,17000,17000,17000,17000,17000,17000,17000,260,0,6300.0,7639.862806926696,744.3686000769958,21373.389700078405,46566.05
1789532651,40,GET,/api/annotate-carpark,0.200000,0.000000,7100,8100,14000,14000,14000,14000,14000,14000,14000,14000,14000,46,0,3800.0,4898.070863043161,744.3686000769958,17447.07529991865,260697.91304347827
1789532651,40,GET,/api/find-carparks,1.300000,0.000000,12000,12000,17000,17000,17000,17000,17000,17000,17000,17000,17000,214,0,6900.0,8229.219953742784,3206.553200026974,21373.389700078405,537.7056074766355
1789532651,40,,Aggregated,1.500000,0.000000,11000,12000,14000,14000,17000,17000,17000,17000,17000,17000,17000,260,0,6300.0,7639.862806926696,744.3686000769958,21373.389700078405,46566.05
1789532652,40,GET,/api/annotate-carpark,0.600000,0.000000,7100,8100,14000,14000,14000,14000,14000,14000,14000,14000,14000,46,0,3800.0,4898.070863043161,744.3686000769958,17447.07529991865,260697.91304347827
1789532652,40,GET,/api/find-carparks,1.300000,0.000000,12000,14000,17000,17000,17000,18000,18000,18000,18000,18000,18000,216,0,6900.0,8305.76736204104,3206.553200026974,21373.389700078405,537.7222222222222
1789532652,40,,Aggregated,1.900000,0.000000,12000,14000,14000,15000,17000,18000,18000,18000,18000,18000,18000,262,0,6400.0,7707.469503438359,744.3686000769958,21373.389700078405,46214.70229007633
1789532653,40,GET,/api/annotate-carpark,0.600000,0.000000,7100,8100,14000,14000,14000,14000,14000,14000,14000,14000,14000,46,0,3800.0,4898.070863043161,744.3686000769958,17447.07529991865,260697.91304347827
1789532653,40,GET,/api/find-carparks,1.300000,0.000000,12000,14000,15000,17000,18000,18000,18000,18000,18000,18000,18000,216,0,6900.0,8305.76736204104,3206.553200026974,21373.389700078405,537.7222222222222
1789532653,40,,Aggregated,1.900000,0.000000,10000,12000,14000,14000,17000,18000,18000,18000,18000,18000,18000,262,0,6400.0,7707.469503438359,744.3686000769958,21373.389700078405,46214.70229007633
1789532654,40,GET,/api/annotate-carpark,0.800000,0.000000,5300,7100,8100,8100,14000,14000,14000,14000,14000,14000,14000,46,0,3800.0,4898.070863043161,744.3686000769958,17447.07529991865,260697.91304347827
1789532654,40,GET,/api/find-carparks,1.200000,0.000000,12000,12000,15000,15000,17000,18000,18000,18000,18000,18000,18000,219,0,7000.0,8308.435773520016,3206.553200026974,21373.389700078405,537.7077625570777
1789532654,40,,Aggregated,2.000000,0.000000,8500,12000,14000,14000,17000,18000,18000,18000,18000,18000,18000,265,0,6500.0,7716.4479022674295,744.3686000769958,21373.389700078405,45697.59245283019
1789532655,40,GET,/api/annotate-carpark,0.800000,0.000000,7100,7500,8100,8100,14000,14000,14000,14000,14000,14000,14000,47,0,3900.0,4953.68507234231,744.3686000769958,17447.07529991865,261055.29787234042
1789532655,40,GET,/api/find-carparks,1.200000,0.000000,12000,13000,14000,15000,17000,18000,18000,18000,18000,18000,18000,220,0,7000.0,8328.655091822358,3206.553200026974,21373.389700078405,537.7
1789532655,40,,Aggregated,2.000000,0.000000,8500,12000,13000,14000,15000,17000,18000,18000,18000,18000,18000,267,0,6600.0,7734.559245696658,744.3686000769958,21373.389700078405,46396.60299625468
1789532656,40,GET,/api/annotate-carpark,0.700000,0.000000,5300,7100,7500,7500,14000,14000,14000,14000,14000,14000,14000,47,0,3900.0,4953.68507234231,744.3686000769958,17447.07529991865,261055.29787234042
1789532656,40,GET,/api/find-carparks,1.000000,0.000000,12000,14000,15000,16000,17000,18000,18000,18000,18000,18000,18000,221,0,7000.0,8363.129985072055,3206.553200026974,21373.389700078405,537.7013574660633
1789532656,40,,Aggregated,1.700000,0.000000,9000,13000,14000,15000,17000,18000,18000,18000,18000,18000,18000,268,0,6600.0,7765.204944406764,744.3686000769958,21373.389700078405,46225.48880597015
1789532657,40,GET,/api/annotate-carpark,0.700000,0.000000,5300,7100,7500,7500,14000,14000,14000,14000,14000,14000,14000,47,0,3900.0,4953.68507234231,744.3686000769958,17447.07529991865,261055.29787234042
1789532657,40,GET,/api/find-carparks,1.200000,0.000000,12000,13000,16000,16000,17000,18000,18000,18000,18000,18000,18000,222,0,7000.0,8403.816381985896,3206.553200026974,21373.389700078405,537.7297297297297
1789532657,40,,Aggregated,1.900000,0.000000,8500,12000,14000,15000,17000,18000,18000,18000,18000,18000,18000,269,0,6600.0,7801.005335319545,744.3686000769958,21373.389700078405,46055.66914498141
1789532658,40,GET,/api/annotate-carpark,0.700000,0.000000,5300,7100,7500,7500,14000,14000,14000,14000,14000,14000,14000,48,0,3900.0,5145.119156251894,744.3686000769958,17447.07529991865,260685.02083333334
1789532658,40,GET,/api/find-carparks,1.200000,0.000000,12000,15000,16000,16000,17000,18000,18000,18000,18000,18000,18000,223,0,7100.0,8416.972250228167,3206.553200026974,21373.389700078405,537.7443946188341
1789532658,40,,Aggregated,1.900000,0.000000,9000,12000,14000,15000,17000,18000,18000,18000,18000,18000,18000,271,0,6700.0,7837.455835058938,744.3686000769958,21373.389700078405,46615.49077490775
1789532659,40,GET,/api/annotate-carpark,0.700000,0.000000,7500,7500,14000,14000,14000,14000,14000,14000,14000,14000,14000,48,0,3900.0,5145.119156251894,744.3686000769958,17447.07529991865,260685.02083333334
1789532659,40,GET,/api/find-carparks,1.300000,0.000000,13000,13000,16000,16000,17000,18000,18000,18000,18000,18000,18000,225,0,7100.0,8438.725409337008,3206.553200026974,21373.389700078405,537.7377777777778
1789532659,40,,Aggregated,2.000000,0.000000,12000,13000,15000,15000,17000,18000,18000,18000,18000,18000,18000,273,0,6700.0,7859.629804398967,744.3686000769958,21373.389700078405,46277.919413919415
1789532660,40,GET,/api/annotate-carpark,0.700000,0.000000,7500,9200,9200,14000,14000,14000,14000,14000,14000,14000,14000,49,0,4100.0,5227.45644490054,744.3686000769958,17447.07529991865,260275.5306122449
1789532660,40,GET,/api/find-carparks,1.200000,0.000000,13000,15000,16000,16000,17000,18000,18000,18000,18000,18000,18000,227,0,7100.0,8487.383664321023,3206.553200026974,21373.389700078405,537.7356828193832
1789532660,40,,Aggregated,1.900000,0.000000,12000,13000,15000,16000,17000,18000,18000,18000,18000,18000,18000,276,0,6700.0,7908.6284695688355,744.3686000769958,21373.389700078405,46650.60507246377
1789532661,40,GET,/api/annotate-carpark,0.700000,0.000000,8100,8100,9200,9200,14000,14000,14000,14000,14000,14000,14000,50,0,4100.0,5284.022456002422,744.3686000769958,17447.07529991865,261361.8
1789532661,40,GET,/api/find-carparks,1.200000,0.000000,13000,15000,16000,16000,17000,18000,18000,18000,18000,18000,18000,227,0,7100.0,8487.383664321023,3206.553200026974,21373.389700078405,537.7356828193832
1789532661,40,,Aggregated,1.900000,0.000000,12000,14000,15000,16000,17000,18000,18000,18000,18000,18000,18000,277,0,6700.0,7909.159619498171,744.3686000769958,21373.389700078405,47617.8916967509
1789532662,40,GET,/api/annotate-carpark,0.400000,0.000000,9200,9200,14000,14000,14000,14000,14000,14000,14000,14000,14000,50,0,4100.0,5284.022456002422,744.3686000769958,17447.07529991865,261361.8
1789532662,40,GET,/api/find-carparks,1.200000,0.000000,13000,16000,16000,17000,18000,18000,18000,18000,18000,18000,18000,228,0,7100.0,8528.496104389584,3206.553200026974,21373.389700078405,537.7456140350877
1789532662,40,,Aggregated,1.600000,0.000000,13000,14000,16000,16000,18000,18000,18000,18000,18000,18000,18000,278,0,6700.0,7944.95767842067,744.3686000769958,21373.389700078405,47448.546762589925
1789532663,40,GET,/api/annotate-carpark,0.400000,0.000000,9200,9200,14000,14000,14000,14000,14000,14000,14000,14000,14000,50,0,4100.0,5284.022456002422,744.3686000769958,17447.07529991865,261361.8
1789532663,40,GET,/api/find-carparks,1.300000,0.000000,13000,16000,16000,17000,17000,18000,18000,18000,18000,18000,18000,230,0,7100.0,8594.258458265002,3206.553200026974,21373.389700078405,537.7434782608696
1789532663,40,,Aggregated,1.700000,0.000000,13000,14000,16000,16000,17000,18000,18000,18000,18000,18000,18000,280,0,6800.0,8003.144886432398,744.3686000769958,21373.389700078405,47113.46785714286
1789532664,40,GET,/api/annotate-carpark,0.400000,0.000000,9200,9200,14000,14000,14000,14000,14000,14000,14000,14000,14000,50,0,4100.0,5284.022456002422,744.3686000769958,17447.07529991865,261361.8
1789532664,40,GET,/api/find-carparks,1.300000,0.000000,16000,16000,17000,17000,18000,19000,19000,19000,19000,19000,19000,232,0,7100.0,8659.03906379716,3206.553200026974,21373.389700078405,537.7672413793103
1789532664,40,,Aggregated,1.700000,0.000000,13000,16000,16000,17000,18000,19000,19000,19000,19000,19000,19000,282,0,6900.0,8060.631863833553,744.3686000769958,21373.389700078405,46783.16312056738
1789532665,40,GET,/api/annotate-carpark,0.400000,0.000000,9200,9200,14000,14000,14000,14000,14000,14000,14000,14000,14000,50,0,4100.0,5284.022456002422,744.3686000769958,17447.07529991865,261361.8
1789532665,40,GET,/api/find-carparks,1.200000,0.000000,16000,16000,17000,17000,18000,19000,19000,19000,19000,19000,19000,233,0,7200.0,8658.132904724822,3206.553200026974,21373.389700078405,537.7811158798283
1789532665,40,,Aggregated,1.600000,0.000000,14000,16000,17000,17000,18000,19000,19000,19000,19000,19000,19000,283,0,6900.0,8062.000316611323,744.3686000769958,21373.389700078405,46619.76325088339
1789532666,40,GET,/api/annotate-carpark,0.400000,0.000000,9200,9200,14000,14000,14000,14000,14000,14000,14000,14000,14000,50,0,4100.0,5284.022456002422,744.3686000769958,17447.07529991865,261361.8
1789532666,40,GET,/api/find-carparks,1.400000,0.000000,16000,17000,17000,18000,19000,22000,22000,22000,22000,22000,22000,234,0,7200.0,8716.39185085839,3206.553200026974,22290.726299979724,537.7606837606837
1789532666,40,,Aggregated,1.800000,0.000000,14000,16000,17000,17000,19000,22000,22000,22000,22000,22000,22000,284,0,6900.0,8112.101464440086,744.3686000769958,22290.726299979724,46457.48591549296
1789532667,40,GET,/api/annotate-carpark,0.400000,0.000000,9200,9200,14000,14000,14000,14000,14000,14000,14000,14000,14000,50,0,4100.0,5284.022456002422,744.3686000769958,17447.07529991865,261361.8
1789532667,40,GET,/api/find-carparks,1.300000,0.000000,16000,17000,18000,19000,20000,22000,22000,22000,22000,22000,22000,236,0,7200.0,8791.813197461848,3206.553200026974,22290.726299979724,537.771186440678
1789532667,40,,Aggregated,1.700000,0.000000,14000,16000,17000,18000,20000,22000,22000,22000,22000,22000,22000,286,0,6900.0,8178.563067836075,744.3686000769958,22290.726299979724,46136.37762237762
1789532668,40,GET,/api/annotate-carpark,0.300000,0.000000,9200,9200,14000,14000,14000,14000,14000,14000,14000,14000,14000,50,0,4100.0,5284.022456002422,744.3686000769958,17447.07529991865,261361.8
1789532668,40,GET,/api/find-carparks,1.300000,0.000000,16000,17000,19000,20000,22000,23000,23000,23000,23000,23000,23000,238,0,7200.0,8864.964868911511,3206.553200026974,23078.100799932145,537.8193277310925
1789532668,40,,Aggregated,1.600000,0.000000,16000,17000,18000,19000,22000,23000,23000,23000,23000,23000,23000,288,0,6900.0,8243.27347778146,744.3686000769958,23078.100799932145,45819.760416666664
1789532669,40,GET,/api/annotate-carpark,0.300000,0.000000,9200,9200,12000,12000,12000,12000,12000,12000,12000,12000,12000,51,0,4100.0,5414.9772529444635,744.3686000769958,17447.07529991865,261019.3137254902
1789532669,40,GET,/api/find-carparks,1.300000,0.000000,16000,18000,19000,20000,22000,23000,23000,23000,23000,23000,23000,238,0,7200.0,8864.964868911511,3206.553200026974,23078.100799932145,537.8193277310925
1789532669,40,,Aggregated,1.600000,0.000000,16000,17000,19000,19000,22000,23000,23000,23000,23000,23000,23000,289,0,7000.0,8256.143524917326,744.3686000769958,23078.100799932145,46505.14186851211
1789532671,40,GET,/api/annotate-carpark,0.300000,0.000000,9200,9200,12000,12000,12000,12000,12000,12000,12000,12000,12000,51,0,4100.0,5414.9772529444635,744.3686000769958,17447.07529991865,261019.3137254902
1789532671,40,GET,/api/find-carparks,1.400000,0.000000,17000,18000,20000,20000,22000,23000,23000,23000,23000,23000,23000,239,0,7300.0,8860.432809209022,3206.553200026974,23078.100799932145,537.8242677824268
1789532671,40,,Aggregated,1.700000,0.000000,16000,18000,19000,20000,22000,23000,23000,23000,23000,23000,23000,290,0,7000.0,8254.5078665556,744.3686000769958,23078.100799932145,46346.637931034486
1789532672,40,GET,/api/annotate-carpark,0.200000,0.000000,9200,9200,12000,12000,12000,12000,12000,12000,12000,12000,12000,51,0,4100.0,5414.9772529444635,744.3686000769958,17447.07529991865,261019.3137254902
1789532672,40,GET,/api/find-carparks,1.500000,0.000000,19000,20000,21000,22000,23000,26000,26000,26000,26000,26000,26000,242,0,7300.0,9020.081783888269,3206.553200026974,25773.836000007577,537.7851239669421
1789532672,40,,Aggregated,1.700000,0.000000,17000,19000,21000,22000,23000,26000,26000,26000,26000,26000,26000,293,0,7000.0,8392.572121505558,744.3686000769958,25773.836000007577,45877.57337883959
1789532673,40,GET,/api/annotate-carpark,0.300000,0.000000,12000,15000,15000,26000,26000,26000,26000,26000,26000,26000,26000,53,0,4200.0,5985.1452188702515,744.3686000769958,25692.374199978076,260421.94339622642
1789532673,40,GET,/api/find-carparks,1.300000,0.000000,19000,21000,22000,23000,26000,27000,27000,27000,27000,27000,27000,243,0,7300.0,9092.463186012155,3206.553200026974,26608.762499992736,537.7654320987655
1789532673,40,,Aggregated,1.600000,0.000000,19000,21000,23000,23000,26000,27000,27000,27000,27000,27000,27000,296,0,7100.0,8536.085306760395,744.3686000769958,26608.762499992736,47071.08108108108
1789532674,40,GET,/api/annotate-carpark,0.100000,0.000000,15000,15000,26000,26000,26000,26000,26000,26000,26000,26000,26000,53,0,4200.0,5985.1452188702515,744.3686000769958,25692.374199978076,260421.94339622642
1789532674,40,GET,/api/find-carparks,1.200000,0.000000,20000,21000,23000,23000,26000,27000,27000,27000,27000,27000,27000,244,0,7300.0,9108.168654102301,3206.553200026974,26608.762499992736,537.7950819672132
1789532674,40,,Aggregated,1.300000,0.000000,19000,21000,23000,26000,26000,27000,27000,27000,27000,27000,27000,297,0,7100.0,8550.861441754494,744.3686000769958,26608.762499992736,46914.42760942761
1789532675,40,GET,/api/annotate-carpark,0.100000,0.000000,15000,15000,26000,26000,26000,26000,26000,26000,26000,26000,26000,53,0,4200.0,5985.1452188702515,744.3686000769958,25692.374199978076,260421.94339622642
1789532675,40,GET,/api/find-carparks,1.500000,0.000000,20000,21000,23000,23000,26000,27000,27000,27000,27000,27000,27000,245,0,7400.0,9116.22085347344,3206.553200026974,26608.762499992736,537.7714285714286
1789532675,40,,Aggregated,1.600000,0.000000,19000,21000,23000,26000,26000,27000,27000,27000,27000,27000,27000,298,0,7100.0,8559.351696983611,744.3686000769958,26608.762499992736,46758.781879194634
1789532676,40,GET,/api/annotate-carpark,0.300000,0.000000,15000,15000,26000,26000,26000,26000,26000,26000,26000,26000,26000,53,0,4200.0,5985.1452188702515,744.3686000769958,25692.374199978076,260421.94339622642
1789532676,40,GET,/api/find-carparks,1.500000,0.000000,20000,21000,25000,25000,26000,27000,27000,27000,27000,27000,27000,246,0,7400.0,9179.174864231665,3206.553200026974,26608.762499992736,537.7926829268292
1789532676,40,,Aggregated,1.800000,0.000000,19000,21000,25000,26000,26000,27000,27000,27000,27000,27000,27000,299,0,7100.0,8613.009074251215,744.3686000769958,26608.762499992736,46604.214046822744
1789532677,40,GET,/api/annotate-carpark,0.300000,0.000000,25000,25000,26000,26000,26000,26000,26000,26000,26000,26000,26000,54,0,4200.0,6338.816077780427,744.3686000769958,25692.374199978076,260794.96296296295
1789532677,40,GET,/api/find-carparks,1.400000,0.000000,21000,25000,26000,27000,30000,30000,30000,30000,30000,30000,30000,249,0,7500.0,9375.721512453529,3206.553200026974,30163.136099930853,537.8112449799197
1789532677,40,,Aggregated,1.700000,0.000000,21000,25000,26000,26000,30000,30000,30000,30000,30000,30000,30000,303,0,7100.0,8834.49084092763,744.3686000769958,30163.136099930853,46920.27392739274
1789532678,40,GET,/api/annotate-carpark,0.300000,0.000000,25000,26000,26000,28000,28000,28000,28000,28000,28000,28000,28000,55,0,4500.0,6738.386189093051,744.3686000769958,28315.172199974768,261017.2
1789532678,40,GET,/api/find-carparks,1.300000,0.000000,21000,25000,26000,27000,30000,30000,30000,30000,30000,30000,30000,249,0,7500.0,9375.721512453529,3206.553200026974,30163.136099930853,537.8112449799197
1789532678,40,,Aggregated,1.600000,0.000000,25000,26000,27000,27000,30000,30000,30000,30000,30000,30000,30000,304,0,7100.0,8898.572029608706,744.3686000769958,30163.136099930853,47664.01644736842
1789532679,40,GET,/api/annotate-carpark,0.300000,0.000000,25000,26000,26000,28000,28000,28000,28000,28000,28000,28000,28000,55,0,4500.0,6738.386189093051,744.3686000769958,28315.172199974768,261017.2
1789532679,40,GET,/api/find-carparks,1.300000,0.000000,21000,25000,27000,27000,30000,30000,30000,30000,30000,30000,30000,250,0,7500.0,9403.22585120378,3206.553200026974,30163.136099930853,537.8
1789532679,40,,Aggregated,1.600000,0.000000,25000,26000,27000,27000,30000,30000,30000,30000,30000,30000,30000,305,0,7100.0,8922.680994101845,744.3686000769958,30163.136099930853,47509.495081967216
1789532680,40,GET,/api/annotate-carpark,0.400000,0.000000,25000,25000,26000,26000,28000,28000,28000,28000,28000,28000,28000,57,0,4500.0,6858.364810527858,744.3686000769958,28315.172199974768,261516.8245614035
1789532680,40,GET,/api/find-carparks,1.500000,0.000000,21000,25000,27000,27000,30000,30000,30000,30000,30000,30000,30000,251,0,7500.0,9412.00674980493,3206.553200026974,30163.136099930853,537.7768924302788
1789532680,40,,Aggregated,1.900000,0.000000,21000,25000,26000,27000,30000,30000,30000,30000,30000,30000,30000,308,0,7200.0,8939.417170133524,744.3686000769958,30163.136099930853,48835.8474025974
1789532681,40,GET,/api/annotate-carpark,0.500000,0.000000,15000,25000,26000,26000,28000,28000,28000,28000,28000,28000,28000,58,0,4500.0,6891.543441379828,744.3686000769958,28315.172199974768,261354.43103448275
1789532681,40,GET,/api/find-carparks,1.200000,0.000000,23000,25000,30000,30000,30000,34000,34000,34000,34000,34000,34000,254,0,7600.0,9588.958991342224,3206.553200026974,34295.736699947156,537.7401574803149
1789532681,40,,Aggregated,1.700000,0.000000,16000,25000,27000,28000,30000,34000,34000,34000,34000,34000,34000,312,0,7200.0,9087.516357054343,744.3686000769958,34295.736699947156,49022.894230769234
1789532682,40,GET,/api/annotate-carpark,0.500000,0.000000,25000,26000,28000,28000,34000,34000,34000,34000,34000,34000,34000,59,0,4500.0,7353.378255932465,744.3686000769958,34139.797499985434,261222.83050847458
1789532682,40,GET,/api/find-carparks,1.200000,0.000000,23000,25000,30000,30000,32000,34000,34000,34000,34000,34000,34000,255,0,7600.0,9676.184573337236,3206.553200026974,34295.736699947156,537.7137254901961
1789532682,40,,Aggregated,1.700000,0.000000,23000,25000,30000,30000,34000,34000,34000,34000,34000,34000,34000,314,0,7300.0,9239.733704780288,744.3686000769958,34295.736699947156,49519.949044585985
1789532683,40,GET,/api/annotate-carpark,0.500000,0.000000,25000,26000,28000,28000,34000,34000,34000,34000,34000,34000,34000,59,0,4500.0,7353.378255932465,744.3686000769958,34139.797499985434,261222.83050847458
1789532683,40,GET,/api/find-carparks,1.200000,0.000000,23000,30000,30000,30000,32000,34000,34000,34000,34000,34000,34000,255,0,7600.0,9676.184573337236,3206.553200026974,34295.736699947156,537.7137254901961
1789532683,40,,Aggregated,1.700000,0.000000,23000,28000,30000,30000,34000,34000,34000,34000,34000,34000,34000,314,0,7300.0,9239.733704780288,744.3686000769958,34295.736699947156,49519.949044585985
1789532684,40,GET,/api/annotate-carpark,0.500000,0.000000,25000,25000,28000,28000,34000,34000,34000,34000,34000,34000,34000,59,0,4500.0,7353.378255932465,744.3686000769958,34139.797499985434,261222.83050847458
1789532684,40,GET,/api/find-carparks,1.200000,0.000000,25000,30000,30000,32000,34000,34000,34000,34000,34000,34000,34000,255,0,7600.0,9676.184573337236,3206.553200026974,34295.736699947156,537.7137254901961
1789532684,40,,Aggregated,1.700000,0.000000,25000,28000,30000,30000,34000,34000,34000,34000,34000,34000,34000,314,0,7300.0,9239.733704780288,744.3686000769958,34295.736699947156,49519.949044585985
1789532685,40,GET,/api/annotate-carpark,0.600000,0.000000,25000,25000,28000,28000,34000,34000,34000,34000,34000,34000,34000,59,0,4500.0,7353.378255932465,744.3686000769958,34139.797499985434,261222.83050847458
1789532685,40,GET,/api/find-carparks,1.200000,0.000000,23000,24000,30000,30000,32000,34000,34000,34000,34000,34000,34000,258,0,7700.0,9739.168725197578,3206.553200026974,34295.736699947156,537.7093023255813
1789532685,40,,Aggregated,1.800000,0.000000,23000,25000,30000,30000,34000,34000,34000,34000,34000,34000,34000,317,0,7300.0,9295.125704104072,744.3686000769958,34295.736699947156,49056.39116719243
1789532686,40,GET,/api/annotate-carpark,0.600000,0.000000,12000,28000,28000,34000,34000,34000,34000,34000,34000,34000,34000,59,0,4500.0,7353.378255932465,744.3686000769958,34139.797499985434,261222.83050847458
1789532686,40,GET,/api/find-carparks,1.200000,0.000000,23000,30000,30000,32000,34000,35000,35000,35000,35000,35000,35000,260,0,7700.0,9858.546288080443,3206.553200026974,34865.709799923934,537.7153846153847
1789532686,40,,Aggregated,1.800000,0.000000,16000,24000,32000,32000,34000,35000,35000,35000,35000,35000,35000,319,0,7400.0,9395.208000002916,744.3686000769958,34865.709799923934,48752.20376175549
1789532687,40,GET,/api/annotate-carpark,0.600000,0.000000,12000,28000,28000,34000,34000,34000,34000,34000,34000,34000,34000,59,0,4500.0,7353.378255932465,744.3686000769958,34139.797499985434,261222.83050847458
1789532687,40,GET,/api/find-carparks,1.100000,0.000000,23000,24000,32000,32000,34000,35000,35000,35000,35000,35000,35000,261,0,7800.0,9939.71938084654,3206.553200026974,34865.709799923934,537.7203065134099
1789532687,40,,Aggregated,1.700000,0.000000,16000,24000,32000,32000,34000,35000,35000,35000,35000,35000,35000,320,0,7400.0,9462.862735940507,744.3686000769958,34865.709799923934,48601.5375
1789532688,40,GET,/api/annotate-carpark,0.600000,0.000000,12000,12000,34000,34000,34000,34000,34000,34000,34000,34000,34000,59,0,4500.0,7353.378255932465,744.3686000769958,34139.797499985434,261222.83050847458
1789532688,40,GET,/api/find-carparks,1.100000,0.000000,23000,31000,32000,32000,34000,35000,35000,35000,35000,35000,35000,261,0,7800.0,9939.71938084654,3206.553200026974,34865.709799923934,537.7203065134099
1789532688,40,,Aggregated,1.700000,0.000000,16000,24000,32000,34000,34000,35000,35000,35000,35000,35000,35000,320,0,7400.0,9462.862735940507,744.3686000769958,34865.709799923934,48601.5375
1789532689,40,GET,/api/annotate-carpark,0.600000,0.000000,34000,34000,34000,34000,34000,34000,34000,34000,34000,34000,34000,59,0,4500.0,7353.378255932465,744.3686000769958,34139.797499985434,261222.83050847458
1789532689,40,GET,/api/find-carparks,1.400000,0.000000,24000,24000,32000,32000,34000,35000,35000,35000,35000,35000,35000,263,0,7800.0,10000.759695821262,3206.553200026974,34865.709799923934,537.7376425855514
1789532689,40,,Aggregated,2.000000,0.000000,24000,31000,32000,34000,34000,35000,35000,35000,35000,35000,35000,322,0,7400.0,9515.680487891326,744.3686000769958,34865.709799923934,48303.01863354037
1789532690,40,GET,/api/annotate-carpark,0.500000,0.000000,34000,34000,34000,34000,34000,34000,34000,34000,34000,34000,34000,59,0,4500.0,7353.378255932465,744.3686000769958,34139.797499985434,261222.83050847458
1789532690,40,GET,/api/find-carparks,1.200000,0.000000,17000,24000,31000,32000,35000,35000,35000,35000,35000,35000,35000,266,0,7800.0,10112.311503763269,3206.553200026974,35000.40020002052,537.7443609022556
1789532690,40,,Aggregated,1.700000,0.000000,24000,31000,32000,34000,35000,35000,35000,35000,35000,35000,35000,325,0,7500.0,9611.459006464753,744.3686000769958,35000.40020002052,47862.11384615384
1789532691,40,GET,/api/annotate-carpark,0.400000,0.000000,34000,34000,34000,34000,34000,34000,34000,34000,34000,34000,34000,60,0,4500.0,7765.5312433334375,744.3686000769958,34139.797499985434,261334.1
1789532691,40,GET,/api/find-carparks,1.200000,0.000000,24000,31000,31000,32000,35000,35000,35000,35000,35000,35000,35000,267,0,7900.0,10192.094617232433,3206.553200026974,35000.40020002052,537.7602996254682
1789532691,40,,Aggregated,1.600000,0.000000,24000,31000,32000,32000,35000,35000,35000,35000,35000,35000,35000,327,0,7500.0,9746.85363119592,744.3686000769958,35000.40020002052,48390.299694189605
1789532692,40,GET,/api/annotate-carpark,0.400000,0.000000,34000,34000,34000,34000,34000,34000,34000,34000,34000,34000,34000,60,0,4500.0,7765.5312433334375,744.3686000769958,34139.797499985434,261334.1
1789532692,40,GET,/api/find-carparks,1.200000,0.000000,24000,24000,31000,31000,35000,35000,35000,35000,35000,35000,35000,267,0,7900.0,10192.094617232433,3206.553200026974,35000.40020002052,537.7602996254682
1789532692,40,,Aggregated,1.600000,0.000000,24000,31000,31000,32000,35000,35000,35000,35000,35000,35000,35000,327,0,7500.0,9746.85363119592,744.3686000769958,35000.40020002052,48390.299694189605
1789532693,40,GET,/api/annotate-carpark,0.200000,0.000000,34000,34000,34000,34000,34000,34000,34000,34000,34000,34000,34000,60,0,4500.0,7765.5312433334375,744.3686000769958,34139.797499985434,261334.1
1789532693,40,GET,/api/find-carparks,1.400000,0.000000,24000,24000,31000,31000,35000,35000,35000,35000,35000,35000,35000,268,0,7900.0,10243.998783958968,3206.553200026974,35000.40020002052,537.7835820895523
1789532693,40,,Aggregated,1.600000,0.000000,24000,31000,31000,32000,35000,35000,35000,35000,35000,35000,35000,328,0,7500.0,9790.620575307956,744.3686000769958,35000.40020002052,48244.42682926829
1789532694,40,GET,/api/annotate-carpark,0.200000,0.000000,34000,34000,34000,34000,34000,34000,34000,34000,34000,34000,34000,60,0,4500.0,7765.5312433334375,744.3686000769958,34139.797499985434,261334.1
1789532694,40,GET,/api/find-carparks,1.400000,0.000000,18000,24000,31000,31000,35000,35000,35000,35000,35000,35000,35000,271,0,8000.0,10287.03642361952,3206.553200026974,35000.40020002052,537.7822878228782
1789532694,40,,Aggregated,1.600000,0.000000,18000,24000,31000,32000,35000,35000,35000,35000,35000,35000,35000,331,0,7600.0,9829.965998190019,744.3686000769958,35000.40020002052,47812.03927492447
1789532695,40,GET,/api/annotate-carpark,0.100000,0.000000,32000,32000,32000,32000,32000,32000,32000,32000,32000,32000,32000,61,0,4900.0,7842.9102081973415,744.3686000769958,34139.797499985434,261588.59016393442
1789532695,40,GET,/api/find-carparks,1.200000,0.000000,24000,31000,31000,32000,35000,36000,36000,36000,36000,36000,36000,273,0,8000.0,10458.049258244933,3206.553200026974,35543.766299961135,537.7875457875458
1789532695,40,,Aggregated,1.300000,0.000000,24000,31000,32000,32000,35000,36000,36000,36000,36000,36000,36000,334,0,7600.0,9980.434042517678,744.3686000769958,35543.766299961135,48214.73053892216
1789532696,40,GET,/api/annotate-carpark,0.100000,0.000000,32000,32000,32000,32000,32000,32000,32000,32000,32000,32000,32000,62,0,4900.0,8227.437043549387,744.3686000769958,34139.797499985434,262185.6612903226
1789532696,40,GET,/api/find-carparks,1.600000,0.000000,24000,31000,31000,32000,35000,36000,36000,36000,36000,36000,36000,273,0,8000.0,10458.049258244933,3206.553200026974,35543.766299961135,537.7875457875458
1789532696,40,,Aggregated,1.700000,0.000000,24000,31000,32000,32000,35000,36000,36000,36000,36000,36000,36000,335,0,7700.0,10045.219534928146,744.3686000769958,35543.766299961135,48962.17014925373
1789532697,40,GET,/api/annotate-carpark,0.200000,0.000000,32000,32000,32000,32000,32000,32000,32000,32000,32000,32000,32000,62,0,4900.0,8227.437043549387,744.3686000769958,34139.797499985434,262185.6612903226
1789532697,40,GET,/api/find-carparks,1.500000,0.000000,24000,24000,31000,32000,35000,36000,36000,36000,36000,36000,36000,274,0,8000.0,10506.731882484895,3206.553200026974,35543.766299961135,537.8065693430657
1789532697,40,,Aggregated,1.700000,0.000000,24000,31000,32000,32000,35000,36000,36000,36000,36000,36000,36000,336,0,7700.0,10086.147715776557,744.3686000769958,35543.766299961135,48818.06547619047
1789532698,40,GET,/api/annotate-carpark,0.200000,0.000000,32000,32000,32000,32000,32000,32000,32000,32000,32000,32000,32000,62,0,4900.0,8227.437043549387,744.3686000769958,34139.797499985434,262185.6612903226
1789532698,40,GET,/api/find-carparks,1.300000,0.000000,19000,24000,31000,32000,35000,36000,36000,36000,36000,36000,36000,276,0,8000.0,10542.819598191114,3206.553200026974,35543.766299961135,537.7934782608696
1789532698,40,,Aggregated,1.500000,0.000000,24000,31000,32000,32000,35000,36000,36000,36000,36000,36000,36000,338,0,7700.0,10118.10445503198,744.3686000769958,35543.766299961135,48532.37278106509
1789532699,40,GET,/api/annotate-carpark,0.300000,0.000000,32000,32000,32000,32000,32000,32000,32000,32000,32000,32000,32000,62,0,4900.0,8227.437043549387,744.3686000769958,34139.797499985434,262185.6612903226
1789532699,40,GET,/api/find-carparks,1.200000,0.000000,24000,24000,32000,32000,33000,36000,36000,36000,36000,36000,36000,278,0,8100.0,10642.781312952216,3206.553200026974,35543.766299961135,537.7841726618705
1789532699,40,,Aggregated,1.500000,0.000000,24000,31000,32000,32000,33000,36000,36000,36000,36000,36000,36000,340,0,7800.0,10202.336181472878,744.3686000769958,35543.766299961135,48250.044117647056
1789532700,40,GET,/api/annotate-carpark,0.300000,0.000000,32000,32000,32000,32000,32000,32000,32000,32000,32000,32000,32000,63,0,5000.0,8291.557806351828,744.3686000769958,34139.797499985434,262103.50793650793
1789532700,40,GET,/api/find-carparks,1.200000,0.000000,24000,24000,32000,32000,33000,36000,36000,36000,36000,36000,36000,278,0,8100.0,10642.781312952216,3206.553200026974,35543.766299961135,537.7841726618705
1789532700,40,,Aggregated,1.500000,0.000000,24000,31000,32000,32000,33000,36000,36000,36000,36000,36000,36000,341,0,7800.0,10208.391046336896,744.3686000769958,35543.766299961135,48862.24340175953
1789532701,40,GET,/api/annotate-carpark,0.300000,0.000000,32000,32000,32000,32000,32000,32000,32000,32000,32000,32000,32000,63,0,5000.0,8291.557806351828,744.3686000769958,34139.797499985434,262103.50793650793
1789532701,40,GET,/api/find-carparks,1.300000,0.000000,24000,24000,32000,32000,33000,36000,36000,36000,36000,36000,36000,279,0,8100.0,10715.890165952478,3206.553200026974,35543.766299961135,537.7598566308244
1789532701,40,,Aggregated,1.600000,0.000000,19000,24000,32000,32000,33000,36000,36000,36000,36000,36000,36000,342,0,7800.0,10269.302626026043,744.3686000769958,35543.766299961135,48720.92397660819
1789532702,40,GET,/api/annotate-carpark,0.300000,0.000000,12000,12000,32000,32000,32000,32000,32000,32000,32000,32000,32000,63,0,5000.0,8291.557806351828,744.3686000769958,34139.797499985434,262103.50793650793
1789532702,40,GET,/api/find-carparks,1.400000,0.000000,24000,24000,31000,32000,33000,36000,36000,36000,36000,36000,36000,280,0,8100.0,10763.015288216828,3206.553200026974,35543.766299961135,537.7857142857143
1789532702,40,,Aggregated,1.700000,0.000000,24000,24000,32000,32000,33000,36000,36000,36000,36000,36000,36000,343,0,7800.0,10309.074118078357,744.3686000769958,35543.766299961135,48580.4693877551
1789532703,40,GET,/api/annotate-carpark,0.400000,0.000000,12000,12000,32000,32000,32000,32000,32000,32000,32000,32000,32000,63,0,5000.0,8291.557806351828,744.3686000769958,34139.797499985434,262103.50793650793
1789532703,40,GET,/api/find-carparks,1.200000,0.000000,24000,31000,32000,32000,33000,36000,36000,36000,36000,36000,36000,283,0,8200.0,10867.292445231978,3206.553200026974,35543.766299961135,537.7950530035336
1789532703,40,,Aggregated,1.600000,0.000000,24000,31000,32000,32000,33000,36000,36000,36000,36000,36000,36000,346,0,7900.0,10398.300300002356,744.3686000769958,35543.766299961135,48163.92196531792
1789532704,40,GET,/api/annotate-carpark,0.300000,0.000000,12000,12000,32000,32000,32000,32000,32000,32000,32000,32000,32000,63,0,5000.0,8291.557806351828,744.3686000769958,34139.797499985434,262103.50793650793
1789532704,40,GET,/api/find-carparks,1.300000,0.000000,24000,24000,32000,32000,33000,36000,36000,36000,36000,36000,36000,284,0,8200.0,10873.54645281899,3206.553200026974,35543.766299961135,537.8098591549295
1789532704,40,,Aggregated,1.600000,0.000000,24000,31000,32000,32000,33000,36000,36000,36000,36000,36000,36000,347,0,7900.0,10404.770416140513,744.3686000769958,35543.766299961135,48026.68299711816
1789532705,40,GET,/api/annotate-carpark,0.300000,0.000000,32000,32000,32000,32000,32000,32000,32000,32000,32000,32000,32000,63,0,5000.0,8291.557806351828,744.3686000769958,34139.797499985434,262103.50793650793
1789532705,40,GET,/api/find-carparks,1.300000,0.000000,24000,31000,31000,32000,33000,36000,36000,36000,36000,36000,36000,285,0,8200.0,10945.6199185984,3206.553200026974,35543.766299961135,537.8
1789532705,40,,Aggregated,1.600000,0.000000,24000,31000,31000,32000,32000,33000,33000,33000,33000,33000,33000,348,0,7900.0,10465.14315689859,744.3686000769958,35543.766299961135,47890.21264367816
1789532706,40,GET,/api/annotate-carpark,0.300000,0.000000,32000,32000,32000,32000,32000,32000,32000,32000,32000,32000,32000,63,0,5000.0,8291.557806351828,744.3686000769958,34139.797499985434,262103.50793650793
1789532706,40,GET,/api/find-carparks,1.600000,0.000000,24000,27000,31000,31000,32000,33000,33000,33000,33000,33000,33000,286,0,8200.0,11000.527673778271,3206.553200026974,35543.766299961135,537.7937062937064
1789532706,40,,Aggregated,1.900000,0.000000,24000,27000,31000,31000,32000,33000,33000,33000,33000,33000,33000,349,0,8000.0,10511.51592120559,744.3686000769958,35543.766299961135,47754.52722063037
1789532707,40,GET,/api/annotate-carpark,0.200000,0.000000,12000,12000,12000,12000,12000,12000,12000,12000,12000,12000,12000,63,0,5000.0,8291.557806351828,744.3686000769958,34139.797499985434,262103.50793650793
1789532707,40,GET,/api/find-carparks,1.300000,0.000000,19000,27000,31000,32000,32000,33000,33000,33000,33000,33000,33000,289,0,8300.0,11103.110005192872,3206.553200026974,35543.766299961135,537.795847750865
1789532707,40,,Aggregated,1.500000,0.000000,19000,27000,31000,31000,32000,33000,33000,33000,33000,33000,33000,352,0,8000.0,10599.906060513935,744.3686000769958,35543.766299961135,47352.11363636364
1789532708,40,GET,/api/annotate-carpark,0.200000,0.000000,12000,12000,12000,12000,12000,12000,12000,12000,12000,12000,12000,63,0,5000.0,8291.557806351828,744.3686000769958,34139.797499985434,262103.50793650793
1789532708,40,GET,/api/find-carparks,1.300000,0.000000,24000,27000,31000,31000,32000,32000,32000,32000,32000,32000,32000,289,0,8300.0,11103.110005192872,3206.553200026974,35543.766299961135,537.795847750865
1789532708,40,,Aggregated,1.500000,0.000000,19000,27000,31000,31000,32000,32000,32000,32000,32000,32000,32000,352,0,8000.0,10599.906060513935,744.3686000769958,35543.766299961135,47352.11363636364
1789532709,40,GET,/api/annotate-carpark,0.100000,0.000000,12000,12000,12000,12000,12000,12000,12000,12000,12000,12000,12000,63,0,5000.0,8291.557806351828,744.3686000769958,34139.797499985434,262103.50793650793
1789532709,40,GET,/api/find-carparks,1.500000,0.000000,24000,31000,31000,32000,32000,35000,35000,35000,35000,35000,35000,291,0,8400.0,11190.63199244246,3206.553200026974,35543.766299961135,537.807560137457
1789532709,40,,Aggregated,1.600000,0.000000,24000,31000,31000,32000,32000,35000,35000,35000,35000,35000,35000,354,0,8000.0,10674.69506101955,744.3686000769958,35543.766299961135,47087.63559322034
1789532710,40,GET,/api/annotate-carpark,0.100000,0.000000,32000,32000,32000,32000,32000,32000,32000,32000,32000,32000,32000,64,0,5000.0,8662.226453127005,744.3686000769958,34139.797499985434,261947.171875
1789532710,40,GET,/api/find-carparks,1.500000,0.000000,24000,28000,31000,32000,32000,35000,35000,35000,35000,35000,35000,292,0,8400.0,11247.862725687286,3206.553200026974,35543.766299961135,537.7808219178082
1789532710,40,,Aggregated,1.600000,0.000000,27000,31000,32000,32000,32000,35000,35000,35000,35000,35000,35000,356,0,8000.0,10783.029238485438,744.3686000769958,35543.766299961135,47532.72752808989
1789532711,40,GET,/api/annotate-carpark,0.100000,0.000000,32000,32000,32000,32000,32000,32000,32000,32000,32000,32000,32000,64,0,5000.0,8662.226453127005,744.3686000769958,34139.797499985434,261947.171875
1789532711,40,GET,/api/find-carparks,1.500000,0.000000,27000,31000,31000,32000,32000,35000,35000,35000,35000,35000,35000,294,0,8400.0,11345.433812927404,3206.553200026974,35543.766299961135,537.7857142857143
1789532711,40,,Aggregated,1.600000,0.000000,27000,31000,32000,32000,32000,35000,35000,35000,35000,35000,35000,358,0,8100.0,10865.754284918394,744.3686000769958,35543.766299961135,47270.18994413408
